{"type":"FeatureCollection","name":"ccourts","crs":null,"generated_at":"2026-09-22T02:52:37.794473+00:00","features":[{"type":"Feature","properties":{"NAME":"NINTH CIRCUIT","CHIEF_JUDGE":"","ACTIVE_JUDGES":29,"SENIOR_ELIGIBLE_JUDGES":7,"VACANCIES":0,"DEMJUDGES":16,"GOPJUDGES":13,"PARTISANSHIP":1,"DEMRETIRING":0,"GOPRETIRING":0},"geometry":{"type":"MultiPolygon","coordinates":[[[[144.9259,13.6006],[144.9055,13.607],[144.8994,13.622],[144.8682,13.6526],[144.8517,13.6483],[144.8367,13.6241],[144.836,13.5912],[144.8021,13.5358],[144.8049,13.5155],[144.7984,13.507],[144.7743,13.5064],[144.7694,13.4811],[144.7245,13.4781],[144.7028,13.4685],[144.6754,13.4631],[144.6383,13.4648],[144.6181,13.4478],[144.6555,13.4146],[144.6631,13.399],[144.6519,13.3782],[144.6388,13.3388],[144.6615,13.2964],[144.6619,13.2714],[144.6773,13.2546],[144.7062,13.2463],[144.7325,13.2528],[144.7454,13.2708],[144.7574,13.2777],[144.7721,13.3025],[144.7702,13.3664],[144.7852,13.4109],[144.7839,13.4216],[144.8051,13.4264],[144.8506,13.4633],[144.8709,13.4861],[144.8867,13.4923],[144.8918,13.5063],[144.9267,13.5221],[144.9402,13.5526],[144.9403,13.5681],[144.9504,13.579],[144.9561,13.5994],[144.9259,13.6006]]],[[[145.2843,14.1754],[145.2882,14.1924],[145.2413,14.2002],[145.203,14.1771],[145.1738,14.167],[145.1597,14.1681],[145.1456,14.1517],[145.1442,14.1396],[145.1646,14.1302],[145.1699,14.1106],[145.1841,14.1162],[145.2125,14.1153],[145.231,14.1317],[145.2423,14.1521],[145.2671,14.1518],[145.2833,14.1607],[145.2843,14.1754]]],[[[145.5772,14.8649],[145.5406,14.8528],[145.5394,14.8418],[145.5628,14.8439],[145.5772,14.8649]]],[[[145.6475,15.0397],[145.6592,15.058],[145.6573,15.0819],[145.6431,15.1004],[145.6028,15.0585],[145.5821,15.0185],[145.5904,14.9906],[145.6052,14.9922],[145.6122,14.9694],[145.6263,14.9615],[145.6321,14.9251],[145.6453,14.9264],[145.6599,14.9488],[145.6738,15.0065],[145.6573,15.0189],[145.6475,15.0397]]],[[[145.8165,15.2863],[145.7959,15.2766],[145.7772,15.253],[145.7556,15.2436],[145.7255,15.2171],[145.7156,15.2173],[145.7167,15.1947],[145.6907,15.119],[145.7071,15.1101],[145.7387,15.1059],[145.7513,15.0952],[145.757,15.1215],[145.741,15.139],[145.7513,15.1603],[145.7675,15.1617],[145.7746,15.1515],[145.7971,15.1649],[145.7781,15.1894],[145.7785,15.21],[145.8102,15.2407],[145.8102,15.2572],[145.8242,15.259],[145.8299,15.2732],[145.8165,15.2863]]],[[[145.6602,16.3696],[145.6371,16.3698],[145.6331,16.3505],[145.6465,16.3319],[145.6569,16.3354],[145.7032,16.3331],[145.7153,16.3373],[145.723,16.3593],[145.7007,16.3697],[145.6602,16.3696]]],[[[145.7847,16.6904],[145.7902,16.7035],[145.7816,16.7178],[145.7665,16.7039],[145.7847,16.6904]]],[[[145.8391,17.5795],[145.8512,17.6018],[145.8389,17.6196],[145.8224,17.618],[145.8158,17.5918],[145.8391,17.5795]]],[[[145.787,18.1669],[145.7692,18.1669],[145.7558,18.1561],[145.7621,18.1349],[145.7562,18.0998],[145.7381,18.0852],[145.717,18.0758],[145.7111,18.0446],[145.7292,18.0498],[145.7674,18.103],[145.7983,18.1084],[145.8095,18.1323],[145.8065,18.1571],[145.787,18.1669]]],[[[145.6655,18.809],[145.6567,18.8126],[145.6411,18.7952],[145.6357,18.7756],[145.6503,18.7413],[145.6674,18.7251],[145.6764,18.7377],[145.6906,18.7404],[145.6993,18.7597],[145.6966,18.7895],[145.6775,18.8077],[145.6655,18.809]]],[[[145.4006,19.6754],[145.4165,19.6874],[145.4139,19.7011],[145.3974,19.7065],[145.3875,19.6913],[145.4006,19.6754]]],[[[-155.8515,20.2688],[-155.8776,20.2621],[-155.8994,20.2301],[-155.9049,20.1972],[-155.9013,20.1646],[-155.8842,20.1068],[-155.8669,20.0787],[-155.8231,20.0276],[-155.8324,19.9739],[-155.859,19.9629],[-155.8633,19.9522],[-155.8907,19.9286],[-155.9067,19.888],[-155.9233,19.8705],[-155.9221,19.8572],[-155.9371,19.8496],[-155.9614,19.8523],[-155.9796,19.8432],[-156.0281,19.792],[-156.0461,19.7833],[-156.0531,19.7367],[-156.0615,19.728],[-156.0495,19.7144],[-156.048,19.6989],[-156.0269,19.6762],[-156.0325,19.656],[-156.0008,19.6372],[-155.9782,19.6082],[-155.9687,19.5694],[-155.957,19.5345],[-155.9602,19.5202],[-155.9482,19.4955],[-155.9504,19.4867],[-155.9241,19.4814],[-155.9278,19.4588],[-155.9214,19.4359],[-155.9049,19.4103],[-155.9109,19.3965],[-155.8988,19.378],[-155.8867,19.3456],[-155.8887,19.289],[-155.9006,19.2475],[-155.9103,19.1512],[-155.9182,19.1344],[-155.9183,19.1148],[-155.9068,19.0799],[-155.8833,19.0521],[-155.8796,19.0335],[-155.8505,19.0194],[-155.801,19.0101],[-155.7592,18.9773],[-155.7236,18.9664],[-155.684,18.9342],[-155.6828,18.9104],[-155.6548,18.9225],[-155.6274,18.9481],[-155.6196,18.9677],[-155.5992,18.9684],[-155.5937,18.9953],[-155.5759,19.0237],[-155.5652,19.0287],[-155.5518,19.0517],[-155.5549,19.0778],[-155.5259,19.1115],[-155.5097,19.1216],[-155.5013,19.1349],[-155.4501,19.1491],[-155.4147,19.1848],[-155.3992,19.1883],[-155.3458,19.215],[-155.334,19.2349],[-155.3159,19.243],[-155.2933,19.2639],[-155.2625,19.2712],[-155.2329,19.2626],[-155.1919,19.2561],[-155.1847,19.2633],[-155.1571,19.2653],[-155.1299,19.274],[-155.0712,19.3117],[-155.0486,19.3143],[-154.9719,19.3499],[-154.9656,19.3583],[-154.9092,19.4065],[-154.8892,19.4156],[-154.8352,19.4617],[-154.8203,19.4789],[-154.8068,19.516],[-154.8114,19.5268],[-154.8501,19.5465],[-154.9026,19.5684],[-154.926,19.5916],[-154.9471,19.6049],[-154.9453,19.6223],[-154.96,19.6236],[-154.9796,19.6379],[-154.9826,19.6731],[-154.9781,19.689],[-154.993,19.7235],[-155.0035,19.7363],[-155.0211,19.7333],[-155.0411,19.7387],[-155.0608,19.7263],[-155.082,19.7239],[-155.09,19.7346],[-155.0861,19.7835],[-155.0926,19.8093],[-155.0823,19.8359],[-155.0922,19.865],[-155.1076,19.8725],[-155.1237,19.899],[-155.1444,19.9205],[-155.2045,19.9694],[-155.248,19.9951],[-155.2809,20.0198],[-155.2985,20.0242],[-155.4378,20.0927],[-155.4969,20.1122],[-155.5168,20.1152],[-155.5561,20.1292],[-155.5891,20.1192],[-155.6078,20.138],[-155.6343,20.1444],[-155.6517,20.1654],[-155.6853,20.1793],[-155.7249,20.2016],[-155.731,20.22],[-155.7572,20.2388],[-155.7743,20.243],[-155.8382,20.2686],[-155.8515,20.2688]]],[[[-156.5541,20.5369],[-156.548,20.5649],[-156.539,20.5762],[-156.5536,20.5947],[-156.5684,20.6031],[-156.5881,20.6002],[-156.6087,20.5901],[-156.6457,20.5635],[-156.6775,20.555],[-156.701,20.5248],[-156.6795,20.5034],[-156.6663,20.5009],[-156.6461,20.5159],[-156.6403,20.505],[-156.6106,20.5165],[-156.5874,20.5084],[-156.5674,20.5161],[-156.5452,20.512],[-156.5318,20.5283],[-156.5541,20.5369]]],[[[-156.9523,20.9229],[-156.987,20.9288],[-157.0355,20.9224],[-157.0564,20.9105],[-157.0611,20.8906],[-157.0497,20.8702],[-157.0063,20.8496],[-156.9879,20.8174],[-156.9922,20.7872],[-156.9819,20.7535],[-156.9634,20.7319],[-156.938,20.7365],[-156.8904,20.735],[-156.8666,20.7516],[-156.8427,20.7576],[-156.8299,20.7669],[-156.8062,20.8066],[-156.8059,20.8217],[-156.8288,20.8559],[-156.8826,20.9045],[-156.9153,20.9197],[-156.9523,20.9229]]],[[[-156.5937,21.031],[-156.6081,21.0247],[-156.6411,21.0233],[-156.6503,21.0053],[-156.6632,21.0043],[-156.6923,20.9471],[-156.6974,20.9164],[-156.6851,20.9022],[-156.6854,20.8872],[-156.6736,20.8613],[-156.6184,20.8076],[-156.6082,20.8097],[-156.5837,20.795],[-156.5665,20.7924],[-156.5377,20.7746],[-156.526,20.776],[-156.5062,20.7951],[-156.4739,20.7904],[-156.4613,20.7785],[-156.4564,20.7357],[-156.4482,20.7221],[-156.4428,20.6473],[-156.4537,20.637],[-156.4393,20.6213],[-156.4407,20.6043],[-156.4123,20.5829],[-156.3738,20.5749],[-156.3231,20.585],[-156.2996,20.5831],[-156.2341,20.611],[-156.2133,20.6231],[-156.1913,20.6285],[-156.1769,20.6226],[-156.1544,20.6263],[-156.139,20.6181],[-156.1108,20.6397],[-156.0788,20.6511],[-156.0647,20.6465],[-156.0466,20.6526],[-156.0285,20.6793],[-156.0128,20.6821],[-155.9876,20.7082],[-155.9834,20.7218],[-155.9851,20.7735],[-156.0084,20.7968],[-156.0546,20.808],[-156.0879,20.8288],[-156.1088,20.8246],[-156.1274,20.8411],[-156.1304,20.8595],[-156.1442,20.8581],[-156.1668,20.8656],[-156.2267,20.9153],[-156.2274,20.9287],[-156.2403,20.9359],[-156.2821,20.9456],[-156.307,20.9398],[-156.3218,20.9471],[-156.3693,20.9293],[-156.3837,20.916],[-156.4253,20.9098],[-156.4498,20.8971],[-156.4797,20.8981],[-156.4964,20.9309],[-156.5252,20.9643],[-156.5357,20.985],[-156.5601,21.0139],[-156.5835,21.0186],[-156.5937,21.031]]],[[[-157.244,21.2196],[-157.2503,21.2077],[-157.2514,21.1778],[-157.2911,21.143],[-157.3009,21.1146],[-157.3108,21.1016],[-157.2989,21.0934],[-157.2525,21.0877],[-157.1574,21.0928],[-157.1491,21.0915],[-157.0956,21.1036],[-157.034,21.0943],[-157.0294,21.0878],[-156.9485,21.0634],[-156.9005,21.0544],[-156.8745,21.0455],[-156.8578,21.0557],[-156.836,21.0539],[-156.8171,21.0654],[-156.8022,21.0671],[-156.736,21.1141],[-156.7124,21.144],[-156.7091,21.1587],[-156.7357,21.1595],[-156.7391,21.1735],[-156.7702,21.1762],[-156.7961,21.1689],[-156.8039,21.1752],[-156.8659,21.1614],[-156.885,21.1686],[-156.8962,21.1633],[-156.9439,21.173],[-156.9629,21.2121],[-156.9824,21.2078],[-156.9854,21.1859],[-156.9982,21.1792],[-157.0432,21.1883],[-157.0601,21.1858],[-157.0928,21.1949],[-157.1298,21.1995],[-157.1564,21.1988],[-157.1868,21.2033],[-157.1965,21.2142],[-157.244,21.2196]]],[[[-157.9807,21.7111],[-158.0093,21.7003],[-158.0623,21.6554],[-158.0651,21.6391],[-158.1067,21.603],[-158.1228,21.5835],[-158.1544,21.5808],[-158.2348,21.5819],[-158.2776,21.577],[-158.2507,21.5574],[-158.2315,21.5372],[-158.2291,21.525],[-158.2312,21.4827],[-158.2037,21.4579],[-158.1796,21.4286],[-158.173,21.3986],[-158.1621,21.3959],[-158.1411,21.3764],[-158.1298,21.3551],[-158.1283,21.3407],[-158.1127,21.3019],[-158.1029,21.2957],[-158.0503,21.3011],[-157.9783,21.3159],[-157.9653,21.3275],[-157.9472,21.3155],[-157.9472,21.3038],[-157.9067,21.3033],[-157.8867,21.3066],[-157.846,21.2817],[-157.8232,21.2714],[-157.8149,21.2561],[-157.7959,21.2572],[-157.7644,21.2752],[-157.7194,21.2844],[-157.7095,21.2775],[-157.7093,21.2597],[-157.6915,21.2643],[-157.6858,21.2758],[-157.651,21.2988],[-157.6594,21.3102],[-157.6938,21.3329],[-157.709,21.3603],[-157.7059,21.3803],[-157.7159,21.3933],[-157.7339,21.4006],[-157.7437,21.4225],[-157.7358,21.4317],[-157.73,21.4603],[-157.745,21.4535],[-157.7627,21.4596],[-157.7789,21.4464],[-157.7631,21.4378],[-157.7781,21.4118],[-157.8052,21.4352],[-157.8166,21.4546],[-157.8381,21.4567],[-157.8493,21.4875],[-157.8506,21.5063],[-157.8348,21.509],[-157.8345,21.5269],[-157.8557,21.5582],[-157.8757,21.5598],[-157.8742,21.573],[-157.8856,21.5812],[-157.9006,21.6059],[-157.9194,21.6263],[-157.9168,21.6474],[-157.9282,21.6538],[-157.9379,21.6769],[-157.9674,21.7104],[-157.9807,21.7111]]],[[[-160.087,22.0029],[-160.1118,21.9936],[-160.1146,21.9749],[-160.1255,21.9537],[-160.1367,21.9458],[-160.187,21.9249],[-160.2025,21.907],[-160.2254,21.89],[-160.233,21.8629],[-160.2452,21.8472],[-160.2475,21.8148],[-160.2306,21.7905],[-160.2036,21.7792],[-160.1918,21.8143],[-160.159,21.8653],[-160.0749,21.8948],[-160.083,21.9279],[-160.0763,21.9546],[-160.053,21.9923],[-160.0702,22.0033],[-160.087,22.0029]]],[[[-159.3909,22.2253],[-159.4068,22.2257],[-159.429,22.2176],[-159.4543,22.2264],[-159.4651,22.2232],[-159.488,22.2295],[-159.5184,22.2112],[-159.559,22.2267],[-159.5811,22.2235],[-159.6061,22.2041],[-159.6306,22.1927],[-159.6584,22.1731],[-159.6985,22.1628],[-159.7221,22.1503],[-159.7306,22.14],[-159.7453,22.0975],[-159.7838,22.0649],[-159.7867,22.0188],[-159.7742,22.0059],[-159.7594,21.9795],[-159.7156,21.9672],[-159.7078,21.9612],[-159.6687,21.9536],[-159.6338,21.9132],[-159.6082,21.8998],[-159.5899,21.9029],[-159.5745,21.8928],[-159.5269,21.8839],[-159.5122,21.8881],[-159.4754,21.8821],[-159.4449,21.8686],[-159.3903,21.9073],[-159.3799,21.9212],[-159.3468,21.9364],[-159.3299,21.9602],[-159.3386,22.0234],[-159.3327,22.0507],[-159.3216,22.0558],[-159.3166,22.0754],[-159.2966,22.1051],[-159.2933,22.1443],[-159.3156,22.1868],[-159.34,22.2085],[-159.3909,22.2253]]],[[[-171.7371,25.7563],[-171.7256,25.7793],[-171.7436,25.7769],[-171.7371,25.7563]]],[[[-118.5958,33.0343],[-118.6105,33.0329],[-118.6103,33.0158],[-118.5934,33.0124],[-118.5804,32.9743],[-118.5564,32.947],[-118.5471,32.9119],[-118.5358,32.9063],[-118.525,32.8865],[-118.5123,32.8792],[-118.5062,32.853],[-118.4777,32.8404],[-118.4547,32.821],[-118.4394,32.8157],[-118.4318,32.8015],[-118.3918,32.8263],[-118.3542,32.8209],[-118.3735,32.8391],[-118.457,32.9009],[-118.4709,32.916],[-118.4883,32.9237],[-118.5499,32.9895],[-118.5684,33.025],[-118.5958,33.0343]]],[[[-119.5288,33.2854],[-119.5622,33.2712],[-119.566,33.2471],[-119.5462,33.2326],[-119.4703,33.2147],[-119.4389,33.2201],[-119.4348,33.2314],[-119.4606,33.2567],[-119.4892,33.2658],[-119.5288,33.2854]]],[[[-118.5988,33.4779],[-118.6012,33.4699],[-118.5635,33.4344],[-118.5117,33.4297],[-118.4888,33.4198],[-118.481,33.389],[-118.4875,33.3509],[-118.4654,33.3261],[-118.4411,33.3186],[-118.4086,33.3215],[-118.3748,33.3201],[-118.3253,33.2991],[-118.3051,33.3103],[-118.3102,33.3348],[-118.3513,33.3739],[-118.382,33.4099],[-118.4236,33.4273],[-118.4458,33.4289],[-118.4822,33.4483],[-118.5003,33.4434],[-118.5105,33.4553],[-118.5445,33.4741],[-118.5859,33.4738],[-118.5988,33.4779]]],[[[-120.0453,34.0317],[-120.0551,34.0377],[-120.0736,34.0245],[-120.1151,34.0199],[-120.1359,34.0261],[-120.1673,34.0082],[-120.1958,34.0043],[-120.2373,34.0093],[-120.2394,33.9931],[-120.2221,33.9876],[-120.1791,33.928],[-120.1218,33.8957],[-120.0908,33.9092],[-120.0497,33.9146],[-120.0392,33.9246],[-120.001,33.9416],[-119.9737,33.9425],[-119.979,33.9812],[-120.0038,33.9796],[-120.0258,33.9861],[-120.0466,34],[-120.0453,34.0317]]],[[[-120.3586,34.0502],[-120.3623,34.0731],[-120.3909,34.052],[-120.4153,34.055],[-120.4541,34.0281],[-120.4274,34.0254],[-120.4094,34.0322],[-120.3579,34.015],[-120.335,34.0208],[-120.3171,34.0188],[-120.3074,34.0296],[-120.3312,34.0491],[-120.3586,34.0502]]],[[[-119.9129,34.0775],[-119.9162,34.0584],[-119.8763,34.0321],[-119.887,34.0086],[-119.8734,33.9804],[-119.8483,33.9676],[-119.8312,33.9686],[-119.8183,33.9599],[-119.7897,33.9593],[-119.7505,33.9638],[-119.7147,33.9614],[-119.7065,33.9681],[-119.6628,33.9859],[-119.5902,33.9897],[-119.5605,33.9955],[-119.5471,34.0055],[-119.5296,34.0412],[-119.5624,34.0553],[-119.595,34.0495],[-119.6194,34.0165],[-119.6378,34.0132],[-119.6546,34.0199],[-119.6865,34.0198],[-119.7126,34.0433],[-119.7345,34.0461],[-119.7594,34.0588],[-119.8188,34.053],[-119.8573,34.0713],[-119.9129,34.0775]]],[[[-122.6775,47.1451],[-122.6739,47.1747],[-122.6958,47.189],[-122.7239,47.1765],[-122.7272,47.1607],[-122.7418,47.1551],[-122.712,47.1277],[-122.6948,47.1438],[-122.6775,47.1451]]],[[[-122.6687,47.2158],[-122.6799,47.2312],[-122.7046,47.231],[-122.7269,47.2044],[-122.6777,47.1911],[-122.6424,47.2009],[-122.6487,47.2157],[-122.6687,47.2158]]],[[[-122.6638,47.2776],[-122.6686,47.2705],[-122.6026,47.2175],[-122.5889,47.2371],[-122.6496,47.2752],[-122.6638,47.2776]]],[[[-122.4377,47.4074],[-122.43,47.4237],[-122.4431,47.4535],[-122.4334,47.4664],[-122.46,47.4869],[-122.4524,47.5035],[-122.4766,47.5111],[-122.4828,47.4831],[-122.4979,47.4759],[-122.514,47.4489],[-122.5147,47.4141],[-122.5278,47.3923],[-122.5163,47.3773],[-122.5281,47.3455],[-122.5189,47.3333],[-122.4931,47.3303],[-122.4843,47.3801],[-122.4638,47.3751],[-122.4771,47.3511],[-122.454,47.3433],[-122.4378,47.3656],[-122.3738,47.3888],[-122.3951,47.3993],[-122.4377,47.4074]]],[[[-122.5967,48.4056],[-122.6243,48.4005],[-122.6647,48.4015],[-122.6649,48.3748],[-122.6737,48.3547],[-122.7226,48.3043],[-122.732,48.2794],[-122.7526,48.2601],[-122.7701,48.2244],[-122.735,48.2],[-122.7115,48.1936],[-122.6866,48.1747],[-122.6768,48.1541],[-122.6461,48.164],[-122.6127,48.1559],[-122.6021,48.1353],[-122.5983,48.1106],[-122.614,48.0728],[-122.5949,48.0563],[-122.5967,48.0258],[-122.5818,48.0104],[-122.56,48.0065],[-122.5416,47.993],[-122.5468,47.9672],[-122.5212,47.973],[-122.5013,47.9871],[-122.4788,47.9898],[-122.4467,47.9632],[-122.4408,47.9519],[-122.4455,47.9302],[-122.4307,47.9177],[-122.3904,47.9057],[-122.3588,47.9374],[-122.3508,47.9532],[-122.3543,47.9845],[-122.3692,47.9953],[-122.3763,48.0345],[-122.4034,48.0367],[-122.4484,48.0543],[-122.4911,48.0942],[-122.5254,48.0965],[-122.5111,48.0753],[-122.5161,48.0534],[-122.5097,48.0398],[-122.518,48.0224],[-122.5367,48.0262],[-122.539,48.0502],[-122.5489,48.0537],[-122.5546,48.0774],[-122.5719,48.1021],[-122.5577,48.1179],[-122.568,48.1486],[-122.581,48.1596],[-122.5858,48.1824],[-122.6049,48.2064],[-122.6284,48.2225],[-122.693,48.2222],[-122.7212,48.2138],[-122.7283,48.2325],[-122.6772,48.2387],[-122.6587,48.2445],[-122.6527,48.2651],[-122.6259,48.2714],[-122.6185,48.2942],[-122.5749,48.2949],[-122.5583,48.2821],[-122.531,48.2825],[-122.5107,48.2936],[-122.5066,48.31],[-122.5513,48.3421],[-122.5976,48.3576],[-122.5803,48.3716],[-122.5851,48.3952],[-122.5967,48.4056]]],[[[-122.883,48.5552],[-122.9203,48.5507],[-122.9161,48.523],[-122.932,48.5175],[-122.9412,48.4981],[-122.9444,48.4579],[-122.9263,48.4606],[-122.9044,48.4462],[-122.8621,48.4396],[-122.8797,48.4264],[-122.8537,48.4198],[-122.8391,48.4317],[-122.8232,48.4207],[-122.8035,48.4302],[-122.8192,48.4602],[-122.8162,48.4878],[-122.7847,48.5102],[-122.793,48.5254],[-122.8287,48.5233],[-122.8507,48.4776],[-122.8733,48.506],[-122.8583,48.5423],[-122.883,48.5552]]],[[[-122.8109,48.5889],[-122.8311,48.5725],[-122.8273,48.5545],[-122.8077,48.5313],[-122.7722,48.5525],[-122.771,48.5631],[-122.8109,48.5889]]],[[[-122.5744,48.5386],[-122.5789,48.5481],[-122.6524,48.5834],[-122.6452,48.5609],[-122.6544,48.538],[-122.6404,48.5259],[-122.6,48.5369],[-122.5744,48.5386]]],[[[-122.9651,48.5928],[-123.007,48.5857],[-122.9808,48.568],[-122.9871,48.5571],[-122.9662,48.5491],[-122.9212,48.5623],[-122.9039,48.5757],[-122.9333,48.5809],[-122.9651,48.5928]]],[[[-122.6683,48.5659],[-122.6966,48.5881],[-122.7111,48.6093],[-122.7249,48.6033],[-122.7395,48.5739],[-122.7227,48.5645],[-122.7224,48.5406],[-122.6823,48.5453],[-122.6887,48.5568],[-122.6683,48.5659]]],[[[-123.1412,48.6204],[-123.1797,48.6221],[-123.1957,48.6078],[-123.2013,48.5875],[-123.1711,48.5758],[-123.1763,48.5624],[-123.1615,48.5482],[-123.1632,48.5301],[-123.133,48.4983],[-123.0406,48.4617],[-122.961,48.4512],[-122.9602,48.4638],[-122.9869,48.4626],[-123.0059,48.4709],[-123.0199,48.4952],[-123.0164,48.5186],[-122.992,48.5147],[-122.9721,48.5203],[-122.9698,48.5361],[-122.9952,48.5355],[-123.0164,48.5621],[-123.0357,48.5638],[-123.0747,48.5919],[-123.1005,48.599],[-123.1053,48.6226],[-123.1412,48.6204]]],[[[-123.2159,48.6899],[-123.2378,48.6839],[-123.2198,48.6707],[-123.1892,48.6608],[-123.1492,48.6691],[-123.1832,48.6843],[-123.2159,48.6899]]],[[[-122.8843,48.7121],[-122.9171,48.7137],[-122.9423,48.7021],[-122.9624,48.6836],[-122.9844,48.6748],[-123.0101,48.655],[-123.0304,48.6299],[-123.028,48.6109],[-123.0004,48.6151],[-122.9911,48.6037],[-122.9709,48.6094],[-122.993,48.6346],[-122.9839,48.6422],[-122.9561,48.6185],[-122.9476,48.5972],[-122.9264,48.5914],[-122.8842,48.5887],[-122.8619,48.6123],[-122.8814,48.638],[-122.9098,48.6539],[-122.9088,48.6706],[-122.9202,48.6861],[-122.8947,48.6946],[-122.8824,48.6852],[-122.8833,48.6604],[-122.8482,48.622],[-122.8157,48.6056],[-122.7953,48.6294],[-122.7548,48.6494],[-122.742,48.6623],[-122.7948,48.6789],[-122.8373,48.6999],[-122.8843,48.7121]]],[[[-123.0099,48.7172],[-123.0402,48.7173],[-123.0544,48.7038],[-123.029,48.6783],[-123.0051,48.6943],[-123.0099,48.7172]]],[[[-122.6803,48.7195],[-122.7031,48.7436],[-122.7223,48.7316],[-122.7188,48.7168],[-122.6918,48.7115],[-122.6736,48.6808],[-122.6353,48.6519],[-122.6101,48.6505],[-122.6182,48.6707],[-122.6449,48.6914],[-122.6652,48.6974],[-122.6803,48.7195]]],[[[-122.8972,48.7701],[-122.9185,48.767],[-122.9166,48.7521],[-122.8968,48.746],[-122.8972,48.7701]]],[[[-123.0222,48.9786],[-123.0354,49.0022],[-123.0906,49.002],[-123.084,48.9715],[-123.0222,48.9786]]],[[[-104.0487,48.9999],[-104.3049,48.9997],[-104.6474,48.9994],[-104.8755,48.999],[-105.3559,48.9994],[-105.6126,48.9997],[-106.0506,48.9992],[-106.4796,48.9994],[-106.8317,48.9998],[-107.1798,48.9999],[-107.441,48.9994],[-107.9723,48.9997],[-108.2364,48.9995],[-108.4881,48.9994],[-108.8081,48.9993],[-109.0007,48.9992],[-109.3841,49.0004],[-109.8193,48.9999],[-110.1716,48.9993],[-110.5925,48.999],[-111.0039,48.9975],[-111.5008,48.997],[-111.7616,48.9977],[-112.0009,48.9989],[-112.3656,48.9988],[-113.0099,48.9986],[-113.3569,48.9982],[-113.5761,48.9985],[-113.693,48.9976],[-114.0592,48.9989],[-114.376,49.0014],[-114.7271,49.0006],[-115.2079,48.9992],[-115.501,49.0007],[-115.9645,49.0009],[-116.5404,48.9999],[-116.7572,48.9998],[-117.1261,48.9989],[-117.6073,49.0008],[-117.8761,49.0006],[-118.1974,49.0004],[-118.5037,49.0004],[-118.8366,49.0003],[-119.1321,49.0003],[-119.4287,49.0003],[-119.8762,49.0005],[-120.0012,48.9994],[-120.3762,49.0007],[-120.7166,49.0002],[-120.979,49.0004],[-121.1263,49.0014],[-121.3956,48.9999],[-121.7513,48.9974],[-122.0984,49.0022],[-122.4078,49.0022],[-122.758,49.0024],[-122.7969,48.975],[-122.8172,48.956],[-122.8182,48.9391],[-122.7876,48.9317],[-122.7704,48.9425],[-122.7466,48.9307],[-122.7513,48.9112],[-122.7838,48.8946],[-122.7857,48.8851],[-122.7473,48.8615],[-122.7227,48.8529],[-122.7118,48.8324],[-122.7069,48.8023],[-122.6831,48.8033],[-122.6468,48.785],[-122.6475,48.774],[-122.6748,48.7374],[-122.6474,48.7176],[-122.6372,48.7357],[-122.6082,48.7628],[-122.5635,48.7785],[-122.5358,48.7761],[-122.4912,48.7424],[-122.5193,48.7172],[-122.4993,48.6979],[-122.4903,48.6712],[-122.51,48.6644],[-122.4643,48.6257],[-122.4487,48.6226],[-122.4253,48.5995],[-122.4331,48.5816],[-122.4541,48.5658],[-122.4824,48.5597],[-122.5044,48.5648],[-122.4825,48.5184],[-122.4835,48.4924],[-122.4701,48.4768],[-122.4776,48.4683],[-122.5109,48.463],[-122.5374,48.4668],[-122.5587,48.4998],[-122.5789,48.4932],[-122.5718,48.4663],[-122.5856,48.4663],[-122.6044,48.5118],[-122.6152,48.5214],[-122.6714,48.504],[-122.6845,48.5091],[-122.7029,48.492],[-122.6683,48.4863],[-122.6549,48.4541],[-122.6759,48.4365],[-122.6562,48.4078],[-122.6146,48.4138],[-122.5858,48.4257],[-122.5758,48.4451],[-122.5483,48.4455],[-122.5584,48.4268],[-122.5328,48.3767],[-122.5058,48.3594],[-122.4622,48.3519],[-122.4427,48.3379],[-122.405,48.3233],[-122.3907,48.3049],[-122.3883,48.2775],[-122.4065,48.2518],[-122.4668,48.2696],[-122.4745,48.2552],[-122.4997,48.2566],[-122.531,48.2498],[-122.5385,48.2027],[-122.5372,48.1838],[-122.5136,48.1484],[-122.512,48.1339],[-122.4868,48.121],[-122.4675,48.1304],[-122.4431,48.107],[-122.4237,48.1029],[-122.3934,48.0785],[-122.3771,48.0576],[-122.3568,48.0568],[-122.3795,48.0874],[-122.4232,48.1223],[-122.4424,48.1308],[-122.4758,48.1668],[-122.4786,48.1881],[-122.4549,48.1966],[-122.4421,48.2094],[-122.4537,48.2289],[-122.4306,48.2362],[-122.4153,48.2266],[-122.3923,48.2306],[-122.3683,48.2146],[-122.3703,48.1909],[-122.3575,48.1823],[-122.3703,48.1648],[-122.3678,48.1349],[-122.3433,48.0976],[-122.3214,48.081],[-122.28,48.0631],[-122.2744,48.0482],[-122.219,48.0203],[-122.2311,48.0088],[-122.2301,47.9709],[-122.249,47.9595],[-122.3071,47.9491],[-122.3108,47.9251],[-122.322,47.9131],[-122.3336,47.8803],[-122.3296,47.8694],[-122.34,47.8467],[-122.3533,47.8406],[-122.3815,47.8139],[-122.3957,47.8068],[-122.3945,47.7722],[-122.3803,47.7585],[-122.3732,47.7292],[-122.3857,47.7045],[-122.4035,47.6977],[-122.4097,47.6762],[-122.4299,47.6589],[-122.4147,47.6398],[-122.3702,47.6252],[-122.345,47.6091],[-122.343,47.5912],[-122.3621,47.5838],[-122.3872,47.5957],[-122.4212,47.576],[-122.3984,47.5501],[-122.3988,47.5174],[-122.3614,47.4814],[-122.3681,47.4592],[-122.3551,47.4419],[-122.348,47.4159],[-122.3352,47.4084],[-122.3272,47.3877],[-122.3248,47.3485],[-122.3369,47.3414],[-122.43,47.3197],[-122.4346,47.3075],[-122.4092,47.2886],[-122.4213,47.2703],[-122.4403,47.262],[-122.5334,47.3166],[-122.533,47.2764],[-122.5639,47.2435],[-122.5673,47.2218],[-122.5805,47.2104],[-122.5929,47.1758],[-122.6138,47.1696],[-122.6262,47.1419],[-122.6581,47.1272],[-122.6785,47.1027],[-122.7216,47.0984],[-122.7864,47.1267],[-122.7933,47.1526],[-122.8215,47.1766],[-122.8278,47.161],[-122.8632,47.1705],[-122.8393,47.2097],[-122.8525,47.2225],[-122.8684,47.2514],[-122.8684,47.2803],[-122.8475,47.297],[-122.843,47.3131],[-122.8209,47.3423],[-122.8329,47.3764],[-122.817,47.3777],[-122.8074,47.3587],[-122.7892,47.3615],[-122.7952,47.3218],[-122.7895,47.3002],[-122.8166,47.2749],[-122.8328,47.2434],[-122.8073,47.2222],[-122.8065,47.2106],[-122.7716,47.1671],[-122.7522,47.1724],[-122.7498,47.1992],[-122.7198,47.2209],[-122.7222,47.2446],[-122.746,47.2604],[-122.7505,47.2922],[-122.7294,47.3201],[-122.7305,47.337],[-122.6892,47.3554],[-122.684,47.3652],[-122.6279,47.3824],[-122.6381,47.3626],[-122.6714,47.3413],[-122.6902,47.3074],[-122.6974,47.284],[-122.6714,47.2862],[-122.6307,47.2772],[-122.5858,47.2539],[-122.5656,47.2654],[-122.5475,47.2853],[-122.5738,47.3184],[-122.5385,47.3759],[-122.5523,47.3946],[-122.5319,47.4303],[-122.5323,47.4692],[-122.4949,47.5103],[-122.5211,47.5241],[-122.5423,47.5246],[-122.5431,47.5563],[-122.5184,47.5741],[-122.4857,47.5809],[-122.5028,47.5917],[-122.5004,47.6178],[-122.4891,47.6332],[-122.5082,47.6437],[-122.5007,47.6596],[-122.5087,47.6708],[-122.5031,47.6943],[-122.5112,47.7087],[-122.531,47.7048],[-122.554,47.726],[-122.5373,47.7471],[-122.4885,47.7436],[-122.4719,47.7498],[-122.4714,47.766],[-122.4836,47.7819],[-122.5019,47.7907],[-122.4825,47.8155],[-122.5061,47.8318],[-122.5145,47.866],[-122.5126,47.8818],[-122.5261,47.9],[-122.5253,47.9123],[-122.5491,47.9191],[-122.5962,47.9202],[-122.5731,47.8741],[-122.5737,47.8576],[-122.6081,47.8567],[-122.6232,47.8362],[-122.6524,47.822],[-122.6841,47.7986],[-122.6906,47.7784],[-122.7148,47.7682],[-122.7227,47.7488],[-122.7402,47.7362],[-122.7494,47.7171],[-122.7455,47.6932],[-122.7515,47.6703],[-122.7852,47.6599],[-122.8308,47.6392],[-122.8596,47.6388],[-122.9171,47.6207],[-122.9228,47.5979],[-122.9651,47.5853],[-122.9713,47.5711],[-123.0316,47.5114],[-123.0338,47.4941],[-123.0833,47.4451],[-123.1202,47.3915],[-123.1059,47.3724],[-123.0857,47.3748],[-123.0569,47.3685],[-123.0422,47.3587],[-123.0243,47.3613],[-123.0132,47.3786],[-122.9775,47.3962],[-122.9412,47.4031],[-122.8884,47.424],[-122.8908,47.4076],[-122.9114,47.3891],[-122.9269,47.3893],[-122.9839,47.3746],[-123.0303,47.351],[-123.0704,47.3497],[-123.1054,47.3624],[-123.1506,47.3495],[-123.157,47.3707],[-123.1475,47.3752],[-123.1408,47.4031],[-123.1016,47.4624],[-123.0574,47.5008],[-123.0486,47.5292],[-123.0309,47.54],[-123.0006,47.5847],[-122.9726,47.614],[-122.9417,47.6317],[-122.935,47.6443],[-122.9041,47.6456],[-122.9089,47.665],[-122.8782,47.6901],[-122.8896,47.7059],[-122.8827,47.7312],[-122.8713,47.7435],[-122.8525,47.7457],[-122.8535,47.7801],[-122.8219,47.789],[-122.815,47.8075],[-122.8252,47.8218],[-122.8098,47.8406],[-122.7881,47.8042],[-122.8,47.7582],[-122.8097,47.7474],[-122.8136,47.7157],[-122.825,47.7109],[-122.8299,47.6891],[-122.8114,47.6813],[-122.7736,47.6902],[-122.7831,47.7037],[-122.7805,47.7251],[-122.7585,47.746],[-122.7484,47.7678],[-122.7458,47.8044],[-122.7178,47.8115],[-122.6874,47.831],[-122.6812,47.8438],[-122.6938,47.868],[-122.6501,47.8639],[-122.6339,47.8684],[-122.6374,47.89],[-122.6729,47.9188],[-122.6847,47.9441],[-122.6762,47.9587],[-122.7181,47.9877],[-122.7291,48.0197],[-122.7195,48.0237],[-122.6869,48.0083],[-122.6699,48.0172],[-122.669,48.032],[-122.6823,48.0427],[-122.6857,48.0741],[-122.6985,48.1031],[-122.7333,48.0912],[-122.7485,48.0301],[-122.7651,48.0406],[-122.7742,48.0603],[-122.8014,48.0876],[-122.7785,48.1061],[-122.7489,48.117],[-122.7841,48.143],[-122.8332,48.1344],[-122.8849,48.1069],[-122.8783,48.0761],[-122.8524,48.056],[-122.8275,48.0468],[-122.8347,48.0094],[-122.8509,47.9959],[-122.8663,48.0385],[-122.8784,48.047],[-122.9186,48.0582],[-122.928,48.0667],[-122.9179,48.0958],[-122.9794,48.0959],[-123.0387,48.0811],[-123.0662,48.1205],[-123.0852,48.1271],[-123.1118,48.1484],[-123.1644,48.1659],[-123.2172,48.1272],[-123.2391,48.1182],[-123.2689,48.1161],[-123.2883,48.121],[-123.3146,48.1137],[-123.3538,48.1178],[-123.3744,48.1141],[-123.4247,48.1181],[-123.4621,48.1347],[-123.5073,48.1318],[-123.5511,48.1514],[-123.5909,48.135],[-123.6363,48.1424],[-123.6427,48.1541],[-123.7095,48.1676],[-123.7781,48.1555],[-123.8667,48.1548],[-123.8866,48.161],[-123.9349,48.1608],[-123.9736,48.1644],[-124.0507,48.1778],[-124.0721,48.1899],[-124.1072,48.2001],[-124.1018,48.2169],[-124.1413,48.2274],[-124.2386,48.2625],[-124.2658,48.2548],[-124.2957,48.2593],[-124.2992,48.2682],[-124.3391,48.276],[-124.3614,48.2876],[-124.3809,48.2847],[-124.414,48.3009],[-124.5255,48.349],[-124.5388,48.3499],[-124.5649,48.3679],[-124.5907,48.3736],[-124.6103,48.3667],[-124.6291,48.3723],[-124.6394,48.3855],[-124.6594,48.3909],[-124.717,48.3898],[-124.7318,48.3812],[-124.6877,48.3388],[-124.659,48.3311],[-124.6659,48.2993],[-124.6864,48.2874],[-124.6847,48.2552],[-124.7059,48.2399],[-124.6909,48.2126],[-124.7042,48.1844],[-124.7318,48.17],[-124.6918,48.1082],[-124.6886,48.0925],[-124.6966,48.0693],[-124.6854,48.0492],[-124.678,47.9923],[-124.6638,47.9634],[-124.6616,47.9466],[-124.6455,47.9353],[-124.6414,47.9079],[-124.6096,47.88],[-124.5799,47.8746],[-124.558,47.8537],[-124.5226,47.8321],[-124.498,47.8226],[-124.4846,47.8083],[-124.4815,47.7887],[-124.4686,47.7683],[-124.4513,47.7632],[-124.4306,47.7463],[-124.4202,47.7253],[-124.4121,47.6912],[-124.396,47.6655],[-124.3662,47.5824],[-124.3452,47.489],[-124.3364,47.4051],[-124.3302,47.4001],[-124.3194,47.3556],[-124.3,47.3484],[-124.2781,47.3064],[-124.2575,47.3041],[-124.2364,47.2873],[-124.209,47.2182],[-124.1959,47.174],[-124.1768,47.093],[-124.1691,46.9945],[-124.1739,46.9272],[-124.1275,46.9455],[-124.1381,46.971],[-124.1375,46.9992],[-124.1513,47.0211],[-124.1415,47.0351],[-124.1221,47.0417],[-124.0659,47.0411],[-124.0264,47.0302],[-124.0053,47.0039],[-124.018,46.9936],[-123.9916,46.9802],[-123.9592,46.9818],[-123.9469,46.9687],[-123.9216,46.9719],[-123.8591,46.9676],[-123.8506,46.952],[-123.8702,46.9432],[-123.9371,46.9286],[-123.9575,46.9213],[-123.9851,46.9219],[-124.0137,46.9036],[-124.0493,46.8913],[-124.0551,46.8704],[-124.0731,46.8615],[-124.0893,46.8677],[-124.093,46.9017],[-124.1107,46.9125],[-124.1328,46.8964],[-124.1081,46.8364],[-124.0967,46.7844],[-124.0965,46.7462],[-123.9989,46.706],[-123.9737,46.7034],[-123.9797,46.7247],[-123.9686,46.7361],[-123.9487,46.7254],[-123.9135,46.7267],[-123.9107,46.7467],[-123.8888,46.7504],[-123.8767,46.7307],[-123.8335,46.7183],[-123.8291,46.7048],[-123.8649,46.6987],[-123.9043,46.6791],[-123.9156,46.6787],[-123.9219,46.6503],[-123.9528,46.6363],[-123.9592,46.6136],[-123.9289,46.5889],[-123.9226,46.5702],[-123.8962,46.5503],[-123.8956,46.5141],[-123.9426,46.4878],[-123.9425,46.4652],[-123.9708,46.4754],[-123.9942,46.4689],[-123.9917,46.4488],[-123.9701,46.4392],[-123.9654,46.4087],[-123.9499,46.4103],[-123.9537,46.3789],[-123.9765,46.3797],[-124.0072,46.3715],[-124.0153,46.3787],[-124.0172,46.4164],[-124.0318,46.4964],[-124.0237,46.5121],[-124.0236,46.5826],[-124.0383,46.5986],[-124.05,46.6233],[-124.0514,46.6432],[-124.0691,46.6473],[-124.0684,46.6014],[-124.062,46.5562],[-124.057,46.4933],[-124.0584,46.3865],[-124.0646,46.3269],[-124.0763,46.2965],[-124.078,46.2759],[-124.042,46.2761],[-124.0443,46.3],[-124.0206,46.3157],[-123.9852,46.309],[-123.9704,46.2994],[-123.9487,46.2712],[-123.9093,46.2455],[-123.8755,46.2398],[-123.849,46.2605],[-123.8188,46.2697],[-123.7956,46.2845],[-123.7596,46.2751],[-123.7503,46.292],[-123.7286,46.2887],[-123.7243,46.3012],[-123.7007,46.3046],[-123.6806,46.296],[-123.6791,46.2725],[-123.6695,46.2668],[-123.6136,46.26],[-123.5644,46.2613],[-123.5482,46.249],[-123.6195,46.2153],[-123.6668,46.2182],[-123.6742,46.1982],[-123.6934,46.1898],[-123.7182,46.189],[-123.7576,46.213],[-123.7832,46.1985],[-123.8218,46.1903],[-123.8462,46.1927],[-123.8599,46.1804],[-123.8437,46.1716],[-123.8548,46.1573],[-123.9025,46.1687],[-123.9053,46.1807],[-123.973,46.2127],[-124.0002,46.2364],[-124.0104,46.2235],[-123.9741,46.1688],[-123.9475,46.1161],[-123.9334,46.0717],[-123.9279,46.0096],[-123.9375,45.9773],[-123.97,45.9691],[-123.975,45.9561],[-123.9937,45.9464],[-123.9676,45.9078],[-123.9616,45.8371],[-123.9693,45.7806],[-123.983,45.768],[-123.946,45.7333],[-123.9397,45.689],[-123.9404,45.6623],[-123.9523,45.5863],[-123.9495,45.5454],[-123.9621,45.4972],[-123.9747,45.4673],[-123.9606,45.4308],[-123.9657,45.3862],[-123.9797,45.3477],[-123.9642,45.317],[-123.9629,45.2802],[-123.9725,45.2162],[-123.9682,45.2012],[-123.9754,45.1455],[-123.9895,45.0941],[-124.0122,45.0769],[-124.018,45.0498],[-124.0092,45.0167],[-124.0323,44.9008],[-124.0542,44.8382],[-124.0666,44.8306],[-124.0741,44.7981],[-124.0692,44.7678],[-124.0579,44.7352],[-124.0685,44.6831],[-124.0583,44.6589],[-124.0692,44.613],[-124.0664,44.5962],[-124.0754,44.5316],[-124.0836,44.5011],[-124.0837,44.4304],[-124.1006,44.3319],[-124.1091,44.3184],[-124.116,44.2746],[-124.109,44.2655],[-124.117,44.1719],[-124.1278,44.122],[-124.124,44.1058],[-124.137,44.023],[-124.1383,43.9953],[-124.1503,43.9109],[-124.1686,43.809],[-124.194,43.7067],[-124.2064,43.674],[-124.2145,43.6276],[-124.232,43.5624],[-124.2556,43.5022],[-124.2869,43.4363],[-124.315,43.3884],[-124.3533,43.3427],[-124.3731,43.339],[-124.4028,43.3059],[-124.3889,43.2905],[-124.3825,43.2702],[-124.3956,43.2239],[-124.4017,43.1849],[-124.4241,43.1269],[-124.4345,43.116],[-124.4323,43.0974],[-124.4469,43.0318],[-124.481,42.9515],[-124.5002,42.9175],[-124.5365,42.8624],[-124.5593,42.8343],[-124.5361,42.8142],[-124.5245,42.7898],[-124.5136,42.7458],[-124.4739,42.7327],[-124.4475,42.6847],[-124.4508,42.6758],[-124.4131,42.6579],[-124.4012,42.6272],[-124.4,42.5919],[-124.39,42.5748],[-124.3998,42.5383],[-124.4222,42.4964],[-124.4221,42.4612],[-124.4359,42.4372],[-124.4255,42.4094],[-124.4272,42.3349],[-124.4331,42.324],[-124.4118,42.3074],[-124.4082,42.2804],[-124.411,42.2506],[-124.3778,42.2188],[-124.3733,42.1958],[-124.361,42.1808],[-124.3668,42.1585],[-124.3518,42.135],[-124.3571,42.118],[-124.3427,42.0943],[-124.3289,42.0854],[-124.2997,42.0517],[-124.2705,42.0456],[-124.2485,42.026],[-124.219,42.0079],[-124.205,41.9834],[-124.2102,41.9509],[-124.2034,41.941],[-124.2085,41.8882],[-124.2196,41.8464],[-124.2376,41.8042],[-124.255,41.7782],[-124.2007,41.7451],[-124.1647,41.7401],[-124.1435,41.7093],[-124.1356,41.6573],[-124.1202,41.6404],[-124.1144,41.6168],[-124.101,41.6025],[-124.1011,41.5692],[-124.082,41.5478],[-124.0814,41.5112],[-124.0661,41.4703],[-124.0631,41.4396],[-124.0723,41.3748],[-124.107,41.2297],[-124.1438,41.1447],[-124.1586,41.143],[-124.1595,41.0736],[-124.1453,41.0576],[-124.1255,41.0485],[-124.1118,41.0269],[-124.1182,40.9893],[-124.1371,40.9257],[-124.1583,40.8761],[-124.2019,40.8051],[-124.2283,40.7694],[-124.2484,40.7352],[-124.2891,40.6796],[-124.3294,40.6164],[-124.387,40.505],[-124.385,40.4898],[-124.4086,40.4432],[-124.4026,40.4221],[-124.3736,40.3929],[-124.3654,40.3749],[-124.3623,40.3428],[-124.3479,40.3146],[-124.3636,40.2762],[-124.3634,40.261],[-124.2893,40.2032],[-124.2149,40.1609],[-124.1879,40.1305],[-124.14,40.1164],[-124.1106,40.1038],[-124.0807,40.0661],[-124.0804,40.0321],[-124.0359,40.0133],[-123.9959,39.973],[-123.98,39.9625],[-123.955,39.9224],[-123.9301,39.9097],[-123.9077,39.863],[-123.8815,39.8454],[-123.8538,39.8341],[-123.8398,39.7956],[-123.8381,39.7524],[-123.8248,39.7181],[-123.8082,39.7107],[-123.7942,39.69],[-123.7864,39.6599],[-123.7823,39.6215],[-123.7886,39.6],[-123.7771,39.5838],[-123.7665,39.5528],[-123.7842,39.5094],[-123.8023,39.4869],[-123.8162,39.4446],[-123.815,39.4179],[-123.8219,39.4068],[-123.8277,39.3484],[-123.8078,39.3289],[-123.7966,39.3014],[-123.8048,39.2897],[-123.789,39.2697],[-123.7774,39.2372],[-123.7714,39.1942],[-123.7379,39.1627],[-123.7359,39.1396],[-123.7202,39.1227],[-123.6913,39.0508],[-123.6908,39.0213],[-123.7112,38.9773],[-123.7291,38.9567],[-123.728,38.9194],[-123.7104,38.9149],[-123.6804,38.8826],[-123.6599,38.8725],[-123.6474,38.8455],[-123.6053,38.8228],[-123.5972,38.8082],[-123.5799,38.8028],[-123.5419,38.7768],[-123.5148,38.742],[-123.4933,38.7365],[-123.4418,38.6997],[-123.4197,38.6747],[-123.4087,38.6547],[-123.3899,38.6352],[-123.3683,38.6032],[-123.3496,38.5968],[-123.3401,38.5722],[-123.3063,38.5493],[-123.2688,38.5299],[-123.2507,38.5102],[-123.2023,38.4943],[-123.1664,38.475],[-123.1288,38.4504],[-123.1218,38.43],[-123.1037,38.4155],[-123.0683,38.3599],[-123.0685,38.3352],[-123.0747,38.3226],[-123.0637,38.3022],[-123.0388,38.3136],[-123.0041,38.297],[-122.9771,38.2679],[-122.969,38.2521],[-122.9807,38.2153],[-122.9681,38.2024],[-122.9654,38.1871],[-122.9496,38.164],[-122.9521,38.1386],[-122.9609,38.113],[-122.9924,38.0418],[-123.0115,38.0034],[-122.983,37.9974],[-122.9818,38.0091],[-122.9568,38.0287],[-122.9397,38.0319],[-122.8821,38.0253],[-122.8566,38.0167],[-122.8214,37.9967],[-122.7974,37.9767],[-122.7827,37.9485],[-122.7369,37.9258],[-122.7273,37.9046],[-122.7027,37.8938],[-122.6785,37.9066],[-122.642,37.8975],[-122.6241,37.8811],[-122.6013,37.8751],[-122.5818,37.857],[-122.5615,37.8518],[-122.549,37.8362],[-122.5236,37.8248],[-122.4996,37.82],[-122.4792,37.8254],[-122.4723,37.8368],[-122.4785,37.8595],[-122.4946,37.8663],[-122.501,37.8937],[-122.4751,37.8864],[-122.4685,37.8682],[-122.4383,37.881],[-122.4586,37.8941],[-122.4864,37.9219],[-122.4903,37.9648],[-122.472,37.9818],[-122.4473,37.9844],[-122.4628,38.0034],[-122.4978,38.0194],[-122.4995,38.0322],[-122.4838,38.0718],[-122.4832,38.1139],[-122.4396,38.1169],[-122.3936,38.1435],[-122.3613,38.1332],[-122.3026,38.1033],[-122.2828,38.0829],[-122.2629,38.0515],[-122.2835,38.0227],[-122.3008,38.0109],[-122.3326,38.0015],[-122.3689,38.008],[-122.3619,37.99],[-122.3676,37.9782],[-122.4127,37.9633],[-122.41,37.9324],[-122.3875,37.9206],[-122.3906,37.9091],[-122.3237,37.9058],[-122.3115,37.8798],[-122.3252,37.8743],[-122.3014,37.8555],[-122.2966,37.8285],[-122.3161,37.8273],[-122.3318,37.7961],[-122.3323,37.7815],[-122.2794,37.7681],[-122.244,37.7518],[-122.2617,37.7434],[-122.2522,37.725],[-122.2138,37.6987],[-122.2042,37.7116],[-122.1631,37.6679],[-122.1529,37.6408],[-122.147,37.5884],[-122.112,37.5289],[-122.1094,37.5003],[-122.0827,37.5016],[-122.0556,37.4952],[-122.0534,37.4733],[-122.0386,37.4621],[-122.0583,37.4468],[-122.0888,37.4523],[-122.1176,37.4676],[-122.1277,37.5001],[-122.1364,37.5076],[-122.1621,37.5002],[-122.2001,37.5266],[-122.2125,37.5402],[-122.2444,37.5581],[-122.2629,37.5739],[-122.3059,37.5755],[-122.3149,37.5912],[-122.3602,37.5925],[-122.3698,37.6027],[-122.3651,37.6282],[-122.3803,37.635],[-122.3743,37.6622],[-122.3876,37.6791],[-122.3932,37.7075],[-122.3603,37.7194],[-122.3568,37.7295],[-122.3808,37.7553],[-122.3853,37.7907],[-122.4075,37.8114],[-122.4638,37.8047],[-122.4781,37.8108],[-122.4858,37.7906],[-122.5145,37.7808],[-122.5065,37.7237],[-122.4968,37.6864],[-122.4941,37.644],[-122.5014,37.5996],[-122.5172,37.5906],[-122.5137,37.5522],[-122.5167,37.5213],[-122.4938,37.4923],[-122.4724,37.5005],[-122.4596,37.4927],[-122.446,37.4615],[-122.4437,37.4359],[-122.4233,37.3925],[-122.4009,37.3592],[-122.4013,37.337],[-122.4117,37.2658],[-122.4185,37.2485],[-122.4072,37.2195],[-122.4051,37.1958],[-122.3948,37.1815],[-122.3671,37.1728],[-122.361,37.1502],[-122.3378,37.1359],[-122.3295,37.113],[-122.3062,37.1164],[-122.2849,37.1018],[-122.2522,37.0595],[-122.2288,37.0386],[-122.2238,37.0257],[-122.1536,36.9768],[-122.106,36.956],[-122.0664,36.9483],[-122.0272,36.9512],[-122.0234,36.9622],[-121.9728,36.9542],[-121.9517,36.9715],[-121.9301,36.9782],[-121.9065,36.969],[-121.8802,36.9502],[-121.8623,36.9316],[-121.8277,36.8794],[-121.7916,36.8152],[-121.7883,36.804],[-121.8057,36.7502],[-121.8071,36.7142],[-121.8251,36.6572],[-121.8423,36.6301],[-121.8714,36.6046],[-121.8895,36.6019],[-121.9041,36.6223],[-121.9297,36.637],[-121.9417,36.6181],[-121.9597,36.609],[-121.9653,36.5863],[-121.9757,36.577],[-121.9539,36.5608],[-121.9325,36.5599],[-121.926,36.5252],[-121.9539,36.5178],[-121.9388,36.5064],[-121.9462,36.4909],[-121.9261,36.4589],[-121.9298,36.4535],[-121.9148,36.4259],[-121.9151,36.4032],[-121.9018,36.3819],[-121.9068,36.3562],[-121.8929,36.3404],[-121.8994,36.3077],[-121.8748,36.2891],[-121.852,36.2778],[-121.8276,36.2423],[-121.7971,36.2342],[-121.7172,36.1952],[-121.6998,36.1769],[-121.6746,36.16],[-121.6332,36.1175],[-121.6181,36.085],[-121.5929,36.0651],[-121.5894,36.0477],[-121.5746,36.0252],[-121.5116,36.0066],[-121.4862,35.9704],[-121.4747,35.92],[-121.4635,35.9044],[-121.4649,35.8885],[-121.4396,35.867],[-121.4132,35.8553],[-121.3881,35.8235],[-121.3567,35.8042],[-121.3325,35.7831],[-121.3181,35.7446],[-121.3154,35.7134],[-121.2898,35.6894],[-121.2865,35.6655],[-121.2608,35.6645],[-121.2399,35.6521],[-121.2239,35.6522],[-121.1997,35.637],[-121.1889,35.6431],[-121.1667,35.6354],[-121.1436,35.6061],[-121.126,35.5931],[-121.1016,35.5488],[-121.0034,35.4607],[-120.9694,35.4602],[-120.9508,35.448],[-120.9079,35.4491],[-120.8848,35.4302],[-120.8692,35.4033],[-120.8621,35.3608],[-120.8672,35.3272],[-120.8876,35.2831],[-120.8968,35.2479],[-120.8561,35.2065],[-120.7861,35.1777],[-120.7605,35.1597],[-120.7548,35.1747],[-120.7342,35.1785],[-120.6989,35.1712],[-120.6751,35.1531],[-120.6511,35.1478],[-120.6358,35.1238],[-120.631,35.1019],[-120.6299,35.0615],[-120.64,35.003],[-120.6624,34.9358],[-120.6691,34.9016],[-120.6473,34.9011],[-120.6393,34.8804],[-120.6163,34.8667],[-120.6099,34.8428],[-120.623,34.7933],[-120.635,34.767],[-120.6263,34.7381],[-120.6149,34.7307],[-120.6005,34.7046],[-120.6251,34.6345],[-120.6399,34.6059],[-120.6448,34.577],[-120.6395,34.5635],[-120.6226,34.554],[-120.5813,34.557],[-120.5114,34.523],[-120.4966,34.4954],[-120.4804,34.4811],[-120.4714,34.4479],[-120.4261,34.4499],[-120.4068,34.4553],[-120.3414,34.4588],[-120.335,34.4626],[-120.283,34.4684],[-120.2255,34.4706],[-120.1688,34.4697],[-120.1516,34.4733],[-120.1184,34.4699],[-120.0886,34.4602],[-120.0388,34.4634],[-120.0081,34.4605],[-119.9564,34.4353],[-119.9365,34.4357],[-119.8922,34.4196],[-119.8782,34.4069],[-119.8538,34.408],[-119.8252,34.4171],[-119.7936,34.4183],[-119.7294,34.3959],[-119.7091,34.3954],[-119.6719,34.4161],[-119.6389,34.4157],[-119.6169,34.421],[-119.564,34.4153],[-119.5369,34.3959],[-119.461,34.3741],[-119.4434,34.356],[-119.4311,34.3553],[-119.3905,34.3182],[-119.3704,34.3195],[-119.3375,34.2906],[-119.3021,34.2728],[-119.2787,34.2669],[-119.2643,34.2275],[-119.2372,34.1758],[-119.2165,34.1461],[-119.1887,34.139],[-119.1293,34.1008],[-119.1088,34.0959],[-119.086,34.0993],[-119.0612,34.0854],[-119.0375,34.0831],[-119.009,34.0668],[-118.997,34.0659],[-118.9381,34.0434],[-118.8592,34.0353],[-118.8467,34.0313],[-118.8064,34.0002],[-118.7871,34.0195],[-118.7324,34.0327],[-118.6832,34.0307],[-118.6684,34.0389],[-118.6097,34.0364],[-118.5692,34.0416],[-118.5431,34.0385],[-118.5195,34.0275],[-118.485,33.9972],[-118.4507,33.9557],[-118.4127,33.8839],[-118.3905,33.8354],[-118.3943,33.8043],[-118.405,33.8002],[-118.4284,33.7747],[-118.4112,33.742],[-118.3983,33.7363],[-118.3818,33.7429],[-118.2884,33.7055],[-118.2623,33.705],[-118.2065,33.7231],[-118.1834,33.7232],[-118.1898,33.7494],[-118.1669,33.7632],[-118.1327,33.7532],[-118.0889,33.7312],[-118.0402,33.6856],[-118.0006,33.6543],[-117.9406,33.62],[-117.928,33.6072],[-117.8768,33.5923],[-117.8403,33.5735],[-117.8198,33.5547],[-117.7849,33.5415],[-117.755,33.5122],[-117.7146,33.4599],[-117.6947,33.4556],[-117.681,33.4618],[-117.6426,33.4392],[-117.6222,33.422],[-117.5959,33.3866],[-117.5752,33.3805],[-117.5478,33.3649],[-117.5059,33.3333],[-117.4456,33.2685],[-117.4062,33.2183],[-117.3626,33.1684],[-117.3284,33.1218],[-117.2976,33.045],[-117.2808,33.0123],[-117.2605,32.9312],[-117.2517,32.8744],[-117.2562,32.8595],[-117.2822,32.8396],[-117.281,32.8223],[-117.2611,32.8032],[-117.255,32.787],[-117.2526,32.753],[-117.2576,32.7261],[-117.2552,32.7001],[-117.2431,32.6645],[-117.2131,32.6878],[-117.1875,32.684],[-117.1689,32.672],[-117.1395,32.6271],[-117.133,32.5971],[-117.1321,32.5603],[-117.1249,32.5342],[-116.946,32.5501],[-116.6271,32.5763],[-116.5407,32.5838],[-116.211,32.6103],[-116.0466,32.6234],[-115.692,32.65],[-115.3315,32.6765],[-115.0008,32.6997],[-114.7196,32.7188],[-114.7445,32.6787],[-114.748,32.6642],[-114.7644,32.6427],[-114.7912,32.6218],[-114.8094,32.6171],[-114.7997,32.5936],[-114.8044,32.5729],[-114.7933,32.562],[-114.8022,32.5364],[-114.8133,32.5245],[-114.8077,32.5087],[-114.8136,32.4943],[-114.5008,32.4001],[-114.2508,32.3239],[-113.9615,32.2346],[-113.7508,32.169],[-113.4932,32.0889],[-113.126,31.9728],[-112.8671,31.8955],[-112.6078,31.8158],[-112.2461,31.7042],[-111.9794,31.6207],[-111.7702,31.5545],[-111.5602,31.4881],[-111.3666,31.4261],[-111.0748,31.3322],[-111.0007,31.3322],[-110.7955,31.3336],[-110.4602,31.3328],[-110.1405,31.334],[-110.0006,31.3331],[-109.8297,31.3341],[-109.4945,31.334],[-109.2785,31.334],[-109.0501,31.3325],[-109.0502,31.48],[-109.0491,31.6366],[-109.0486,31.8708],[-109.0483,32.0891],[-109.0476,32.4264],[-109.0477,32.6471],[-109.0471,32.7776],[-109.0474,32.9764],[-109.0475,33.2501],[-109.0473,33.4098],[-109.0467,33.6251],[-109.0472,33.74],[-109.0464,33.8751],[-109.047,34.0001],[-109.0468,34.1669],[-109.0464,34.3873],[-109.0462,34.5793],[-109.0461,34.771],[-109.0459,34.9598],[-109.0461,35.25],[-109.0468,35.3636],[-109.0462,35.7251],[-109.046,35.8798],[-109.0457,36.117],[-109.0458,36.3289],[-109.0454,36.5274],[-109.0454,36.7691],[-109.0452,36.9991],[-109.4953,36.9991],[-109.6257,36.9983],[-109.8757,36.9985],[-110.276,36.9983],[-110.4702,36.998],[-110.5007,37.0043],[-110.7507,37.0032],[-111.0665,37.0024],[-111.1337,37.0008],[-111.2783,37.0005],[-111.4055,37.0015],[-111.6351,37.0014],[-111.8654,37.0013],[-112.3577,37.001],[-112.5404,37.0007],[-112.9665,37.0002],[-113.2745,37.0001],[-113.6224,37.0001],[-113.9659,37],[-114.0506,37.0004],[-114.0518,37.0884],[-114.0514,37.2339],[-114.0518,37.4181],[-114.053,37.5928],[-114.0517,37.746],[-114.0497,37.8237],[-114.0504,38],[-114.0494,38.2647],[-114.0505,38.5],[-114.0495,38.875],[-114.0481,38.8787],[-114.0491,39.0055],[-114.0471,39.4999],[-114.0477,39.5427],[-114.0473,39.7594],[-114.0466,39.9969],[-114.0462,40.232],[-114.0462,40.3983],[-114.0432,40.7717],[-114.0422,40.9999],[-114.0414,41.22],[-114.0402,41.4917],[-114.0399,41.7538],[-114.0412,41.8506],[-114.0397,41.8848],[-114.0415,41.9939],[-113.9901,41.9931],[-113.9016,41.9886],[-113.7647,41.9895],[-113.5261,41.9927],[-113.0932,41.9974],[-112.7751,41.9998],[-112.3648,42.0011],[-112.1732,42.0015],[-112.1539,41.9972],[-111.7508,41.9993],[-111.478,41.9996],[-111.3167,42.0012],[-111.0467,42.0017],[-111.0471,42.2808],[-111.0468,42.505],[-111.0436,42.7226],[-111.0439,42.9751],[-111.0443,43.2004],[-111.0452,43.5011],[-111.0467,43.8158],[-111.0474,43.9999],[-111.0491,44.0201],[-111.0497,44.3536],[-111.049,44.4741],[-111.0524,44.4784],[-111.0536,44.6663],[-111.0546,45.001],[-110.7901,45.0009],[-110.7045,44.9922],[-110.4458,44.9937],[-110.4071,44.9995],[-110.3252,44.9997],[-110.2848,44.9974],[-110.1832,44.997],[-110.1058,45.0035],[-109.8257,45.0032],[-109.7611,45.0018],[-109.5981,45.0029],[-109.3014,45.0053],[-109.1032,45.0058],[-109.0829,44.9996],[-108.6839,45.0002],[-108.515,44.9997],[-108.0051,45.0006],[-107.6258,45.0007],[-107.4838,45.0014],[-107.1274,44.9998],[-107.0849,44.9966],[-106.8895,44.996],[-106.5709,44.9949],[-106.2637,44.9938],[-105.9282,44.9935],[-105.9132,45.0002],[-105.6282,45.0004],[-105.1692,45.0001],[-104.8892,45],[-104.6313,44.9988],[-104.2631,44.9981],[-104.0579,44.9976],[-104.0397,44.9981],[-104.0401,45.2129],[-104.0401,45.3742],[-104.0419,45.5579],[-104.0426,45.75],[-104.0438,45.8684],[-104.0468,46.0002],[-104.0452,46.125],[-104.0455,46.3669],[-104.0451,46.5098],[-104.0459,46.8308],[-104.0448,47.1274],[-104.0453,47.3435],[-104.0441,47.5236],[-104.0433,47.7471],[-104.0417,47.8623],[-104.0439,47.9715],[-104.0461,48.2568],[-104.0464,48.3742],[-104.0482,48.5991],[-104.0489,48.8474],[-104.0487,48.9999]]],[[[-179.1094,51.301],[-179.1402,51.2834],[-179.1489,51.2681],[-179.1348,51.2543],[-179.1433,51.2352],[-179.1196,51.2205],[-179.0927,51.2288],[-179.0707,51.2563],[-179.0806,51.2912],[-179.1094,51.301]]],[[[-178.9273,51.3837],[-178.9692,51.4005],[-178.9953,51.3827],[-178.973,51.365],[-178.9898,51.3437],[-178.9892,51.3162],[-178.9704,51.3172],[-178.9536,51.333],[-178.9593,51.3461],[-178.9156,51.339],[-178.9063,51.3613],[-178.9273,51.3837]]],[[[-178.8442,51.5753],[-178.8323,51.5488],[-178.8202,51.5405],[-178.7337,51.5432],[-178.7413,51.5562],[-178.7853,51.56],[-178.8442,51.5753]]],[[[-178.6507,51.615],[-178.6859,51.6083],[-178.6626,51.5869],[-178.6308,51.5905],[-178.5937,51.5819],[-178.5733,51.5859],[-178.5673,51.5984],[-178.5828,51.6076],[-178.6061,51.6032],[-178.6507,51.615]]],[[[178.6899,51.6444],[178.6755,51.6591],[178.6455,51.6576],[178.6255,51.6373],[178.634,51.624],[178.706,51.5932],[178.785,51.5719],[178.8436,51.5786],[178.9516,51.542],[179.0135,51.4973],[179.0603,51.4549],[179.0975,51.4406],[179.2182,51.3874],[179.2205,51.3767],[179.2616,51.3577],[179.3668,51.3718],[179.3995,51.3594],[179.4502,51.3651],[179.4627,51.3762],[179.3862,51.4044],[179.2639,51.4058],[179.2303,51.4134],[179.218,51.4389],[179.1911,51.4629],[179.1436,51.4694],[179.0768,51.4985],[179.0029,51.5525],[178.9208,51.5861],[178.9191,51.6055],[178.9039,51.6149],[178.8041,51.635],[178.738,51.6327],[178.6899,51.6444]]],[[[178.3723,51.7741],[178.3356,51.807],[178.3056,51.8217],[178.2369,51.8282],[178.2462,51.8171],[178.3049,51.7774],[178.3187,51.7723],[178.3723,51.7741]]],[[[-178.807,51.8351],[-178.8357,51.8345],[-178.8595,51.8192],[-178.8732,51.7823],[-178.8372,51.7642],[-178.8132,51.7464],[-178.7703,51.7477],[-178.7337,51.7819],[-178.7475,51.8096],[-178.7951,51.8345],[-178.807,51.8351]]],[[[-176.1852,51.8831],[-176.2185,51.8757],[-176.2028,51.8484],[-176.235,51.829],[-176.2173,51.8128],[-176.1682,51.8004],[-176.1865,51.7885],[-176.1714,51.7741],[-176.1354,51.7927],[-176.1092,51.7989],[-176.1122,51.8288],[-176.0783,51.8209],[-176.0263,51.826],[-176.0285,51.844],[-176.068,51.8531],[-176.1123,51.8523],[-176.1109,51.8383],[-176.1418,51.84],[-176.134,51.8557],[-176.1852,51.8831]]],[[[-175.9885,51.9104],[-176.0028,51.9124],[-176.0659,51.9032],[-176.0911,51.889],[-176.0642,51.8745],[-176.058,51.8629],[-176.0271,51.8662],[-175.9635,51.8462],[-175.9645,51.8727],[-175.9506,51.8847],[-175.9968,51.8897],[-175.9885,51.9104]]],[[[-178.0922,51.9188],[-178.1267,51.9188],[-178.1951,51.9081],[-178.2251,51.8829],[-178.2298,51.8717],[-178.2096,51.8541],[-178.1769,51.8467],[-178.145,51.8306],[-178.0989,51.8183],[-178.0912,51.8017],[-178.0694,51.7947],[-178.0584,51.7803],[-178.0373,51.7803],[-178.015,51.7905],[-177.9933,51.7793],[-177.9591,51.7724],[-177.9501,51.7348],[-177.9596,51.7212],[-178.0198,51.711],[-178.0454,51.7036],[-178.0802,51.7028],[-178.1107,51.7091],[-178.1068,51.6906],[-178.1205,51.6767],[-178.0846,51.6599],[-178.043,51.6715],[-178.0337,51.6521],[-177.9648,51.6474],[-177.9596,51.6242],[-177.9349,51.5966],[-177.9004,51.6016],[-177.9144,51.6322],[-177.928,51.6471],[-177.9187,51.6723],[-177.8842,51.6842],[-177.8662,51.6771],[-177.8293,51.6939],[-177.8289,51.7122],[-177.8403,51.7318],[-177.7994,51.7728],[-177.8182,51.7893],[-177.786,51.7942],[-177.7133,51.8156],[-177.6785,51.8141],[-177.6218,51.8327],[-177.6339,51.849],[-177.6917,51.844],[-177.7349,51.8258],[-177.7597,51.8282],[-177.7862,51.8438],[-177.8253,51.8296],[-177.8612,51.8294],[-177.8609,51.845],[-177.8991,51.846],[-177.9243,51.8575],[-177.9043,51.8766],[-177.9519,51.9024],[-177.9522,51.9147],[-177.977,51.9172],[-178.0525,51.9125],[-178.0922,51.9188]]],[[[-177.4437,51.8928],[-177.4202,51.9021],[-177.4421,51.9211],[-177.4649,51.9135],[-177.4695,51.9005],[-177.4437,51.8928]]],[[[-177.1527,51.9433],[-177.1813,51.9432],[-177.1975,51.9313],[-177.2022,51.842],[-177.2082,51.8173],[-177.2419,51.7966],[-177.2879,51.782],[-177.3944,51.7631],[-177.4121,51.7544],[-177.4464,51.7586],[-177.4829,51.7395],[-177.5121,51.7425],[-177.5156,51.725],[-177.5552,51.7211],[-177.64,51.7361],[-177.6899,51.7048],[-177.6749,51.6867],[-177.6719,51.6588],[-177.6359,51.6595],[-177.6419,51.6875],[-177.6081,51.7052],[-177.5058,51.6985],[-177.4447,51.7254],[-177.3762,51.7284],[-177.3645,51.733],[-177.3164,51.7008],[-177.2993,51.6849],[-177.2776,51.6786],[-177.2443,51.6893],[-177.2533,51.7091],[-177.2053,51.7033],[-177.1755,51.7084],[-177.1465,51.7058],[-177.1228,51.7294],[-177.1277,51.7602],[-177.1153,51.7845],[-177.136,51.8057],[-177.1327,51.8309],[-177.1204,51.8397],[-177.0677,51.8593],[-177.0747,51.8841],[-177.0494,51.8948],[-177.0548,51.9089],[-177.089,51.93],[-177.1527,51.9433]]],[[[-175.7974,51.9506],[-175.7982,51.9593],[-175.8603,51.9532],[-175.8196,51.9214],[-175.7799,51.9253],[-175.7974,51.9506]]],[[[-175.6882,51.9661],[-175.7325,51.975],[-175.7454,51.9468],[-175.7228,51.9318],[-175.7109,51.9512],[-175.6517,51.9613],[-175.6705,51.9728],[-175.6882,51.9661]]],[[[178.5188,51.8998],[178.5394,51.9032],[178.5902,51.9455],[178.5916,51.9527],[178.5526,51.974],[178.4786,51.9875],[178.4469,51.9782],[178.468,51.9316],[178.4848,51.9099],[178.5188,51.8998]]],[[[-175.8776,51.9953],[-175.9335,51.9927],[-175.9612,51.9834],[-175.9338,51.9734],[-175.8802,51.9644],[-175.8776,51.9953]]],[[[-176.5784,52.0009],[-176.5901,52.0013],[-176.6292,51.9767],[-176.6275,51.9639],[-176.6673,51.9526],[-176.7213,51.9686],[-176.7712,51.9651],[-176.7905,51.9564],[-176.8088,51.9297],[-176.7979,51.9075],[-176.7629,51.8823],[-176.7619,51.8653],[-176.7971,51.8293],[-176.7859,51.8185],[-176.8252,51.8051],[-176.8477,51.8061],[-176.8665,51.8261],[-176.9141,51.8053],[-176.9223,51.7902],[-176.904,51.7711],[-176.8673,51.7557],[-176.8754,51.7423],[-176.8645,51.7214],[-176.8819,51.715],[-176.9007,51.6966],[-176.9364,51.6895],[-176.9694,51.6774],[-176.9844,51.6563],[-176.9732,51.6355],[-176.992,51.6292],[-176.9841,51.604],[-176.9415,51.5911],[-176.9179,51.6098],[-176.9048,51.6389],[-176.887,51.6583],[-176.868,51.6657],[-176.8661,51.6836],[-176.8287,51.7202],[-176.8237,51.6955],[-176.8365,51.681],[-176.8131,51.6474],[-176.8218,51.6247],[-176.8084,51.6093],[-176.7588,51.6382],[-176.7259,51.6242],[-176.7191,51.6493],[-176.733,51.6556],[-176.7258,51.6798],[-176.7031,51.683],[-176.6858,51.6758],[-176.6617,51.6897],[-176.6425,51.6865],[-176.6087,51.6936],[-176.5706,51.6936],[-176.4747,51.7462],[-176.4577,51.7341],[-176.4286,51.7384],[-176.4207,51.7618],[-176.4339,51.7694],[-176.4283,51.7857],[-176.4032,51.7882],[-176.3999,51.7356],[-176.3646,51.7338],[-176.3481,51.7261],[-176.3186,51.735],[-176.2963,51.7691],[-176.2665,51.7832],[-176.2697,51.8129],[-176.2829,51.8251],[-176.3064,51.8165],[-176.3139,51.8336],[-176.2904,51.8372],[-176.2807,51.8608],[-176.3085,51.8741],[-176.3416,51.8631],[-176.3631,51.8717],[-176.3998,51.8679],[-176.4541,51.8394],[-176.4622,51.8508],[-176.4956,51.8512],[-176.5183,51.8388],[-176.5429,51.8358],[-176.5613,51.8444],[-176.5965,51.8399],[-176.5987,51.8541],[-176.6395,51.8536],[-176.625,51.8692],[-176.6192,51.9012],[-176.5797,51.9135],[-176.5491,51.9171],[-176.5444,51.9281],[-176.5655,51.9489],[-176.553,51.9709],[-176.5568,51.9929],[-176.5784,52.0009]]],[[[179.7044,52.0049],[179.6633,52.0229],[179.6223,52.025],[179.5828,52.0168],[179.5392,51.9852],[179.4824,51.9828],[179.4756,51.9375],[179.4846,51.9213],[179.5219,51.8968],[179.6143,51.8718],[179.6495,51.8737],[179.7348,51.9076],[179.7515,51.9239],[179.759,51.9466],[179.7785,51.9622],[179.7739,51.9707],[179.7044,52.0049]]],[[[178.1745,51.9917],[178.1909,52.0035],[178.1799,52.0332],[178.1417,52.051],[178.1191,52.0517],[178.0946,52.0333],[178.1059,51.9984],[178.1325,51.987],[178.1745,51.9917]]],[[[-176.1436,52.1144],[-176.1829,52.0867],[-176.2086,52.0745],[-176.2125,52.0616],[-176.2002,52.0361],[-176.1784,52.0162],[-176.1813,52.0007],[-176.0857,51.9882],[-176.0845,51.9709],[-176.0666,51.9671],[-176.0337,51.9731],[-176.023,51.9824],[-176.0468,52.0066],[-176.0503,52.0183],[-175.9815,52.0283],[-176.0125,52.0507],[-176.0024,52.0688],[-176.0318,52.0792],[-176.0533,52.1053],[-176.1436,52.1144]]],[[[177.6672,52.0763],[177.6759,52.0922],[177.6616,52.1127],[177.6027,52.1373],[177.5634,52.122],[177.5456,52.1011],[177.5053,52.0388],[177.5057,52.0164],[177.4974,51.9933],[177.4837,51.9849],[177.4135,51.9797],[177.3456,51.963],[177.3415,51.955],[177.2913,51.9194],[177.2727,51.9201],[177.2339,51.9096],[177.2004,51.8947],[177.204,51.8805],[177.2355,51.8733],[177.2934,51.8456],[177.3118,51.826],[177.334,51.8444],[177.3268,51.8736],[177.3488,51.9045],[177.3739,51.9198],[177.4095,51.9308],[177.5605,51.9164],[177.6065,51.9251],[177.6115,51.9508],[177.5435,51.9562],[177.5382,51.9789],[177.5772,52.005],[177.6016,52.0164],[177.6325,52.0648],[177.6672,52.0763]]],[[[-173.5152,52.1426],[-173.5299,52.1594],[-173.5611,52.1413],[-173.5951,52.1525],[-173.7091,52.1337],[-173.7717,52.1317],[-173.7897,52.1122],[-173.8171,52.1057],[-173.833,52.1162],[-173.8993,52.1117],[-173.8862,52.1387],[-173.9449,52.127],[-174.0231,52.13],[-174.0419,52.123],[-174.0158,52.1011],[-173.9844,52.107],[-173.9478,52.0743],[-173.9359,52.0556],[-173.876,52.0541],[-173.8361,52.0408],[-173.7831,52.0521],[-173.7493,52.0487],[-173.7006,52.0594],[-173.673,52.0515],[-173.6569,52.0589],[-173.6174,52.048],[-173.5979,52.054],[-173.5722,52.0448],[-173.548,52.025],[-173.5359,52.0313],[-173.4926,52.0348],[-173.4776,52.0453],[-173.3745,52.0395],[-173.3453,52.0522],[-173.2968,52.0528],[-173.2756,52.0588],[-173.2412,52.0576],[-173.2169,52.0657],[-173.2012,52.0589],[-173.1511,52.06],[-173.0988,52.0778],[-173.0227,52.076],[-172.9985,52.0867],[-173.0282,52.0991],[-173.0731,52.0965],[-173.11,52.1019],[-173.1387,52.0884],[-173.1542,52.103],[-173.187,52.1098],[-173.2328,52.0949],[-173.2735,52.1093],[-173.3013,52.1019],[-173.3545,52.0984],[-173.389,52.1041],[-173.4541,52.1047],[-173.4772,52.1182],[-173.4955,52.1038],[-173.5181,52.1171],[-173.5442,52.1206],[-173.5152,52.1426]]],[[[-175.5007,52.1613],[-175.4998,52.1822],[-175.5288,52.1717],[-175.5007,52.1613]]],[[[175.9442,52.3364],[175.9665,52.3597],[175.9505,52.3684],[175.9067,52.3756],[175.8743,52.371],[175.8733,52.3611],[175.9113,52.3348],[175.9442,52.3364]]],[[[-172.4304,52.3904],[-172.4759,52.3844],[-172.4912,52.3708],[-172.5717,52.3489],[-172.5978,52.3121],[-172.6194,52.3005],[-172.6321,52.2644],[-172.6186,52.2563],[-172.5524,52.2559],[-172.5351,52.2469],[-172.5147,52.2639],[-172.4748,52.2657],[-172.4439,52.2833],[-172.4109,52.276],[-172.392,52.2927],[-172.3406,52.3118],[-172.3162,52.317],[-172.3024,52.3341],[-172.3055,52.3543],[-172.3255,52.3658],[-172.3778,52.367],[-172.4304,52.3904]]],[[[-174.1435,52.4148],[-174.1853,52.4164],[-174.2206,52.4008],[-174.2738,52.3954],[-174.2873,52.3779],[-174.317,52.3804],[-174.3322,52.3738],[-174.3212,52.3397],[-174.3454,52.3183],[-174.4094,52.3211],[-174.4403,52.3269],[-174.4599,52.3182],[-174.448,52.3026],[-174.4189,52.2913],[-174.3921,52.295],[-174.3782,52.2825],[-174.3543,52.2795],[-174.3173,52.2862],[-174.2938,52.2761],[-174.2416,52.2762],[-174.2285,52.253],[-174.2381,52.2412],[-174.2628,52.2379],[-174.27,52.2245],[-174.2956,52.225],[-174.3133,52.2053],[-174.3407,52.1973],[-174.3604,52.2123],[-174.3953,52.219],[-174.4329,52.2141],[-174.4607,52.2176],[-174.4556,52.2011],[-174.4159,52.1844],[-174.4367,52.1767],[-174.4854,52.1831],[-174.5114,52.1719],[-174.5535,52.1801],[-174.5648,52.175],[-174.5446,52.1484],[-174.508,52.1481],[-174.5135,52.1368],[-174.5643,52.1346],[-174.5926,52.1433],[-174.5988,52.1229],[-174.6748,52.107],[-174.6967,52.1086],[-174.7205,52.1214],[-174.7473,52.1187],[-174.7476,52.0957],[-174.7816,52.0918],[-174.8136,52.0966],[-174.8403,52.0918],[-174.8607,52.1026],[-174.883,52.1009],[-174.9016,52.115],[-174.9268,52.1096],[-174.9263,52.0953],[-174.9898,52.0605],[-175.0069,52.0788],[-175.0316,52.0791],[-175.0504,52.0575],[-175.0939,52.0363],[-175.1286,52.0589],[-175.1882,52.0543],[-175.2168,52.0332],[-175.245,52.0336],[-175.2567,52.0423],[-175.2999,52.0198],[-175.2724,52.018],[-175.2118,52.006],[-175.1718,52.0091],[-175.11,52.0063],[-175.0839,52.011],[-175.0252,52.0064],[-175.0019,52.0272],[-174.9728,52.0223],[-174.9677,52.0381],[-174.9255,52.0342],[-174.8939,52.0466],[-174.8272,52.0304],[-174.7913,52.032],[-174.7358,52.0076],[-174.7135,52.0089],[-174.6936,52.0249],[-174.6886,52.0395],[-174.6597,52.0348],[-174.6479,52.0244],[-174.6253,52.0303],[-174.5982,52.0482],[-174.5743,52.0505],[-174.5627,52.0385],[-174.5385,52.0458],[-174.5436,52.0609],[-174.489,52.0737],[-174.4587,52.0633],[-174.435,52.0383],[-174.4151,52.0284],[-174.4082,52.0568],[-174.3968,52.0621],[-174.3958,52.0895],[-174.373,52.0919],[-174.3718,52.1082],[-174.3434,52.1102],[-174.33,52.1217],[-174.2829,52.1146],[-174.2722,52.0961],[-174.22,52.101],[-174.1868,52.1157],[-174.1449,52.1254],[-174.1102,52.1141],[-174.0809,52.1202],[-174.0888,52.1389],[-174.1516,52.1702],[-174.1594,52.1924],[-174.1889,52.195],[-174.2076,52.2138],[-174.1893,52.2311],[-174.1581,52.2242],[-174.1399,52.2297],[-174.0626,52.2242],[-174.0418,52.242],[-174.0395,52.2639],[-174.0192,52.2706],[-173.9951,52.2895],[-173.9889,52.3113],[-174.0125,52.3409],[-174.0104,52.3609],[-174.0585,52.3721],[-174.0748,52.3924],[-174.1188,52.4005],[-174.1435,52.4148]]],[[[173.7077,52.4774],[173.755,52.4961],[173.7695,52.5121],[173.6806,52.5129],[173.6239,52.5069],[173.5875,52.4768],[173.5557,52.4795],[173.5301,52.45],[173.501,52.4409],[173.4762,52.4419],[173.4457,52.455],[173.38,52.4318],[173.3561,52.4056],[173.3955,52.4026],[173.4654,52.3846],[173.5121,52.385],[173.5599,52.4012],[173.5888,52.401],[173.6068,52.3782],[173.6513,52.3564],[173.7257,52.3566],[173.7123,52.421],[173.6916,52.4459],[173.7077,52.4774]]],[[[-171.2205,52.4628],[-171.1956,52.4943],[-171.2507,52.5302],[-171.2937,52.5155],[-171.3111,52.4997],[-171.3149,52.4826],[-171.3063,52.458],[-171.2697,52.4516],[-171.2419,52.4525],[-171.2205,52.4628]]],[[[-171.12,52.5639],[-171.12,52.5819],[-171.1395,52.5864],[-171.1599,52.5788],[-171.1682,52.5621],[-171.1411,52.5572],[-171.12,52.5639]]],[[[-170.6475,52.6944],[-170.6746,52.6973],[-170.6929,52.6797],[-170.7262,52.6822],[-170.743,52.6722],[-170.7535,52.649],[-170.7749,52.6405],[-170.8198,52.6352],[-170.8205,52.612],[-170.8326,52.6027],[-170.8352,52.5672],[-170.7948,52.5434],[-170.744,52.5721],[-170.7359,52.5842],[-170.6836,52.6016],[-170.6603,52.5964],[-170.6085,52.6017],[-170.5778,52.6348],[-170.5641,52.6414],[-170.5629,52.6746],[-170.599,52.6905],[-170.6475,52.6944]]],[[[174.1592,52.7074],[174.1453,52.7285],[174.0966,52.7435],[174.0692,52.7349],[174.0718,52.7183],[174.1094,52.7086],[174.1592,52.7074]]],[[[174.0217,52.7303],[174.0036,52.7443],[173.9541,52.7514],[173.9726,52.7294],[174.0048,52.7199],[174.0217,52.7303]]],[[[173.9315,52.7586],[173.8974,52.7718],[173.8616,52.7736],[173.8947,52.7508],[173.9315,52.7586]]],[[[-170.1094,52.7852],[-170.1593,52.7864],[-170.18,52.752],[-170.1747,52.7322],[-170.1838,52.7244],[-170.1232,52.717],[-170.0778,52.7208],[-170.0566,52.7418],[-170.0521,52.7691],[-170.0982,52.7772],[-170.1094,52.7852]]],[[[-169.2014,52.7711],[-169.1537,52.7985],[-169.173,52.8008],[-169.2535,52.7678],[-169.2014,52.7711]]],[[[-169.7714,52.8924],[-169.7864,52.8828],[-169.8215,52.8788],[-169.8522,52.8818],[-169.87,52.8748],[-169.8665,52.8541],[-169.8888,52.85],[-169.9475,52.8617],[-169.9879,52.8573],[-170.011,52.8316],[-169.9989,52.8097],[-169.9499,52.7872],[-169.923,52.7889],[-169.8577,52.8274],[-169.8332,52.8151],[-169.8009,52.8067],[-169.7816,52.8102],[-169.7488,52.7959],[-169.7372,52.7744],[-169.7003,52.7787],[-169.7129,52.8],[-169.6739,52.8207],[-169.6901,52.8316],[-169.6732,52.8456],[-169.6739,52.8698],[-169.6922,52.8702],[-169.7037,52.884],[-169.7714,52.8924]]],[[[-170.0549,52.9229],[-170.0877,52.9227],[-170.098,52.9069],[-170.1229,52.8971],[-170.0901,52.8698],[-170.0476,52.8601],[-170.0046,52.8755],[-169.9962,52.9037],[-170.015,52.9154],[-170.0549,52.9229]]],[[[173.1724,52.9605],[173.1596,52.9742],[173.1072,52.9932],[172.7466,53.0107],[172.6433,53.005],[172.6291,53.0013],[172.4617,52.9272],[172.469,52.9113],[172.513,52.9052],[172.5851,52.9213],[172.6404,52.9254],[172.7542,52.8775],[172.7667,52.8627],[172.7634,52.8237],[172.8094,52.7893],[172.9036,52.7617],[172.9985,52.797],[173.1185,52.7844],[173.1669,52.7952],[173.1879,52.8315],[173.2049,52.8489],[173.2291,52.8562],[173.2844,52.8279],[173.3023,52.8233],[173.413,52.8279],[173.4217,52.8455],[173.2954,52.927],[173.2513,52.9444],[173.2117,52.9395],[173.1724,52.9605]]],[[[-169.6818,53.0356],[-169.7085,53.0326],[-169.725,53.0223],[-169.7492,53.0209],[-169.7473,53.002],[-169.7631,52.9822],[-169.7447,52.9523],[-169.7237,52.9461],[-169.6981,52.9569],[-169.6833,52.9918],[-169.6685,53.0063],[-169.6682,53.0241],[-169.6818,53.0356]]],[[[-169.7626,53.0805],[-169.7824,53.0743],[-169.7871,53.0554],[-169.7481,53.0463],[-169.7403,53.0612],[-169.7626,53.0805]]],[[[-168.0048,53.5661],[-168.0341,53.5556],[-168.0626,53.5531],[-168.0872,53.5595],[-168.1434,53.5436],[-168.2349,53.5279],[-168.2378,53.5204],[-168.287,53.4913],[-168.3436,53.4717],[-168.3928,53.4296],[-168.4073,53.4223],[-168.4043,53.3974],[-168.3856,53.3824],[-168.4138,53.3394],[-168.431,53.3246],[-168.3711,53.3173],[-168.3666,53.2929],[-168.3423,53.2952],[-168.3447,53.2634],[-168.3656,53.2526],[-168.3832,53.2626],[-168.4381,53.2543],[-168.4524,53.2737],[-168.5124,53.2537],[-168.5363,53.2505],[-168.5738,53.2604],[-168.5876,53.2711],[-168.6144,53.2731],[-168.6196,53.2586],[-168.6621,53.2288],[-168.6895,53.2288],[-168.7118,53.2046],[-168.7296,53.2028],[-168.769,53.1779],[-168.7681,53.1679],[-168.793,53.1529],[-168.8032,53.1048],[-168.7673,53.0902],[-168.7715,53.064],[-168.8005,53.029],[-168.8725,53.0048],[-168.8545,52.9538],[-168.9161,52.9294],[-168.9595,52.9367],[-168.9729,52.9138],[-168.9531,52.8996],[-168.9673,52.8796],[-168.9895,52.8722],[-169.0674,52.8658],[-169.0509,52.855],[-169.0269,52.8616],[-168.9838,52.8601],[-168.9576,52.8669],[-168.8728,52.9008],[-168.8568,52.9136],[-168.8335,52.9135],[-168.8051,52.9241],[-168.786,52.9046],[-168.7555,52.9075],[-168.7567,52.9193],[-168.7816,52.9296],[-168.7849,52.9492],[-168.7677,52.9565],[-168.7245,52.9442],[-168.718,52.9624],[-168.6593,52.976],[-168.6359,52.9871],[-168.5881,53.0277],[-168.5227,53.0373],[-168.5143,53.0463],[-168.4589,53.0544],[-168.4504,53.0757],[-168.4176,53.1075],[-168.3936,53.1241],[-168.3615,53.1345],[-168.3715,53.1438],[-168.3639,53.1691],[-168.3211,53.1944],[-168.3325,53.204],[-168.2942,53.2237],[-168.2704,53.2416],[-168.1956,53.2613],[-168.1193,53.2758],[-168.1118,53.2886],[-168.0584,53.3006],[-168.002,53.3204],[-167.9794,53.3358],[-167.9083,53.3549],[-167.8979,53.3658],[-167.841,53.3862],[-167.8401,53.4116],[-167.854,53.4264],[-167.854,53.4477],[-167.8035,53.4761],[-167.7845,53.5004],[-167.7912,53.5214],[-167.8619,53.5198],[-167.9063,53.5222],[-167.9559,53.5333],[-167.9616,53.5517],[-167.9792,53.5626],[-168.0048,53.5661]]],[[[-166.101,53.845],[-166.1583,53.8446],[-166.2113,53.8295],[-166.2074,53.811],[-166.2203,53.7887],[-166.2402,53.8095],[-166.3003,53.7991],[-166.3002,53.7519],[-166.2909,53.7383],[-166.2641,53.7359],[-166.2495,53.7155],[-166.2297,53.7094],[-166.2216,53.7314],[-166.1853,53.7295],[-166.1591,53.7468],[-166.1967,53.7685],[-166.132,53.7685],[-166.14,53.8033],[-166.1361,53.8195],[-166.101,53.845]]],[[[-166.1267,53.9907],[-166.1633,53.9994],[-166.194,53.9749],[-166.1935,53.9597],[-166.112,53.9566],[-166.0732,53.97],[-166.1267,53.9907]]],[[[-166.6568,54.0108],[-166.6906,54.0116],[-166.7025,53.999],[-166.7259,53.9994],[-166.7461,54.0144],[-166.7819,53.9984],[-166.8189,53.9929],[-166.8349,53.98],[-166.8667,53.9797],[-166.8852,53.989],[-166.9308,53.9706],[-166.9772,53.9571],[-167.0073,53.9603],[-167.0263,53.9516],[-167.0353,53.9337],[-167.0748,53.9248],[-167.0904,53.9107],[-167.104,53.8792],[-167.1257,53.8633],[-167.1557,53.8589],[-167.152,53.8292],[-167.0936,53.82],[-167.0736,53.7874],[-167.0085,53.7557],[-166.9632,53.7775],[-166.9254,53.7601],[-166.8832,53.7577],[-166.8561,53.7447],[-166.7953,53.7358],[-166.7714,53.7361],[-166.7121,53.7277],[-166.738,53.7149],[-166.7693,53.7221],[-166.7895,53.6963],[-166.81,53.7081],[-166.8276,53.6872],[-166.8125,53.6816],[-166.7937,53.657],[-166.8085,53.6451],[-166.8309,53.6587],[-166.8557,53.6442],[-166.8641,53.6613],[-166.8573,53.6729],[-166.8697,53.69],[-166.8927,53.7023],[-166.8957,53.7167],[-167.0018,53.7154],[-167.0353,53.7083],[-167.0699,53.6842],[-167.0664,53.664],[-167.0071,53.6423],[-167.0043,53.6217],[-167.04,53.6333],[-167.0382,53.6138],[-167.0668,53.6169],[-167.1063,53.6345],[-167.1484,53.6229],[-167.1632,53.6014],[-167.1454,53.5834],[-167.1367,53.5511],[-167.0952,53.5398],[-167.0906,53.5256],[-167.0539,53.5169],[-167.0699,53.5071],[-167.1169,53.5164],[-167.185,53.5246],[-167.1591,53.5091],[-167.1557,53.4676],[-167.1905,53.4722],[-167.201,53.4622],[-167.287,53.4789],[-167.2995,53.4694],[-167.2974,53.4349],[-167.3346,53.4586],[-167.3518,53.4224],[-167.3908,53.4369],[-167.385,53.4161],[-167.401,53.4134],[-167.4172,53.4333],[-167.462,53.4461],[-167.4878,53.4189],[-167.5112,53.4123],[-167.498,53.3942],[-167.5426,53.39],[-167.5718,53.4041],[-167.5941,53.3864],[-167.6238,53.383],[-167.6559,53.39],[-167.6954,53.3869],[-167.7535,53.356],[-167.754,53.348],[-167.8086,53.3246],[-167.8525,53.3095],[-167.8284,53.2973],[-167.799,53.2923],[-167.7915,53.2768],[-167.7042,53.2683],[-167.6698,53.2596],[-167.6569,53.2449],[-167.6254,53.2522],[-167.6143,53.2776],[-167.602,53.2866],[-167.5597,53.2751],[-167.5372,53.2787],[-167.5044,53.2589],[-167.4955,53.278],[-167.4753,53.287],[-167.4516,53.3099],[-167.4528,53.3207],[-167.409,53.3307],[-167.3833,53.3443],[-167.3718,53.3357],[-167.3074,53.3343],[-167.2964,53.3697],[-167.2206,53.3824],[-167.2048,53.3953],[-167.1673,53.404],[-167.14,53.4255],[-167.0854,53.4219],[-167.0599,53.428],[-167.051,53.4488],[-167.0162,53.4527],[-166.9823,53.4487],[-166.9984,53.4289],[-166.9656,53.4308],[-166.9557,53.4643],[-166.9223,53.4624],[-166.9287,53.4418],[-166.8743,53.4305],[-166.861,53.4622],[-166.8208,53.4393],[-166.8156,53.4551],[-166.7961,53.4559],[-166.7658,53.4433],[-166.7606,53.4579],[-166.7429,53.4643],[-166.7456,53.4862],[-166.7772,53.496],[-166.7693,53.5099],[-166.7984,53.5461],[-166.776,53.5538],[-166.7386,53.5079],[-166.7115,53.4983],[-166.697,53.5051],[-166.6774,53.4872],[-166.6581,53.4862],[-166.6479,53.5067],[-166.6622,53.5247],[-166.6353,53.5247],[-166.6459,53.5619],[-166.6657,53.5791],[-166.6571,53.5924],[-166.6305,53.576],[-166.6242,53.5555],[-166.5959,53.5635],[-166.575,53.5566],[-166.5628,53.5753],[-166.5682,53.5849],[-166.5531,53.6244],[-166.5344,53.6382],[-166.5016,53.6311],[-166.4758,53.6456],[-166.4496,53.6353],[-166.428,53.6577],[-166.4006,53.6603],[-166.3885,53.6744],[-166.3654,53.6669],[-166.324,53.6784],[-166.2871,53.6835],[-166.2846,53.6992],[-166.2632,53.704],[-166.2856,53.7325],[-166.3082,53.735],[-166.32,53.7642],[-166.3369,53.7856],[-166.3725,53.7732],[-166.378,53.7362],[-166.4127,53.7632],[-166.4568,53.7495],[-166.4775,53.7221],[-166.5052,53.7283],[-166.5228,53.7195],[-166.5283,53.6931],[-166.5534,53.709],[-166.5495,53.7278],[-166.5756,53.744],[-166.4995,53.7601],[-166.5202,53.7894],[-166.4741,53.7884],[-166.4145,53.8073],[-166.429,53.829],[-166.3991,53.8284],[-166.3883,53.842],[-166.3316,53.8721],[-166.2851,53.8686],[-166.2384,53.8824],[-166.242,53.8985],[-166.214,53.9098],[-166.2558,53.923],[-166.2492,53.9409],[-166.2631,53.9716],[-166.2838,53.9815],[-166.3374,53.9463],[-166.3792,53.9477],[-166.3551,53.9928],[-166.3823,53.9953],[-166.4099,53.9846],[-166.4164,53.9448],[-166.4416,53.9518],[-166.4364,53.9242],[-166.4482,53.9023],[-166.4698,53.9034],[-166.5085,53.8855],[-166.5367,53.8974],[-166.5023,53.914],[-166.5304,53.9229],[-166.5502,53.9092],[-166.5468,53.8876],[-166.5646,53.8777],[-166.5487,53.8596],[-166.578,53.8481],[-166.5934,53.8505],[-166.5866,53.8709],[-166.6173,53.8685],[-166.6377,53.8774],[-166.6199,53.892],[-166.6472,53.9226],[-166.6255,53.9507],[-166.603,53.9554],[-166.6028,53.9854],[-166.6257,54.0062],[-166.6568,54.0108]]],[[[-165.4971,54.047],[-165.5261,54.0643],[-165.5615,54.043],[-165.5558,54.0236],[-165.4888,54.0365],[-165.4971,54.047]]],[[[-165.3492,54.0905],[-165.4182,54.0739],[-165.3345,54.0696],[-165.3157,54.047],[-165.2877,54.0383],[-165.2789,54.063],[-165.2333,54.0636],[-165.2613,54.0909],[-165.286,54.0936],[-165.3231,54.0881],[-165.3492,54.0905]]],[[[-164.9937,54.1362],[-164.9744,54.1178],[-165.0229,54.1237],[-165.0424,54.1155],[-165.0766,54.129],[-165.1059,54.1224],[-165.1406,54.1305],[-165.1534,54.1132],[-165.1781,54.1191],[-165.2059,54.1089],[-165.2145,54.0898],[-165.156,54.0798],[-165.1337,54.0858],[-165.0804,54.0686],[-165.0388,54.0656],[-164.9849,54.0774],[-164.9556,54.0731],[-164.9343,54.1014],[-164.9181,54.112],[-164.9316,54.1364],[-164.9659,54.132],[-164.9937,54.1362]]],[[[-165.9299,54.2201],[-165.9796,54.2213],[-166.0005,54.2125],[-166.0245,54.191],[-166.0509,54.1898],[-166.0825,54.1769],[-166.0758,54.1545],[-166.0984,54.1496],[-166.1046,54.1113],[-166.0918,54.0958],[-166.0687,54.0887],[-166.0499,54.0736],[-166.0485,54.0445],[-165.99,54.057],[-165.9803,54.0709],[-165.9546,54.0589],[-165.9304,54.066],[-165.8973,54.0583],[-165.9007,54.0382],[-165.8819,54.0343],[-165.8515,54.0551],[-165.8484,54.0778],[-165.7873,54.0739],[-165.7711,54.0657],[-165.7134,54.0883],[-165.6784,54.0915],[-165.6618,54.1286],[-165.7359,54.1125],[-165.7923,54.1252],[-165.7376,54.1447],[-165.7466,54.1607],[-165.8115,54.1776],[-165.8317,54.1613],[-165.8595,54.1661],[-165.8778,54.1795],[-165.8633,54.2002],[-165.8707,54.2134],[-165.9059,54.2125],[-165.9299,54.2201]]],[[[-164.7893,54.2236],[-164.8832,54.1962],[-164.8613,54.1913],[-164.8218,54.2006],[-164.7893,54.2236]]],[[[-165.503,54.298],[-165.546,54.2949],[-165.5755,54.2804],[-165.6064,54.2945],[-165.6302,54.2985],[-165.6349,54.277],[-165.6753,54.2672],[-165.6879,54.2425],[-165.6692,54.229],[-165.6418,54.2288],[-165.614,54.2448],[-165.5826,54.2255],[-165.6361,54.198],[-165.5983,54.1642],[-165.6226,54.1448],[-165.6116,54.1162],[-165.5748,54.1089],[-165.5496,54.1131],[-165.5368,54.129],[-165.5558,54.1442],[-165.4902,54.1602],[-165.4797,54.1798],[-165.4163,54.1798],[-165.3999,54.1749],[-165.3837,54.1972],[-165.4068,54.2127],[-165.4296,54.2052],[-165.4702,54.2126],[-165.4978,54.2098],[-165.5553,54.2383],[-165.5558,54.2563],[-165.518,54.2661],[-165.509,54.2833],[-165.4793,54.2815],[-165.4738,54.2933],[-165.503,54.298]]],[[[-162.4582,54.4173],[-162.4827,54.408],[-162.4537,54.3824],[-162.4311,54.3711],[-162.4007,54.3759],[-162.4099,54.4007],[-162.4582,54.4173]]],[[[-162.8233,54.4874],[-162.8465,54.4192],[-162.8104,54.3934],[-162.775,54.384],[-162.7317,54.4011],[-162.6959,54.3877],[-162.6676,54.3837],[-162.6481,54.3941],[-162.5853,54.3871],[-162.5547,54.3961],[-162.5616,54.4284],[-162.6046,54.4419],[-162.6303,54.4447],[-162.6678,54.4595],[-162.7997,54.4918],[-162.8233,54.4874]]],[[[-159.5751,54.8244],[-159.6053,54.8148],[-159.5806,54.7738],[-159.5956,54.7634],[-159.5716,54.7548],[-159.5209,54.7583],[-159.5119,54.7871],[-159.5411,54.8011],[-159.5751,54.8244]]],[[[-159.7156,54.8253],[-159.7394,54.8422],[-159.7726,54.8223],[-159.8223,54.8166],[-159.7997,54.7945],[-159.7703,54.7938],[-159.7446,54.8185],[-159.7156,54.8253]]],[[[-133.5065,54.7501],[-133.5204,54.7672],[-133.5097,54.7928],[-133.5161,54.8167],[-133.5362,54.8426],[-133.557,54.8439],[-133.542,54.8103],[-133.5478,54.7809],[-133.5065,54.7501]]],[[[-132.7187,54.9363],[-132.804,54.9335],[-132.8136,54.91],[-132.8109,54.8845],[-132.7882,54.8569],[-132.7402,54.8394],[-132.7061,54.8154],[-132.6779,54.7664],[-132.6352,54.7495],[-132.6096,54.7762],[-132.6278,54.7937],[-132.6389,54.8165],[-132.6697,54.8229],[-132.6305,54.85],[-132.6582,54.8613],[-132.623,54.879],[-132.6538,54.9081],[-132.6835,54.9094],[-132.6945,54.9218],[-132.7282,54.9224],[-132.7187,54.9363]]],[[[-159.2686,54.9335],[-159.281,54.95],[-159.314,54.9321],[-159.2979,54.9215],[-159.3255,54.909],[-159.3243,54.8922],[-159.3102,54.8686],[-159.2748,54.8639],[-159.2337,54.8777],[-159.1995,54.9108],[-159.2071,54.9283],[-159.2406,54.9224],[-159.2686,54.9335]]],[[[-131.5712,54.9658],[-131.622,54.9465],[-131.5887,54.9308],[-131.5708,54.9464],[-131.5339,54.9551],[-131.5712,54.9658]]],[[[-162.2994,54.9857],[-162.3239,54.9839],[-162.366,54.9655],[-162.3817,54.9427],[-162.4229,54.9217],[-162.4241,54.9011],[-162.4137,54.8781],[-162.3535,54.8524],[-162.3454,54.8373],[-162.3158,54.8284],[-162.2743,54.8427],[-162.2726,54.8579],[-162.2327,54.8885],[-162.2391,54.926],[-162.2362,54.9564],[-162.2501,54.9728],[-162.2994,54.9857]]],[[[-132.8352,54.9857],[-132.8555,54.9921],[-132.8944,54.9692],[-132.8628,54.9432],[-132.8229,54.9484],[-132.8357,54.9621],[-132.8234,54.9798],[-132.8352,54.9857]]],[[[-131.235,54.9922],[-131.2442,55.0033],[-131.3044,54.9907],[-131.335,54.9949],[-131.3689,54.9764],[-131.4025,54.9758],[-131.417,54.9633],[-131.467,54.9685],[-131.4984,54.9321],[-131.4421,54.9038],[-131.3989,54.8895],[-131.3894,54.8695],[-131.3436,54.8558],[-131.3202,54.8709],[-131.2999,54.8616],[-131.2628,54.8604],[-131.2561,54.8769],[-131.2229,54.8824],[-131.2278,54.8924],[-131.1915,54.9146],[-131.1989,54.9229],[-131.2455,54.9335],[-131.2327,54.9487],[-131.2544,54.9757],[-131.235,54.9922]]],[[[-131.5292,55.0022],[-131.5394,54.9967],[-131.5185,54.9732],[-131.498,54.9912],[-131.5292,55.0022]]],[[[-131.2442,55.0373],[-131.2786,55.0257],[-131.2525,55.0124],[-131.2442,55.0373]]],[[[-163.7177,55.0416],[-163.7778,55.0516],[-163.8506,55.0342],[-163.8956,55.0357],[-163.9573,54.9984],[-164.0376,54.9675],[-164.0797,54.9592],[-164.1309,54.9673],[-164.1633,54.9549],[-164.1999,54.9312],[-164.269,54.9072],[-164.3379,54.8956],[-164.3961,54.923],[-164.4313,54.9313],[-164.4591,54.9206],[-164.4949,54.9156],[-164.5221,54.8977],[-164.5521,54.8881],[-164.5566,54.8502],[-164.5896,54.8016],[-164.6154,54.7789],[-164.6421,54.7345],[-164.6752,54.6953],[-164.7134,54.6573],[-164.7676,54.639],[-164.8053,54.6374],[-164.8555,54.6211],[-164.8837,54.6061],[-164.928,54.5984],[-164.9449,54.5756],[-164.9359,54.5592],[-164.9306,54.5227],[-164.906,54.511],[-164.8978,54.4956],[-164.9114,54.4833],[-164.8765,54.4648],[-164.8696,54.4434],[-164.8532,54.4391],[-164.8435,54.4201],[-164.7919,54.4026],[-164.7379,54.3947],[-164.7045,54.401],[-164.6475,54.3896],[-164.5995,54.4031],[-164.5132,54.4151],[-164.4497,54.421],[-164.375,54.4522],[-164.3334,54.4837],[-164.3258,54.5052],[-164.3434,54.5219],[-164.3218,54.5443],[-164.2506,54.5801],[-164.2067,54.5956],[-164.0908,54.6211],[-163.9563,54.6324],[-163.8525,54.6326],[-163.8116,54.6365],[-163.6885,54.6286],[-163.5873,54.6126],[-163.5739,54.628],[-163.5211,54.6328],[-163.5029,54.653],[-163.4187,54.6583],[-163.4086,54.6921],[-163.4251,54.7201],[-163.3954,54.7432],[-163.3681,54.75],[-163.3329,54.7481],[-163.3223,54.7206],[-163.2896,54.7013],[-163.2243,54.6924],[-163.196,54.699],[-163.1109,54.6929],[-163.1471,54.6748],[-163.0851,54.6621],[-163.0601,54.6613],[-163.0448,54.6719],[-163.0657,54.686],[-163.0983,54.6917],[-163.1019,54.7298],[-163.1471,54.7639],[-163.1828,54.774],[-163.2303,54.7545],[-163.2963,54.7501],[-163.3261,54.7514],[-163.3706,54.7855],[-163.3731,54.8171],[-163.4032,54.8434],[-163.406,54.886],[-163.3947,54.8947],[-163.4269,54.9514],[-163.4427,54.968],[-163.4882,54.9969],[-163.5324,55.0161],[-163.5416,55.0258],[-163.5403,55.0504],[-163.5632,55.0455],[-163.6628,55.04],[-163.7177,55.0416]]],[[[-159.8329,55.0437],[-159.8588,55.0403],[-159.8308,55.0108],[-159.8115,55.0163],[-159.8329,55.0437]]],[[[-159.4136,55.0546],[-159.44,55.0597],[-159.4557,55.0343],[-159.4196,55.0386],[-159.4219,55.0038],[-159.3998,54.9954],[-159.3987,54.9769],[-159.4355,54.9834],[-159.4526,54.9716],[-159.4269,54.9418],[-159.3863,54.9544],[-159.3656,54.9725],[-159.3285,54.9774],[-159.3442,55.0012],[-159.3766,55.0241],[-159.3563,55.0385],[-159.3478,55.0582],[-159.3739,55.063],[-159.4136,55.0546]]],[[[-159.8046,55.0932],[-159.8279,55.0734],[-159.8029,55.0608],[-159.7647,55.0701],[-159.768,55.0852],[-159.8046,55.0932]]],[[[-132.8942,55.0865],[-132.9177,55.0897],[-132.9375,55.0656],[-132.9218,55.0565],[-132.8883,55.0682],[-132.8942,55.0865]]],[[[-131.1979,55.1077],[-131.2443,55.0869],[-131.2394,55.0618],[-131.1968,55.0432],[-131.1936,55.0712],[-131.1751,55.0867],[-131.1979,55.1077]]],[[[-161.8969,55.1087],[-161.9163,55.1038],[-161.8825,55.0854],[-161.8616,55.1011],[-161.8969,55.1087]]],[[[-161.5467,55.0679],[-161.5481,55.0828],[-161.5739,55.1016],[-161.604,55.0728],[-161.5826,55.0582],[-161.5467,55.0679]]],[[[-159.7224,55.0905],[-159.7072,55.1178],[-159.7276,55.1275],[-159.7528,55.1029],[-159.7495,55.0899],[-159.7224,55.0905]]],[[[-161.8132,55.1764],[-161.8533,55.1753],[-161.8638,55.1643],[-161.8894,55.1606],[-161.9032,55.1414],[-161.8863,55.1269],[-161.8666,55.1281],[-161.8088,55.1098],[-161.7808,55.1617],[-161.7626,55.1485],[-161.7544,55.1294],[-161.7637,55.1134],[-161.7909,55.1007],[-161.7921,55.076],[-161.7566,55.0561],[-161.7141,55.0658],[-161.7052,55.0817],[-161.6748,55.0949],[-161.634,55.1051],[-161.638,55.1245],[-161.7179,55.1412],[-161.7632,55.1691],[-161.8132,55.1764]]],[[[-161.3886,55.2179],[-161.426,55.2166],[-161.4442,55.197],[-161.4126,55.1806],[-161.3442,55.1585],[-161.3275,55.1738],[-161.3287,55.1893],[-161.3456,55.2042],[-161.3511,55.2227],[-161.3886,55.2179]]],[[[-159.5075,55.2257],[-159.5206,55.2434],[-159.5477,55.2077],[-159.5729,55.218],[-159.5869,55.212],[-159.5665,55.1761],[-159.5917,55.1097],[-159.6149,55.1271],[-159.6475,55.1351],[-159.6518,55.1197],[-159.629,55.1038],[-159.5981,55.095],[-159.605,55.0837],[-159.6354,55.0852],[-159.653,55.0659],[-159.6506,55.0475],[-159.6111,55.0525],[-159.57,55.0456],[-159.5776,55.0814],[-159.5505,55.08],[-159.5353,55.0546],[-159.5123,55.0423],[-159.4873,55.054],[-159.5327,55.0837],[-159.5301,55.1061],[-159.4944,55.1373],[-159.523,55.1531],[-159.4925,55.157],[-159.5032,55.1766],[-159.536,55.1757],[-159.5415,55.1925],[-159.5154,55.2064],[-159.5075,55.2257]]],[[[-161.5279,55.2508],[-161.5354,55.2592],[-161.586,55.2491],[-161.6081,55.2404],[-161.6564,55.2442],[-161.6837,55.2324],[-161.6955,55.2094],[-161.629,55.1942],[-161.5872,55.2125],[-161.5626,55.2047],[-161.548,55.2365],[-161.5279,55.2508]]],[[[-131.4397,55.2592],[-131.4266,55.2385],[-131.408,55.2535],[-131.4397,55.2592]]],[[[-131.531,55.2682],[-131.5691,55.2682],[-131.5935,55.2567],[-131.6099,55.2386],[-131.5717,55.1672],[-131.57,55.155],[-131.5346,55.1475],[-131.5432,55.1202],[-131.5774,55.1312],[-131.5992,55.1259],[-131.6137,55.102],[-131.5916,55.0883],[-131.6164,55.0726],[-131.6316,55.0494],[-131.6482,55.0465],[-131.6449,55.0112],[-131.6078,54.9939],[-131.5805,55.0145],[-131.5332,55.0355],[-131.5401,55.0574],[-131.5237,55.063],[-131.5063,55.0442],[-131.5089,55.0268],[-131.4928,55.0118],[-131.3901,55.0115],[-131.3559,55.0408],[-131.3506,55.0715],[-131.3725,55.0883],[-131.3516,55.1186],[-131.3642,55.1632],[-131.3264,55.1698],[-131.3784,55.1911],[-131.3963,55.2097],[-131.4455,55.2176],[-131.4892,55.2454],[-131.4804,55.2531],[-131.531,55.2682]]],[[[-159.8759,55.2895],[-159.8901,55.2883],[-159.9028,55.2652],[-159.9371,55.2421],[-159.9206,55.2129],[-159.9413,55.2068],[-159.9654,55.2125],[-159.9524,55.1762],[-159.9709,55.1763],[-160.0055,55.1972],[-160.0276,55.2041],[-160.0501,55.1853],[-160.0189,55.144],[-159.9988,55.1341],[-160.0032,55.1076],[-160.053,55.1227],[-160.0759,55.147],[-160.1069,55.1606],[-160.127,55.1472],[-160.0846,55.1009],[-160.1117,55.1035],[-160.1561,55.1212],[-160.1796,55.1218],[-160.1873,55.1025],[-160.1256,55.0884],[-160.1149,55.0789],[-160.1734,55.0678],[-160.1712,55.0518],[-160.1346,55.0442],[-160.0968,55.0522],[-160.0807,55.0407],[-160.1047,55.0228],[-160.135,55.0116],[-160.1617,54.9747],[-160.1895,54.9654],[-160.1736,54.9478],[-160.1935,54.9314],[-160.2282,54.9395],[-160.2561,54.9166],[-160.2317,54.8749],[-160.1967,54.8749],[-160.2052,54.8881],[-160.1801,54.9034],[-160.1854,54.9316],[-160.1525,54.9439],[-160.1206,54.9487],[-160.1236,54.9664],[-160.1073,54.9873],[-160.0513,55.0053],[-159.9893,55.0482],[-160.0089,55.0632],[-159.9359,55.0731],[-159.949,55.1003],[-159.9485,55.1251],[-159.9347,55.1294],[-159.9,55.1071],[-159.8669,55.0948],[-159.8467,55.1093],[-159.8602,55.129],[-159.8268,55.1279],[-159.8128,55.1601],[-159.8289,55.1779],[-159.8611,55.175],[-159.8606,55.1506],[-159.9053,55.1437],[-159.8931,55.1976],[-159.9068,55.223],[-159.9,55.2291],[-159.8529,55.23],[-159.841,55.2449],[-159.8497,55.2677],[-159.8759,55.2895]]],[[[-131.6026,55.304],[-131.6255,55.3265],[-131.6425,55.3185],[-131.6026,55.304]]],[[[-160.029,55.3135],[-160.0271,55.324],[-160.0623,55.343],[-160.087,55.343],[-160.1127,55.3335],[-160.1042,55.3135],[-160.0385,55.3069],[-160.029,55.3135]]],[[[-160.3601,55.3609],[-160.4209,55.3382],[-160.4604,55.3471],[-160.4677,55.3571],[-160.5029,55.3489],[-160.4965,55.333],[-160.5172,55.3093],[-160.4723,55.2894],[-160.4414,55.2985],[-160.4288,55.2872],[-160.3891,55.2874],[-160.3805,55.2626],[-160.342,55.2547],[-160.3311,55.2599],[-160.3078,55.3032],[-160.3244,55.3508],[-160.3601,55.3609]]],[[[-130.9475,55.3808],[-130.9716,55.3796],[-130.9831,55.366],[-130.9781,55.3449],[-130.961,55.3159],[-130.9297,55.3409],[-130.9475,55.3808]]],[[[-160.7055,55.3996],[-160.7297,55.4072],[-160.755,55.3921],[-160.8007,55.3808],[-160.84,55.3411],[-160.8389,55.3269],[-160.8603,55.3202],[-160.8363,55.2988],[-160.8587,55.2709],[-160.8361,55.2567],[-160.8347,55.2409],[-160.8502,55.2174],[-160.8188,55.1876],[-160.7946,55.1331],[-160.785,55.16],[-160.7565,55.1948],[-160.7085,55.1991],[-160.6836,55.1938],[-160.6748,55.1714],[-160.6317,55.165],[-160.613,55.1478],[-160.5875,55.1463],[-160.568,55.1555],[-160.5376,55.1576],[-160.5246,55.132],[-160.4953,55.166],[-160.5086,55.1818],[-160.4891,55.1944],[-160.5103,55.2286],[-160.5348,55.2394],[-160.5293,55.2576],[-160.5688,55.2755],[-160.5795,55.3056],[-160.5669,55.3312],[-160.535,55.3434],[-160.5181,55.3573],[-160.5205,55.3775],[-160.5657,55.3906],[-160.6165,55.3494],[-160.5959,55.3327],[-160.6241,55.3235],[-160.6664,55.302],[-160.6831,55.3054],[-160.6957,55.3227],[-160.6512,55.3451],[-160.6486,55.3873],[-160.6626,55.3971],[-160.7055,55.3996]]],[[[-133.5753,55.4308],[-133.6131,55.4188],[-133.6069,55.4034],[-133.6516,55.3925],[-133.6675,55.3723],[-133.6238,55.3637],[-133.6442,55.3505],[-133.6563,55.3294],[-133.6891,55.3178],[-133.6682,55.3057],[-133.6684,55.2762],[-133.644,55.2699],[-133.6349,55.2516],[-133.6107,55.2519],[-133.5929,55.2936],[-133.5738,55.3145],[-133.5672,55.3435],[-133.5425,55.3351],[-133.493,55.3662],[-133.4586,55.3786],[-133.4179,55.3862],[-133.4103,55.4026],[-133.4198,55.4249],[-133.4747,55.4122],[-133.4885,55.4202],[-133.5375,55.4128],[-133.5653,55.4136],[-133.5753,55.4308]]],[[[-163.1275,55.4314],[-163.1691,55.4303],[-163.1606,55.4028],[-163.1385,55.3957],[-163.1174,55.4025],[-163.1161,55.423],[-163.1275,55.4314]]],[[[-133.2413,55.4492],[-133.2974,55.445],[-133.3271,55.4126],[-133.3072,55.4001],[-133.2748,55.4082],[-133.2539,55.4057],[-133.233,55.4299],[-133.2413,55.4492]]],[[[-160.2578,55.4618],[-160.3233,55.4446],[-160.348,55.4188],[-160.3212,55.3937],[-160.2821,55.3946],[-160.2669,55.4125],[-160.2322,55.4122],[-160.2036,55.3917],[-160.1541,55.3775],[-160.1423,55.4018],[-160.1561,55.4159],[-160.1549,55.4478],[-160.202,55.4391],[-160.2203,55.4571],[-160.2578,55.4618]]],[[[-133.4926,55.5154],[-133.5213,55.5293],[-133.5427,55.5162],[-133.5394,55.494],[-133.5674,55.4748],[-133.5912,55.4725],[-133.619,55.454],[-133.6133,55.4467],[-133.5722,55.4439],[-133.5565,55.4281],[-133.4545,55.4355],[-133.426,55.4609],[-133.4372,55.4911],[-133.4681,55.509],[-133.4926,55.5154]]],[[[-131.7528,55.5415],[-131.8107,55.5406],[-131.8414,55.5282],[-131.837,55.4922],[-131.785,55.5012],[-131.7578,55.5152],[-131.7528,55.5415]]],[[[-133.7243,55.554],[-133.7521,55.5478],[-133.7602,55.5337],[-133.715,55.5219],[-133.7198,55.5152],[-133.7678,55.5002],[-133.783,55.4847],[-133.7804,55.4692],[-133.7302,55.4699],[-133.7169,55.4564],[-133.6882,55.4513],[-133.6675,55.438],[-133.6387,55.4586],[-133.6316,55.4904],[-133.5967,55.4978],[-133.5843,55.5368],[-133.6226,55.5554],[-133.6252,55.5388],[-133.6663,55.5579],[-133.7243,55.554]]],[[[-133.3516,55.5645],[-133.3699,55.5747],[-133.3942,55.5637],[-133.4158,55.5688],[-133.4557,55.5322],[-133.4488,55.518],[-133.4191,55.5048],[-133.4065,55.4799],[-133.3609,55.449],[-133.3469,55.4686],[-133.3069,55.4811],[-133.2905,55.4999],[-133.2798,55.5251],[-133.2891,55.5488],[-133.3392,55.57],[-133.3516,55.5645]]],[[[-133.6927,55.5828],[-133.7065,55.6054],[-133.7286,55.5931],[-133.716,55.5813],[-133.6927,55.5828]]],[[[-133.6651,55.6541],[-133.6568,55.6789],[-133.6675,55.6823],[-133.7115,55.6744],[-133.7167,55.6602],[-133.6651,55.6541]]],[[[-133.6014,55.6925],[-133.6192,55.6738],[-133.5962,55.6657],[-133.6249,55.6455],[-133.5945,55.6267],[-133.6285,55.6119],[-133.662,55.6217],[-133.6228,55.5825],[-133.5869,55.6074],[-133.5776,55.6256],[-133.5458,55.6445],[-133.5422,55.6683],[-133.6014,55.6925]]],[[[-159.3542,55.7739],[-159.371,55.7725],[-159.3844,55.7234],[-159.334,55.7589],[-159.3542,55.7739]]],[[[-159.314,55.8153],[-159.3547,55.8063],[-159.3101,55.7677],[-159.2835,55.7603],[-159.2733,55.7743],[-159.2943,55.7819],[-159.2919,55.7985],[-159.314,55.8153]]],[[[-159.1232,55.868],[-159.148,55.8767],[-159.175,55.8462],[-159.1407,55.8274],[-159.1158,55.8249],[-159.0945,55.8336],[-159.1001,55.8629],[-159.1232,55.868]]],[[[-133.679,55.8512],[-133.6731,55.8791],[-133.6928,55.8918],[-133.7082,55.8806],[-133.6971,55.8618],[-133.679,55.8512]]],[[[-158.8134,55.8938],[-158.8448,55.8778],[-158.8698,55.8786],[-158.899,55.8224],[-158.8648,55.8261],[-158.8631,55.8435],[-158.8462,55.8566],[-158.7946,55.8639],[-158.8032,55.8499],[-158.7457,55.8506],[-158.7478,55.8759],[-158.8134,55.8938]]],[[[-131.5853,55.8662],[-131.622,55.9028],[-131.6392,55.9129],[-131.6689,55.9058],[-131.6895,55.8902],[-131.7,55.8623],[-131.5892,55.8528],[-131.5853,55.8662]]],[[[-155.5773,55.778],[-155.5621,55.7912],[-155.5643,55.8135],[-155.5849,55.8528],[-155.5595,55.8954],[-155.5626,55.9077],[-155.5964,55.9137],[-155.6337,55.9005],[-155.6534,55.8657],[-155.6969,55.8398],[-155.7499,55.8254],[-155.7237,55.8042],[-155.7347,55.792],[-155.7259,55.7755],[-155.6444,55.7734],[-155.613,55.7577],[-155.5861,55.7633],[-155.5773,55.778]]],[[[-134.2638,55.9217],[-134.299,55.9181],[-134.3375,55.9281],[-134.3667,55.9042],[-134.3171,55.8686],[-134.3461,55.8522],[-134.3418,55.8391],[-134.3142,55.8268],[-134.274,55.8431],[-134.2363,55.8531],[-134.2267,55.8655],[-134.1305,55.8988],[-134.12,55.9177],[-134.1497,55.9227],[-134.1901,55.9095],[-134.2294,55.9055],[-134.2277,55.8954],[-134.2624,55.8926],[-134.2638,55.9217]]],[[[-133.868,55.9368],[-133.897,55.937],[-133.9093,55.9268],[-133.9436,55.9164],[-133.9457,55.8972],[-133.9307,55.8679],[-133.91,55.851],[-133.872,55.8439],[-133.8466,55.8691],[-133.8411,55.8922],[-133.8551,55.9308],[-133.868,55.9368]]],[[[-160.8115,55.9167],[-160.8322,55.9339],[-160.8681,55.9093],[-160.9143,55.907],[-160.9304,55.8957],[-160.8115,55.9167]]],[[[-160.9076,56.026],[-160.9898,56.0229],[-160.9926,56.0153],[-160.9278,56.0149],[-160.9076,56.026]]],[[[-131.9857,56.0063],[-131.981,56.0248],[-132.0097,56.0773],[-132.0337,56.095],[-132.0687,56.0444],[-132.0691,56.0208],[-132.0423,55.9991],[-132.0499,55.984],[-132.0309,55.9748],[-132.0102,55.9824],[-132.0035,56.0013],[-131.9857,56.0063]]],[[[-156.6402,56.0704],[-156.6764,56.0871],[-156.7137,56.0588],[-156.7386,56.0245],[-156.6821,56.0212],[-156.6787,56.0396],[-156.6341,56.048],[-156.6402,56.0704]]],[[[-133.0464,56.1212],[-133.0828,56.0993],[-133.077,56.0722],[-133.0473,56.0648],[-132.9821,56.0616],[-132.9807,56.0821],[-133.0014,56.101],[-132.9903,56.1112],[-133.0464,56.1212]]],[[[-132.9142,56.1434],[-132.9315,56.1438],[-132.9414,56.1253],[-132.9218,56.1106],[-132.8919,56.1077],[-132.8773,56.1145],[-132.8767,56.1384],[-132.9142,56.1434]]],[[[-132.9981,56.1881],[-133.0014,56.1545],[-132.9764,56.159],[-132.9981,56.1881]]],[[[-132.9666,56.199],[-132.9786,56.1891],[-132.9484,56.1642],[-132.9161,56.159],[-132.901,56.1641],[-132.9329,56.1853],[-132.9666,56.199]]],[[[-156.7636,56.2271],[-156.7883,56.2273],[-156.8066,56.1974],[-156.805,56.1563],[-156.7648,56.1521],[-156.7653,56.1743],[-156.7512,56.1918],[-156.7821,56.2087],[-156.7636,56.2271]]],[[[-132.9914,56.243],[-133.0078,56.2247],[-133.0021,56.2145],[-132.9676,56.2053],[-132.9396,56.2055],[-132.9269,56.2166],[-132.9321,56.2319],[-132.9559,56.24],[-132.9914,56.243]]],[[[-132.963,56.2754],[-132.9926,56.2778],[-133.0057,56.2555],[-132.9714,56.2489],[-132.9593,56.2583],[-132.963,56.2754]]],[[[-133.5916,56.3519],[-133.6248,56.3587],[-133.6648,56.3109],[-133.6474,56.2953],[-133.6569,56.2812],[-133.6279,56.2465],[-133.6324,56.2188],[-133.664,56.2165],[-133.6491,56.1979],[-133.6101,56.2034],[-133.5861,56.1783],[-133.5514,56.1718],[-133.5419,56.1432],[-133.5816,56.1292],[-133.6258,56.1488],[-133.6417,56.1156],[-133.626,56.1057],[-133.582,56.0978],[-133.5188,56.0943],[-133.5043,56.0763],[-133.5469,56.078],[-133.5782,56.0737],[-133.5996,56.0827],[-133.6605,56.0843],[-133.7021,56.0662],[-133.7011,56.0496],[-133.7425,56.0236],[-133.7774,55.9908],[-133.7893,55.9699],[-133.809,55.9653],[-133.8145,55.9409],[-133.8019,55.92],[-133.7681,55.9269],[-133.7546,55.9115],[-133.7237,55.9163],[-133.6985,55.9111],[-133.6384,55.92],[-133.6196,55.9316],[-133.5937,55.9673],[-133.5388,55.9807],[-133.4977,56.0139],[-133.4789,56.0093],[-133.4651,55.9934],[-133.5057,55.9516],[-133.4684,55.933],[-133.4252,55.9299],[-133.4625,55.9082],[-133.4071,55.8962],[-133.3959,55.878],[-133.3532,55.8841],[-133.3322,55.857],[-133.3439,55.8303],[-133.322,55.814],[-133.3308,55.8064],[-133.3707,55.8087],[-133.3783,55.7948],[-133.4404,55.7887],[-133.4872,55.7896],[-133.4889,55.8127],[-133.5818,55.8373],[-133.6117,55.8151],[-133.6201,55.8287],[-133.6564,55.8233],[-133.6655,55.805],[-133.6552,55.7965],[-133.7021,55.7837],[-133.6724,55.7657],[-133.6759,55.7568],[-133.6436,55.7287],[-133.6025,55.716],[-133.5825,55.7045],[-133.5297,55.693],[-133.4946,55.7055],[-133.4984,55.7338],[-133.5164,55.7618],[-133.4927,55.7603],[-133.4235,55.7397],[-133.3669,55.7584],[-133.3415,55.748],[-133.3674,55.7266],[-133.4135,55.7241],[-133.4221,55.7155],[-133.3919,55.6805],[-133.395,55.6646],[-133.4266,55.6603],[-133.4304,55.641],[-133.4161,55.6269],[-133.3769,55.6171],[-133.332,55.5962],[-133.3023,55.5897],[-133.3063,55.5741],[-133.2469,55.5802],[-133.216,55.5753],[-133.1979,55.5878],[-133.1545,55.574],[-133.1594,55.5634],[-133.1922,55.5533],[-133.1815,55.537],[-133.1599,55.5354],[-133.1333,55.4972],[-133.1827,55.4835],[-133.1214,55.4597],[-133.1178,55.4348],[-133.0798,55.4213],[-133.0905,55.3997],[-133.1252,55.4001],[-133.1471,55.3873],[-133.159,55.365],[-133.1906,55.3823],[-133.2258,55.3827],[-133.2674,55.3571],[-133.2792,55.3418],[-133.2731,55.3296],[-133.2374,55.3097],[-133.2426,55.2896],[-133.293,55.2927],[-133.3287,55.3444],[-133.3546,55.3465],[-133.3862,55.3372],[-133.3867,55.3233],[-133.4394,55.3275],[-133.4637,55.3192],[-133.4537,55.288],[-133.4637,55.2739],[-133.4675,55.2476],[-133.4603,55.2252],[-133.4409,55.2107],[-133.4164,55.208],[-133.3843,55.2281],[-133.357,55.2235],[-133.341,55.2046],[-133.3087,55.214],[-133.2562,55.2201],[-133.2329,55.2671],[-133.2065,55.2732],[-133.1516,55.253],[-133.2155,55.2445],[-133.2376,55.1801],[-133.2056,55.1725],[-133.2281,55.1593],[-133.2013,55.1365],[-133.2284,55.1214],[-133.187,55.1116],[-133.2381,55.1021],[-133.2393,55.0873],[-133.1972,55.0636],[-133.2127,55.0451],[-133.1972,55.0312],[-133.1668,55.0249],[-133.1678,55.0116],[-133.153,54.9944],[-133.168,54.9854],[-133.1473,54.9376],[-133.1171,54.9204],[-133.0758,54.9181],[-133.0741,54.9055],[-133.0432,54.8842],[-133.0318,54.853],[-133.0021,54.823],[-132.9757,54.81],[-132.9714,54.7991],[-132.9422,54.7828],[-132.9044,54.7765],[-132.8719,54.7496],[-132.8835,54.7335],[-132.8604,54.7118],[-132.8502,54.6928],[-132.7889,54.6848],[-132.7611,54.6937],[-132.7278,54.6644],[-132.7074,54.672],[-132.6907,54.6636],[-132.6734,54.6761],[-132.7202,54.6934],[-132.6853,54.7291],[-132.7266,54.7342],[-132.7169,54.7693],[-132.7473,54.8033],[-132.7499,54.8199],[-132.7996,54.8466],[-132.8502,54.8841],[-132.8552,54.8971],[-132.889,54.8997],[-132.9146,54.9207],[-132.8961,54.929],[-132.9087,54.9449],[-132.9555,54.9745],[-132.9626,54.9884],[-132.9541,55.0159],[-133.0161,55.0449],[-133.0073,55.0522],[-133.061,55.0801],[-133.0092,55.0852],[-133.0107,55.1229],[-133.0893,55.1535],[-133.0591,55.1632],[-133.0751,55.1916],[-133.1036,55.1875],[-133.095,55.2071],[-133.1031,55.2437],[-133.1012,55.2609],[-133.072,55.2536],[-133.0416,55.2621],[-133.0368,55.2373],[-133.0487,55.2204],[-133.0404,55.2077],[-133.0147,55.203],[-132.9857,55.2141],[-132.9394,55.2103],[-132.9332,55.1932],[-132.9477,55.1753],[-132.8966,55.1578],[-132.9172,55.1403],[-132.9146,55.1253],[-132.8856,55.1161],[-132.8785,55.1005],[-132.8604,55.095],[-132.8692,55.0666],[-132.894,55.0366],[-132.8733,55.024],[-132.8367,55.0197],[-132.8101,55.0072],[-132.7822,55.0088],[-132.7644,54.997],[-132.6955,55.0196],[-132.6834,55.0471],[-132.6988,55.0667],[-132.6929,55.0792],[-132.7133,55.0939],[-132.6967,55.1085],[-132.6988,55.1278],[-132.714,55.1393],[-132.7388,55.1369],[-132.7896,55.1708],[-132.812,55.1734],[-132.8329,55.2],[-132.7989,55.1917],[-132.8005,55.1816],[-132.7704,55.1765],[-132.725,55.1521],[-132.6896,55.1431],[-132.6563,55.1414],[-132.6356,55.1567],[-132.6304,55.1737],[-132.6613,55.2134],[-132.6484,55.2235],[-132.6109,55.1974],[-132.5961,55.1734],[-132.5969,55.1548],[-132.6287,55.1111],[-132.6384,55.0792],[-132.6259,55.0528],[-132.609,55.0886],[-132.5752,55.1263],[-132.5467,55.0969],[-132.5648,55.0665],[-132.5664,55.0444],[-132.5881,55.0396],[-132.594,55.0172],[-132.5738,55.0155],[-132.5752,54.9983],[-132.6011,55.0028],[-132.6137,54.9915],[-132.6163,54.9713],[-132.5631,54.9345],[-132.5301,54.9326],[-132.5403,54.9173],[-132.5232,54.8962],[-132.5049,54.8936],[-132.4659,54.901],[-132.4224,54.8968],[-132.406,54.874],[-132.353,54.8629],[-132.3442,54.8413],[-132.3618,54.8184],[-132.4041,54.8269],[-132.4424,54.8293],[-132.4649,54.8092],[-132.4635,54.7944],[-132.5023,54.7878],[-132.488,54.7755],[-132.4291,54.7859],[-132.3979,54.7743],[-132.3661,54.7702],[-132.3646,54.7477],[-132.3226,54.744],[-132.3202,54.7188],[-132.2793,54.7117],[-132.2624,54.728],[-132.232,54.7169],[-132.2009,54.7253],[-132.198,54.7072],[-132.1638,54.705],[-132.1669,54.6917],[-132.1186,54.6903],[-132.0899,54.7008],[-132.0558,54.7013],[-132.0147,54.6913],[-132.0181,54.7102],[-131.9971,54.7307],[-131.9979,54.7484],[-132.0106,54.7581],[-131.989,54.7822],[-131.9556,54.7898],[-131.9524,54.8031],[-131.9617,54.8345],[-131.9743,54.8504],[-132.0413,54.8779],[-132.0248,54.8858],[-131.9845,54.8671],[-131.9719,54.8756],[-131.9789,54.9199],[-131.9671,54.9603],[-131.9895,55.0125],[-131.98,55.0379],[-132.0157,55.0322],[-132.0356,55.0376],[-132.0488,55.0211],[-132.0666,55.023],[-132.0826,55.0094],[-132.1147,55.0084],[-132.1438,54.9883],[-132.1863,54.9959],[-132.2266,54.9905],[-132.23,55.0015],[-132.1393,55.0208],[-132.1331,55.0286],[-132.0861,55.0425],[-132.1044,55.0599],[-132.0874,55.0791],[-132.0489,55.0834],[-131.9931,55.1096],[-131.9965,55.1183],[-132.0343,55.1255],[-132.032,55.1404],[-132.0092,55.1514],[-131.9754,55.1774],[-131.979,55.2126],[-131.9931,55.2392],[-131.9924,55.2596],[-132.0198,55.2786],[-132.047,55.2741],[-132.0769,55.2452],[-132.0708,55.2328],[-132.1025,55.1987],[-132.1883,55.2242],[-132.2025,55.217],[-132.2645,55.2034],[-132.2554,55.2275],[-132.2126,55.2437],[-132.1579,55.2364],[-132.1331,55.241],[-132.0943,55.2667],[-132.145,55.3202],[-132.1517,55.3467],[-132.2301,55.3822],[-132.2332,55.3943],[-132.2636,55.4176],[-132.2996,55.4196],[-132.3618,55.408],[-132.3789,55.3924],[-132.4161,55.4215],[-132.3953,55.4349],[-132.3644,55.4293],[-132.3013,55.4376],[-132.2806,55.4443],[-132.3152,55.4682],[-132.3743,55.481],[-132.3968,55.4754],[-132.4148,55.5158],[-132.4837,55.5044],[-132.5156,55.5142],[-132.5597,55.5063],[-132.5664,55.4757],[-132.6174,55.4798],[-132.5775,55.5179],[-132.5286,55.5506],[-132.5349,55.5608],[-132.5822,55.5716],[-132.56,55.58],[-132.4884,55.5809],[-132.4626,55.5559],[-132.4231,55.5396],[-132.3479,55.5228],[-132.2301,55.4845],[-132.2156,55.4695],[-132.1741,55.4502],[-132.1436,55.4547],[-132.1497,55.4754],[-132.1984,55.5143],[-132.2762,55.5413],[-132.2974,55.5382],[-132.3034,55.5593],[-132.3278,55.5753],[-132.3266,55.5925],[-132.3414,55.5993],[-132.3551,55.6433],[-132.3896,55.6703],[-132.4181,55.6677],[-132.4157,55.6504],[-132.4417,55.6427],[-132.4414,55.6707],[-132.4557,55.6801],[-132.4579,55.7017],[-132.4441,55.7194],[-132.4932,55.7595],[-132.4698,55.7836],[-132.5319,55.8398],[-132.5601,55.8563],[-132.5818,55.8798],[-132.6147,55.8971],[-132.6168,55.9087],[-132.7162,55.9593],[-132.7338,55.984],[-132.7719,55.9919],[-132.8197,56.0134],[-132.8412,56.0338],[-132.8864,56.0328],[-132.9269,56.0237],[-132.9243,56.0476],[-132.9321,56.0607],[-132.9681,56.0611],[-132.9975,56.0476],[-133.0146,56.0564],[-133.0662,56.0425],[-133.0957,56.0494],[-133.0927,56.0615],[-133.1156,56.0776],[-133.1094,56.0963],[-133.0751,56.1183],[-133.077,56.1315],[-133.0468,56.1509],[-133.0386,56.1757],[-133.0582,56.1918],[-133.0473,56.2075],[-133.0703,56.2253],[-133.0739,56.2461],[-133.1143,56.2494],[-133.1175,56.2753],[-133.1306,56.2826],[-133.175,56.3289],[-133.2023,56.3363],[-133.2325,56.3234],[-133.2538,56.3346],[-133.3094,56.3234],[-133.3439,56.337],[-133.4043,56.3369],[-133.4218,56.3284],[-133.4834,56.3404],[-133.5782,56.3533],[-133.5916,56.3519]]],[[[-157.8182,56.3504],[-157.8303,56.3669],[-157.8695,56.3599],[-157.904,56.3464],[-157.8652,56.3338],[-157.8517,56.3185],[-157.8172,56.3218],[-157.8182,56.3504]]],[[[-133.8096,56.4229],[-133.8339,56.4226],[-133.8077,56.3949],[-133.7787,56.4024],[-133.8096,56.4229]]],[[[-132.4926,56.4403],[-132.5364,56.421],[-132.5618,56.3936],[-132.5599,56.3739],[-132.5221,56.3539],[-132.4941,56.3549],[-132.486,56.3676],[-132.4494,56.3741],[-132.4384,56.3901],[-132.4061,56.392],[-132.4037,56.4052],[-132.4926,56.4403]]],[[[-132.7292,56.4578],[-132.7701,56.4558],[-132.8116,56.4404],[-132.8716,56.4566],[-132.9277,56.4582],[-132.9541,56.453],[-133.0048,56.4293],[-133.0457,56.3715],[-133.0701,56.3552],[-133.066,56.3309],[-132.9913,56.3057],[-132.9521,56.2894],[-132.9408,56.2735],[-132.8836,56.2482],[-132.8726,56.2322],[-132.8,56.2495],[-132.7269,56.2563],[-132.6572,56.2779],[-132.6514,56.2966],[-132.6597,56.3221],[-132.678,56.3505],[-132.647,56.3801],[-132.6226,56.3885],[-132.6291,56.4182],[-132.6711,56.442],[-132.7292,56.4578]]],[[[-132.6191,56.4878],[-132.65,56.4865],[-132.6462,56.4692],[-132.5896,56.4487],[-132.5753,56.4612],[-132.5898,56.475],[-132.6191,56.4878]]],[[[-133.7844,56.4733],[-133.8158,56.4939],[-133.8412,56.4902],[-133.8186,56.4687],[-133.7916,56.4561],[-133.7844,56.4733]]],[[[-132.5824,56.5135],[-132.6168,56.5092],[-132.6135,56.4936],[-132.5717,56.4868],[-132.5705,56.5072],[-132.5824,56.5135]]],[[[-132.459,56.5442],[-132.4768,56.5399],[-132.4745,56.515],[-132.4388,56.5247],[-132.459,56.5442]]],[[[-132.5446,56.5118],[-132.521,56.5395],[-132.5336,56.5623],[-132.5667,56.5303],[-132.5446,56.5118]]],[[[-157.243,56.5832],[-157.2703,56.5795],[-157.3157,56.5434],[-157.3043,56.5317],[-157.2665,56.529],[-157.242,56.5332],[-157.1955,56.5273],[-157.1503,56.5282],[-157.1194,56.5525],[-157.0172,56.5486],[-156.9958,56.5515],[-157.0771,56.5806],[-157.1315,56.5803],[-157.1674,56.5841],[-157.2064,56.5772],[-157.243,56.5832]]],[[[-154.7464,56.4024],[-154.6998,56.4209],[-154.6863,56.4356],[-154.6373,56.4686],[-154.5998,56.4838],[-154.5539,56.4966],[-154.4674,56.5139],[-154.4631,56.5263],[-154.3927,56.5541],[-154.3877,56.571],[-154.4011,56.5869],[-154.4736,56.6019],[-154.5132,56.601],[-154.5582,56.5866],[-154.6392,56.5464],[-154.6894,56.5266],[-154.7274,56.5001],[-154.7937,56.4366],[-154.7894,56.4186],[-154.7685,56.4046],[-154.7464,56.4024]]],[[[-132.4508,56.5641],[-132.4084,56.5851],[-132.406,56.6067],[-132.4516,56.5962],[-132.4847,56.5658],[-132.4508,56.5641]]],[[[-169.7544,56.6142],[-169.763,56.6011],[-169.7472,56.5868],[-169.7155,56.5854],[-169.6754,56.5758],[-169.6688,56.5523],[-169.6361,56.5378],[-169.5763,56.5318],[-169.5576,56.5394],[-169.5351,56.5639],[-169.4983,56.5701],[-169.4659,56.5938],[-169.4983,56.6058],[-169.5862,56.6014],[-169.6129,56.6059],[-169.6544,56.6034],[-169.7544,56.6142]]],[[[-154.0828,56.6118],[-154.0966,56.6198],[-154.1458,56.6099],[-154.1943,56.6073],[-154.2216,56.6172],[-154.2877,56.5975],[-154.3131,56.5863],[-154.3647,56.5401],[-154.3618,56.5258],[-154.3393,56.508],[-154.2749,56.5043],[-154.2302,56.4935],[-154.1612,56.5099],[-154.1073,56.5009],[-154.0621,56.5008],[-154.0015,56.5067],[-153.9516,56.5051],[-153.9371,56.5172],[-153.8848,56.5316],[-153.8658,56.5511],[-153.8715,56.5626],[-153.91,56.5646],[-153.9419,56.5586],[-154.0227,56.5529],[-154.0443,56.5599],[-154.0764,56.591],[-154.0828,56.6118]]],[[[-154.0324,56.7178],[-154.0707,56.7184],[-154.1237,56.6952],[-154.0265,56.6853],[-154.0182,56.6922],[-154.0324,56.7178]]],[[[-135.5655,56.8696],[-135.5605,56.8443],[-135.5348,56.8366],[-135.4905,56.8524],[-135.5655,56.8696]]],[[[-153.5896,56.8873],[-153.5575,56.9002],[-153.5585,56.9143],[-153.6025,56.9076],[-153.6179,56.9001],[-153.5896,56.8873]]],[[[-133.8717,57.0971],[-133.8809,57.0998],[-133.9441,57.0843],[-134.0121,57.0716],[-134.0333,57.0555],[-134.0173,57.0407],[-134.0371,57.0212],[-133.9886,57.0013],[-133.9496,56.9758],[-133.9018,56.9541],[-133.898,56.9401],[-133.8759,56.9176],[-133.8778,56.9006],[-133.8966,56.8851],[-133.8728,56.8593],[-133.8189,56.8533],[-133.835,56.8425],[-133.7965,56.8249],[-133.7771,56.8092],[-133.7723,56.7872],[-133.8151,56.7889],[-133.8139,56.8013],[-133.8524,56.8033],[-133.8726,56.8105],[-133.8928,56.8035],[-133.8678,56.7819],[-133.8781,56.7407],[-133.8771,56.7214],[-133.8992,56.7041],[-133.9418,56.735],[-133.9209,56.7493],[-133.9373,56.7919],[-133.9667,56.8058],[-133.9655,56.8227],[-133.9995,56.8245],[-134.0076,56.8589],[-134.0442,56.9203],[-134.0604,56.9301],[-134.1117,56.9404],[-134.1355,56.9519],[-134.1621,56.9253],[-134.1882,56.9195],[-134.2089,56.9304],[-134.261,56.938],[-134.2538,56.9211],[-134.2303,56.9233],[-134.2025,56.9082],[-134.2168,56.9013],[-134.1466,56.8761],[-134.16,56.8467],[-134.2246,56.8745],[-134.2919,56.907],[-134.3197,56.9072],[-134.3556,56.8919],[-134.3525,56.8839],[-134.3824,56.8645],[-134.4098,56.8559],[-134.4221,56.8329],[-134.4114,56.8006],[-134.3905,56.7599],[-134.4005,56.7267],[-134.3701,56.6898],[-134.3686,56.6746],[-134.3437,56.6729],[-134.3318,56.6479],[-134.299,56.6489],[-134.2805,56.6208],[-134.3083,56.5957],[-134.2893,56.5593],[-134.242,56.5555],[-134.2018,56.5413],[-134.1871,56.5158],[-134.1516,56.4923],[-134.1241,56.4578],[-134.1571,56.4367],[-134.135,56.406],[-134.1476,56.3846],[-134.1854,56.449],[-134.2139,56.4763],[-134.2462,56.4561],[-134.2531,56.4417],[-134.2386,56.4306],[-134.2505,56.4151],[-134.2346,56.4089],[-134.2607,56.3701],[-134.2928,56.3541],[-134.2938,56.3417],[-134.2731,56.3156],[-134.2947,56.3095],[-134.2764,56.288],[-134.25,56.2883],[-134.2374,56.3099],[-134.2084,56.3081],[-134.2163,56.2839],[-134.2301,56.2754],[-134.275,56.2653],[-134.2769,56.2527],[-134.2567,56.2224],[-134.256,56.1752],[-134.2633,56.1636],[-134.2201,56.1632],[-134.2094,56.1552],[-134.2275,56.1407],[-134.2614,56.1307],[-134.2593,56.1188],[-134.2108,56.104],[-134.2291,56.0899],[-134.236,56.0693],[-134.184,56.0557],[-134.178,56.023],[-134.1371,56.0088],[-134.1198,56.0197],[-134.1108,56.0496],[-134.1364,56.066],[-134.0875,56.0949],[-134.1115,56.1036],[-134.1024,56.1362],[-134.1871,56.1523],[-134.1709,56.1614],[-134.115,56.1642],[-134.0965,56.1792],[-134.0972,56.2314],[-134.0739,56.2416],[-134.0813,56.2678],[-134.0501,56.2948],[-134.0421,56.2531],[-134.0608,56.2389],[-134.0592,56.2171],[-134.0345,56.1925],[-134.0245,56.1646],[-134.0269,56.1483],[-134.0449,56.1175],[-134.0159,56.0865],[-133.9969,56.0822],[-133.9605,56.0914],[-133.9589,56.1324],[-133.9384,56.1352],[-133.9342,56.1648],[-133.956,56.2055],[-133.9213,56.2122],[-133.8999,56.203],[-133.8812,56.2232],[-133.9159,56.2744],[-133.9294,56.2791],[-133.9384,56.3028],[-133.976,56.3159],[-133.9841,56.343],[-133.9534,56.346],[-133.9104,56.3021],[-133.8938,56.2991],[-133.8766,56.2759],[-133.8517,56.2866],[-133.8612,56.3042],[-133.8315,56.323],[-133.8498,56.3498],[-133.9071,56.3667],[-133.9161,56.385],[-133.8762,56.3925],[-133.9071,56.4388],[-133.8842,56.4435],[-133.865,56.4284],[-133.8348,56.4301],[-133.8522,56.4477],[-133.8607,56.4774],[-133.9216,56.4956],[-133.9254,56.5148],[-133.8892,56.5091],[-133.8736,56.5205],[-133.8591,56.5583],[-133.8412,56.5689],[-133.8514,56.5842],[-133.8842,56.5939],[-133.8747,56.6061],[-133.8398,56.6082],[-133.837,56.5964],[-133.7958,56.5802],[-133.7839,56.5618],[-133.7386,56.5591],[-133.7236,56.583],[-133.7029,56.5893],[-133.6801,56.6099],[-133.6558,56.5922],[-133.691,56.5788],[-133.6924,56.563],[-133.6646,56.5533],[-133.6756,56.535],[-133.6701,56.4867],[-133.6611,56.4465],[-133.6028,56.4356],[-133.5075,56.4366],[-133.4954,56.4484],[-133.4331,56.4515],[-133.4122,56.4606],[-133.4148,56.4742],[-133.4381,56.4885],[-133.374,56.4946],[-133.358,56.4737],[-133.3276,56.467],[-133.3,56.48],[-133.2815,56.4701],[-133.2543,56.4768],[-133.2044,56.4477],[-133.1543,56.4597],[-133.1257,56.4774],[-133.0851,56.5298],[-133.0574,56.5334],[-133.0401,56.5187],[-132.9924,56.5107],[-132.9858,56.5325],[-132.9613,56.5372],[-132.9504,56.5098],[-132.9007,56.5009],[-132.8729,56.5089],[-132.8168,56.4942],[-132.7382,56.5059],[-132.7027,56.5287],[-132.6502,56.5532],[-132.6217,56.5515],[-132.5421,56.584],[-132.543,56.6049],[-132.5996,56.6167],[-132.6283,56.6462],[-132.621,56.6685],[-132.6899,56.6871],[-132.7049,56.701],[-132.7379,56.7127],[-132.7408,56.7256],[-132.7653,56.7557],[-132.7838,56.7621],[-132.8235,56.7936],[-132.9136,56.8044],[-132.9442,56.8268],[-132.9397,56.8422],[-132.9518,56.8759],[-132.9661,56.8869],[-132.9777,56.9205],[-132.9956,56.9397],[-133.0336,56.9519],[-133.0766,56.9905],[-133.1215,57.0013],[-133.1931,57.0112],[-133.262,57.0075],[-133.3088,57.0154],[-133.3209,57.0102],[-133.4087,57.0081],[-133.4935,57.0353],[-133.5315,57.0354],[-133.5684,57.0437],[-133.6045,57.0592],[-133.6406,57.0571],[-133.7,57.0645],[-133.7405,57.0783],[-133.8258,57.0862],[-133.8717,57.0971]]],[[[-135.4387,57.094],[-135.4472,57.1146],[-135.4772,57.1153],[-135.4826,57.1013],[-135.4472,57.0836],[-135.4387,57.094]]],[[[-170.1023,57.2496],[-170.1528,57.2249],[-170.2319,57.2107],[-170.2845,57.2112],[-170.3025,57.219],[-170.364,57.203],[-170.3884,57.2072],[-170.4167,57.1918],[-170.4212,57.1717],[-170.4066,57.1605],[-170.3353,57.1513],[-170.3015,57.1532],[-170.2878,57.1441],[-170.287,57.1217],[-170.2568,57.13],[-170.2549,57.1406],[-170.2134,57.1471],[-170.1738,57.1625],[-170.159,57.1752],[-170.1588,57.1931],[-170.1321,57.226],[-170.1107,57.2321],[-170.1023,57.2496]]],[[[-135.4471,57.243],[-135.4798,57.2519],[-135.5156,57.2284],[-135.4611,57.1879],[-135.4211,57.1937],[-135.3973,57.2185],[-135.3967,57.2345],[-135.4121,57.2481],[-135.4471,57.243]]],[[[-133.8103,57.3087],[-133.856,57.3104],[-133.8743,57.2862],[-133.8486,57.2756],[-133.7923,57.2988],[-133.8103,57.3087]]],[[[-135.7498,57.3388],[-135.7847,57.335],[-135.8482,57.3386],[-135.8582,57.3214],[-135.8289,57.3084],[-135.8449,57.2703],[-135.8259,57.2433],[-135.8021,57.2346],[-135.8218,57.2204],[-135.8187,57.2049],[-135.8361,57.1753],[-135.8104,57.1659],[-135.7885,57.1748],[-135.7477,57.1646],[-135.7358,57.1485],[-135.7593,57.1387],[-135.7624,57.1138],[-135.8002,57.1086],[-135.843,57.0858],[-135.8525,56.9929],[-135.7674,57.0022],[-135.7165,57.0034],[-135.6832,57.0148],[-135.6364,57.0223],[-135.6112,57.0425],[-135.6043,57.0679],[-135.5713,57.0902],[-135.5765,57.1098],[-135.5618,57.1347],[-135.5668,57.1553],[-135.5126,57.1398],[-135.5,57.1562],[-135.4558,57.1803],[-135.5328,57.2276],[-135.5497,57.2095],[-135.5494,57.1884],[-135.5616,57.1786],[-135.6048,57.164],[-135.6012,57.1965],[-135.6229,57.2157],[-135.6269,57.2449],[-135.5958,57.2281],[-135.5696,57.2274],[-135.5704,57.248],[-135.6279,57.3022],[-135.7313,57.3379],[-135.7498,57.3388]]],[[[-152.2869,57.3931],[-152.3185,57.3639],[-152.2881,57.3644],[-152.2548,57.3811],[-152.2869,57.3931]]],[[[-135.4156,57.5607],[-135.4477,57.5581],[-135.5192,57.5109],[-135.5492,57.5044],[-135.5345,57.4852],[-135.5349,57.4494],[-135.5616,57.4479],[-135.5642,57.4342],[-135.5877,57.4137],[-135.6321,57.3983],[-135.626,57.3877],[-135.5818,57.3882],[-135.5684,57.3808],[-135.5228,57.3737],[-135.5528,57.362],[-135.6276,57.3729],[-135.6851,57.3718],[-135.6935,57.3616],[-135.6735,57.337],[-135.6376,57.3219],[-135.6369,57.3137],[-135.5715,57.29],[-135.5991,57.2812],[-135.5822,57.2702],[-135.5547,57.2359],[-135.5318,57.2384],[-135.5017,57.2539],[-135.4698,57.2551],[-135.4465,57.2477],[-135.4144,57.253],[-135.3438,57.247],[-135.3724,57.2312],[-135.3774,57.1994],[-135.4244,57.1689],[-135.4111,57.1498],[-135.3443,57.1717],[-135.3056,57.1773],[-135.2823,57.1634],[-135.3358,57.1623],[-135.3757,57.1464],[-135.3695,57.1318],[-135.3909,57.1256],[-135.4021,57.1056],[-135.3664,57.0653],[-135.368,57.0409],[-135.3277,57.0492],[-135.2975,57.047],[-135.2781,57.033],[-135.2265,57.0334],[-135.2567,57.0117],[-135.2892,57.0142],[-135.3297,57.0017],[-135.3088,56.9813],[-135.3776,56.9886],[-135.3826,56.9528],[-135.3506,56.9339],[-135.3599,56.8939],[-135.3802,56.8858],[-135.3951,56.8417],[-135.414,56.843],[-135.4944,56.8306],[-135.4904,56.812],[-135.5006,56.7873],[-135.4626,56.7746],[-135.4443,56.7825],[-135.3974,56.7758],[-135.3684,56.7814],[-135.352,56.7499],[-135.3152,56.7836],[-135.2793,56.7698],[-135.2741,56.7597],[-135.3185,56.7468],[-135.3171,56.7262],[-135.281,56.6993],[-135.2501,56.6955],[-135.2244,56.7022],[-135.2142,56.7169],[-135.1914,56.7122],[-135.2033,56.6965],[-135.2382,56.6797],[-135.2118,56.6623],[-135.1783,56.666],[-135.1743,56.6817],[-135.1358,56.6849],[-135.1529,56.6469],[-135.1365,56.6336],[-135.13,56.6149],[-135.1429,56.5954],[-135.0944,56.5964],[-135.035,56.6214],[-135.0269,56.6352],[-134.9865,56.6323],[-134.9515,56.6135],[-134.9689,56.6009],[-134.9917,56.6027],[-135.0331,56.5923],[-135.0595,56.5682],[-135.0478,56.5451],[-135.0583,56.5253],[-135.0345,56.5168],[-135.0233,56.4848],[-134.9912,56.4599],[-134.9753,56.426],[-134.9382,56.4064],[-134.9437,56.3751],[-134.9009,56.3456],[-134.8952,56.3143],[-134.8396,56.2961],[-134.8408,56.2829],[-134.8089,56.24],[-134.7731,56.2175],[-134.7357,56.2127],[-134.7056,56.2197],[-134.688,56.1988],[-134.7048,56.1876],[-134.666,56.1667],[-134.6524,56.2006],[-134.6607,56.2092],[-134.6527,56.2319],[-134.6265,56.2643],[-134.671,56.2623],[-134.6607,56.2834],[-134.6356,56.3036],[-134.6377,56.3282],[-134.6964,56.3219],[-134.6479,56.3443],[-134.6308,56.3759],[-134.642,56.3917],[-134.6339,56.4021],[-134.6451,56.4272],[-134.6391,56.477],[-134.6596,56.493],[-134.656,56.5049],[-134.6695,56.5401],[-134.6303,56.5466],[-134.6282,56.5874],[-134.6158,56.6355],[-134.6244,56.6508],[-134.6182,56.6667],[-134.6294,56.692],[-134.6303,56.7245],[-134.6531,56.7523],[-134.6724,56.8197],[-134.7016,56.8365],[-134.7035,56.8785],[-134.6962,56.899],[-134.7159,56.9221],[-134.7268,56.9484],[-134.7411,56.9532],[-134.7392,57.0053],[-134.762,57.0224],[-134.7511,57.0326],[-134.7967,57.1335],[-134.8145,57.1439],[-134.8,57.1631],[-134.8133,57.1844],[-134.8592,57.2139],[-134.844,57.2275],[-134.8414,57.2479],[-134.8794,57.2901],[-134.9129,57.2895],[-134.9025,57.2707],[-134.9165,57.2589],[-134.945,57.2706],[-134.9395,57.2977],[-134.9583,57.3081],[-134.9507,57.3275],[-134.9025,57.3421],[-134.8628,57.315],[-134.8122,57.297],[-134.8136,57.3201],[-134.8036,57.3407],[-134.8388,57.3884],[-134.8321,57.4022],[-134.8932,57.4246],[-134.9365,57.4302],[-134.9902,57.4232],[-135.0021,57.4133],[-135.0562,57.4099],[-135.0634,57.4216],[-135.1109,57.4339],[-135.1649,57.4543],[-135.1882,57.4793],[-135.2231,57.4888],[-135.2471,57.482],[-135.2944,57.4837],[-135.3493,57.4737],[-135.3621,57.4609],[-135.3916,57.453],[-135.4168,57.4587],[-135.3669,57.4792],[-135.3091,57.4946],[-135.2908,57.5098],[-135.3096,57.5189],[-135.3227,57.5384],[-135.3797,57.5577],[-135.4156,57.5607]]],[[[-136.2369,57.7172],[-136.2526,57.7282],[-136.2773,57.7128],[-136.264,57.6892],[-136.2303,57.7047],[-136.2369,57.7172]]],[[[-152.2344,57.7869],[-152.257,57.7895],[-152.2707,57.7758],[-152.3004,57.7644],[-152.2943,57.7539],[-152.237,57.7731],[-152.2344,57.7869]]],[[[-152.3228,57.7913],[-152.3413,57.7954],[-152.3615,57.7808],[-152.3506,57.77],[-152.324,57.7675],[-152.31,57.7816],[-152.3228,57.7913]]],[[[-134.2149,57.8962],[-134.2032,57.8735],[-134.1726,57.8458],[-134.1894,57.8345],[-134.1322,57.7894],[-134.1072,57.7989],[-134.1623,57.8507],[-134.1928,57.8917],[-134.2149,57.8962]]],[[[-134.2605,57.9548],[-134.2778,57.9383],[-134.2367,57.9046],[-134.1833,57.9087],[-134.1773,57.9191],[-134.2011,57.9395],[-134.2213,57.94],[-134.2605,57.9548]]],[[[-152.7207,57.9768],[-152.7946,57.9794],[-152.8485,57.9709],[-152.8604,57.9534],[-152.8495,57.9417],[-152.7808,57.9212],[-152.7375,57.941],[-152.7207,57.9768]]],[[[-153.2669,57.9976],[-153.3039,57.9905],[-153.2963,57.9768],[-153.268,57.9557],[-153.2245,57.9405],[-153.2015,57.9376],[-153.1927,57.9247],[-153.1321,57.8916],[-153.0857,57.853],[-153.0974,57.8413],[-153.1544,57.8672],[-153.1637,57.8774],[-153.2115,57.8919],[-153.2367,57.8945],[-153.2564,57.8852],[-153.2847,57.9053],[-153.3103,57.9078],[-153.3954,57.9462],[-153.4187,57.9484],[-153.4598,57.9677],[-153.4767,57.9699],[-153.5155,57.9602],[-153.5335,57.9272],[-153.4898,57.8974],[-153.4518,57.878],[-153.4078,57.8714],[-153.3931,57.8571],[-153.3296,57.8504],[-153.3146,57.8242],[-153.2697,57.8188],[-153.2978,57.8022],[-153.3531,57.8103],[-153.408,57.8314],[-153.4708,57.8423],[-153.4853,57.8355],[-153.477,57.8133],[-153.4425,57.7842],[-153.4375,57.7684],[-153.4637,57.7651],[-153.4886,57.7756],[-153.5052,57.7358],[-153.5224,57.711],[-153.5511,57.7217],[-153.5499,57.7589],[-153.5297,57.7743],[-153.5428,57.7974],[-153.5575,57.8044],[-153.5704,57.8318],[-153.5968,57.8436],[-153.6217,57.8431],[-153.6303,57.8621],[-153.6181,57.881],[-153.6609,57.879],[-153.7334,57.8924],[-153.789,57.8682],[-153.8561,57.8631],[-153.8668,57.8374],[-153.9316,57.8084],[-153.9347,57.7732],[-153.9278,57.7515],[-153.9369,57.7332],[-153.9207,57.7009],[-153.8637,57.7057],[-153.8216,57.6949],[-153.7971,57.6963],[-153.7042,57.6736],[-153.6752,57.6692],[-153.6479,57.6516],[-153.6614,57.6411],[-153.7227,57.6427],[-153.7417,57.6505],[-153.8214,57.648],[-153.8649,57.6502],[-153.8786,57.6325],[-153.8665,57.6206],[-153.8061,57.5861],[-153.8461,57.5745],[-153.8487,57.5624],[-153.877,57.5452],[-153.8717,57.5142],[-153.9205,57.5068],[-153.9247,57.5331],[-153.9846,57.5442],[-153.9709,57.5674],[-153.9827,57.586],[-153.9804,57.6212],[-153.9896,57.631],[-153.9806,57.6494],[-154.0308,57.6608],[-154.0978,57.6507],[-154.2259,57.6622],[-154.2615,57.6421],[-154.3031,57.6363],[-154.3395,57.6377],[-154.3481,57.6226],[-154.3963,57.6037],[-154.4239,57.581],[-154.4621,57.5712],[-154.4992,57.578],[-154.5156,57.5678],[-154.5311,57.5416],[-154.5843,57.5202],[-154.6314,57.5086],[-154.6656,57.4563],[-154.7165,57.4304],[-154.6974,57.419],[-154.7001,57.392],[-154.7181,57.3698],[-154.7379,57.3583],[-154.7623,57.3581],[-154.7875,57.3457],[-154.7775,57.334],[-154.7502,57.3289],[-154.7421,57.3162],[-154.7504,57.2928],[-154.7267,57.2782],[-154.6917,57.2861],[-154.6732,57.2751],[-154.6209,57.2712],[-154.5912,57.2567],[-154.5662,57.2221],[-154.5299,57.1831],[-154.5237,57.1567],[-154.514,57.0768],[-154.5154,57.0276],[-154.5249,56.9947],[-154.4655,56.9829],[-154.4018,56.9658],[-154.3637,56.9405],[-154.3279,56.9282],[-154.3072,56.9101],[-154.3,56.8868],[-154.3012,56.8515],[-154.2732,56.854],[-154.2271,56.8747],[-154.2311,56.8875],[-154.2104,56.9095],[-154.1634,56.9198],[-154.117,56.9687],[-154.0757,56.9701],[-154.0417,57.0041],[-154.0174,57.0192],[-153.9725,57.0647],[-153.9036,57.0975],[-153.881,57.118],[-153.8411,57.1215],[-153.8204,57.1291],[-153.8042,57.1589],[-153.7831,57.1573],[-153.7791,57.1335],[-153.7993,57.1141],[-153.8489,57.0914],[-153.871,57.0891],[-153.9231,57.0616],[-153.9141,57.0547],[-153.9668,56.9969],[-153.9609,56.9912],[-153.9732,56.9595],[-153.9148,56.9578],[-153.8608,56.9767],[-153.8413,56.9662],[-153.8447,56.9448],[-153.8729,56.9276],[-153.9022,56.926],[-153.9428,56.9151],[-153.9801,56.8973],[-154.007,56.8607],[-154.0638,56.8495],[-154.1025,56.8133],[-154.1028,56.7997],[-154.1268,56.7853],[-154.1422,56.7509],[-154.1294,56.7435],[-154.0842,56.7517],[-154.054,56.7643],[-154.035,56.7643],[-154.0155,56.7444],[-153.9744,56.7444],[-153.9017,56.7686],[-153.8939,56.7902],[-153.8397,56.8199],[-153.8325,56.839],[-153.7985,56.8486],[-153.785,56.8324],[-153.7356,56.8485],[-153.7032,56.8532],[-153.6785,56.8753],[-153.7175,56.8772],[-153.7738,56.8677],[-153.765,56.8811],[-153.7315,56.8893],[-153.6894,56.9165],[-153.7023,56.9409],[-153.6647,56.9312],[-153.6065,56.9344],[-153.5953,56.956],[-153.5537,56.9703],[-153.5399,57.0006],[-153.6084,57.021],[-153.5763,57.0389],[-153.5915,57.0558],[-153.6357,57.0591],[-153.66,57.0534],[-153.7011,57.0572],[-153.6676,57.0738],[-153.6683,57.0865],[-153.6058,57.0865],[-153.5761,57.0932],[-153.4974,57.0653],[-153.4836,57.0891],[-153.491,57.1064],[-153.5143,57.1287],[-153.505,57.1438],[-153.4827,57.1394],[-153.4656,57.1163],[-153.4484,57.1123],[-153.4254,57.1264],[-153.3983,57.1549],[-153.3403,57.1897],[-153.3194,57.1942],[-153.2871,57.213],[-153.2866,57.1796],[-153.3332,57.1466],[-153.3755,57.1226],[-153.3548,57.1003],[-153.4007,57.0812],[-153.3971,57.0636],[-153.3424,57.079],[-153.3296,57.0678],[-153.3576,57.0528],[-153.3213,57.0428],[-153.3208,57.0265],[-153.3443,57.0118],[-153.3058,56.9916],[-153.2621,57.0032],[-153.2348,57.0038],[-153.1963,57.0404],[-153.2172,57.061],[-153.2048,57.0799],[-153.1549,57.1011],[-153.1212,57.091],[-153.0914,57.0971],[-153.091,57.1078],[-153.0572,57.11],[-153.0209,57.1238],[-152.9538,57.1202],[-152.9125,57.1263],[-152.868,57.1509],[-152.8782,57.1662],[-152.9187,57.1667],[-152.9474,57.1886],[-153.0078,57.1821],[-153.0194,57.1695],[-153.072,57.1747],[-153.062,57.1904],[-153.115,57.1795],[-153.1632,57.1584],[-153.1599,57.188],[-153.1687,57.1977],[-153.2091,57.2005],[-153.2022,57.2219],[-153.157,57.2144],[-153.0715,57.2131],[-153.0232,57.2309],[-152.9793,57.2377],[-152.9403,57.2599],[-152.9738,57.2851],[-153.0154,57.3014],[-153.0361,57.2941],[-153.0686,57.2951],[-153.0971,57.2877],[-153.1152,57.2981],[-153.1497,57.2995],[-153.1711,57.3116],[-153.1444,57.3216],[-153.1,57.318],[-153.0534,57.3304],[-152.9852,57.3417],[-152.9785,57.3316],[-152.94,57.3308],[-152.8925,57.3445],[-152.8904,57.3334],[-152.9156,57.323],[-152.9125,57.3102],[-152.8733,57.2913],[-152.8564,57.305],[-152.8378,57.2977],[-152.8428,57.2752],[-152.8107,57.2669],[-152.7449,57.3127],[-152.7102,57.3027],[-152.6967,57.2805],[-152.633,57.32],[-152.6315,57.3463],[-152.6047,57.3576],[-152.6006,57.3839],[-152.623,57.3923],[-152.627,57.4062],[-152.6653,57.4071],[-152.7242,57.4223],[-152.7299,57.4373],[-152.7606,57.4584],[-152.8167,57.4719],[-152.8801,57.4709],[-152.9132,57.4793],[-152.883,57.5114],[-152.8452,57.5077],[-152.8015,57.4944],[-152.7751,57.5039],[-152.7383,57.5046],[-152.6857,57.4666],[-152.6522,57.4648],[-152.6239,57.4765],[-152.5892,57.4544],[-152.5412,57.4492],[-152.5167,57.4338],[-152.4873,57.4681],[-152.4526,57.4588],[-152.4566,57.4439],[-152.4084,57.4371],[-152.3394,57.4227],[-152.3271,57.441],[-152.3249,57.4692],[-152.294,57.5174],[-152.2591,57.5282],[-152.1559,57.5922],[-152.1738,57.6237],[-152.247,57.6161],[-152.2679,57.6303],[-152.3145,57.6196],[-152.314,57.6364],[-152.3435,57.654],[-152.3634,57.6416],[-152.3634,57.6294],[-152.4084,57.6094],[-152.4271,57.5945],[-152.4595,57.5945],[-152.4497,57.614],[-152.4176,57.6508],[-152.3703,57.6789],[-152.3955,57.6887],[-152.4673,57.6589],[-152.4875,57.6462],[-152.5077,57.6584],[-152.4716,57.6728],[-152.4649,57.7026],[-152.4718,57.7118],[-152.4402,57.7237],[-152.4789,57.744],[-152.4682,57.7672],[-152.4321,57.7831],[-152.4174,57.7722],[-152.3841,57.7732],[-152.3777,57.7941],[-152.3411,57.809],[-152.3228,57.8227],[-152.3432,57.8346],[-152.3953,57.8264],[-152.4176,57.8163],[-152.4402,57.8375],[-152.4038,57.8473],[-152.4236,57.8665],[-152.4557,57.871],[-152.4675,57.8905],[-152.4466,57.903],[-152.4238,57.901],[-152.4038,57.8862],[-152.3625,57.8835],[-152.3216,57.9155],[-152.3592,57.9265],[-152.3969,57.9276],[-152.4179,57.9366],[-152.4065,57.9595],[-152.4345,57.9718],[-152.4839,57.9424],[-152.5384,57.9053],[-152.5643,57.9006],[-152.6097,57.9217],[-152.6377,57.9147],[-152.6396,57.8935],[-152.6615,57.8796],[-152.7014,57.8695],[-152.7159,57.8555],[-152.729,57.818],[-152.7442,57.8182],[-152.7566,57.8437],[-152.7943,57.8543],[-152.8305,57.8408],[-152.8471,57.8252],[-152.8538,57.7824],[-152.8443,57.7358],[-152.8714,57.7344],[-152.9053,57.7552],[-152.892,57.7976],[-152.9084,57.8106],[-152.902,57.8287],[-152.869,57.8598],[-152.8618,57.8774],[-152.8129,57.8928],[-152.8029,57.9135],[-152.8509,57.9299],[-152.9032,57.9351],[-152.9334,57.9486],[-152.9607,57.9441],[-153.0028,57.9467],[-153.0577,57.961],[-153.0876,57.9592],[-153.119,57.9487],[-153.154,57.9657],[-153.201,57.9695],[-153.2505,57.9967],[-153.2669,57.9976]]],[[[-154.4733,58.0541],[-154.4997,58.0713],[-154.5154,58.0645],[-154.5011,58.0491],[-154.4733,58.0541]]],[[[-151.7961,58.2569],[-151.8393,58.2669],[-151.879,58.2446],[-151.8679,58.2284],[-151.8947,58.2145],[-151.895,58.189],[-151.8634,58.1651],[-151.808,58.1869],[-151.7944,58.2108],[-151.7892,58.242],[-151.7961,58.2569]]],[[[-136.2993,58.2686],[-136.3179,58.2733],[-136.3663,58.2637],[-136.4067,58.2677],[-136.3554,58.238],[-136.3072,58.232],[-136.2865,58.2468],[-136.2993,58.2686]]],[[[-135.7938,58.2875],[-135.8255,58.2824],[-135.8341,58.2691],[-135.8705,58.2511],[-135.8989,58.2482],[-135.9419,58.2215],[-135.9708,58.21],[-135.9789,58.1934],[-136.0195,58.1918],[-136.0193,58.2045],[-136.0404,58.2186],[-136.0699,58.2147],[-136.1431,58.2249],[-136.1618,58.2213],[-136.1644,58.2049],[-136.2018,58.1798],[-136.1902,58.1628],[-136.2337,58.1575],[-136.2456,58.1877],[-136.2732,58.2013],[-136.2741,58.2157],[-136.2949,58.2236],[-136.3122,58.2111],[-136.355,58.2227],[-136.3567,58.1936],[-136.324,58.1688],[-136.3043,58.1326],[-136.3355,58.1358],[-136.3667,58.1497],[-136.4091,58.1376],[-136.4491,58.1206],[-136.4679,58.0989],[-136.5374,58.0975],[-136.5675,58.0654],[-136.5589,58.0491],[-136.5745,58.0355],[-136.5611,57.9882],[-136.5732,57.9558],[-136.5585,57.939],[-136.5745,57.9326],[-136.5542,57.9107],[-136.486,57.8972],[-136.4727,57.8874],[-136.4961,57.8707],[-136.485,57.8588],[-136.4372,57.8432],[-136.4207,57.8191],[-136.3977,57.8188],[-136.3669,57.8288],[-136.362,57.8057],[-136.3348,57.7986],[-136.3253,57.7791],[-136.3028,57.7763],[-136.3203,57.7527],[-136.292,57.7296],[-136.2667,57.732],[-136.2551,57.7667],[-136.2147,57.7415],[-136.1846,57.7344],[-136.2011,57.7172],[-136.2021,57.6936],[-136.2265,57.6961],[-136.2603,57.6801],[-136.2461,57.6489],[-136.227,57.6357],[-136.2313,57.6243],[-136.1832,57.6103],[-136.2296,57.5954],[-136.1675,57.5735],[-136.1435,57.5733],[-136.1198,57.5898],[-136.0869,57.5987],[-136.0541,57.5816],[-136.0903,57.5712],[-136.0933,57.5612],[-136.0486,57.5275],[-136.0515,57.5149],[-136.0199,57.4987],[-135.9801,57.4868],[-135.9669,57.4629],[-135.9442,57.461],[-135.9097,57.445],[-135.8718,57.4205],[-135.8493,57.3951],[-135.8075,57.3856],[-135.7789,57.3881],[-135.7474,57.3701],[-135.7052,57.3688],[-135.6738,57.3876],[-135.6752,57.4066],[-135.6345,57.4066],[-135.6206,57.4199],[-135.5929,57.4268],[-135.5972,57.4427],[-135.5522,57.4556],[-135.5478,57.479],[-135.5798,57.5207],[-135.5657,57.5472],[-135.6136,57.5621],[-135.5812,57.5689],[-135.5683,57.5819],[-135.514,57.5968],[-135.526,57.6061],[-135.5782,57.618],[-135.6067,57.6102],[-135.6491,57.6235],[-135.5661,57.6704],[-135.5135,57.6508],[-135.4778,57.6309],[-135.4137,57.6107],[-135.3688,57.5893],[-135.3494,57.5891],[-135.2723,57.5545],[-135.2488,57.5483],[-135.2147,57.5279],[-135.1935,57.5254],[-135.1583,57.5058],[-135.1268,57.4965],[-135.0882,57.4648],[-135.0578,57.4638],[-135.0264,57.4552],[-134.9717,57.463],[-134.8936,57.4597],[-134.8727,57.4724],[-134.8999,57.4907],[-134.8715,57.5004],[-134.845,57.4779],[-134.8384,57.503],[-134.858,57.5306],[-134.8504,57.5802],[-134.8604,57.6059],[-134.8986,57.6542],[-134.9321,57.6659],[-134.9033,57.6931],[-134.9194,57.7105],[-134.9298,57.7573],[-134.9807,57.7608],[-135.0228,57.7438],[-135.0473,57.7546],[-135.0751,57.7502],[-135.1079,57.7602],[-135.1181,57.7778],[-135.093,57.7857],[-135.0684,57.7746],[-135.0103,57.787],[-134.9554,57.8147],[-135.0272,57.8405],[-135.0398,57.8646],[-135.0677,57.8748],[-135.1317,57.8869],[-135.162,57.9048],[-135.1979,57.9334],[-135.1933,57.9445],[-135.1138,57.9173],[-135.0819,57.911],[-135.0386,57.8951],[-134.9989,57.8899],[-134.9224,57.9238],[-134.9198,57.9464],[-134.938,57.9547],[-134.9349,57.9732],[-134.9134,57.9775],[-134.9307,58.0163],[-134.9506,58.0392],[-134.9759,58.0484],[-135.0928,58.0639],[-135.087,58.0811],[-135.1163,58.0911],[-135.1774,58.0861],[-135.2756,58.0971],[-135.295,58.0901],[-135.3356,58.1199],[-135.3922,58.1407],[-135.4199,58.1434],[-135.4593,58.1341],[-135.4502,58.1019],[-135.4966,58.0884],[-135.5139,58.0645],[-135.5316,58.0622],[-135.5591,58.035],[-135.5628,58.0176],[-135.5941,57.9899],[-135.6332,57.987],[-135.626,58.0222],[-135.6774,58.0312],[-135.6907,58.042],[-135.6679,58.0555],[-135.6252,58.0491],[-135.583,58.0821],[-135.538,58.1012],[-135.5213,58.1201],[-135.524,58.1498],[-135.4956,58.1713],[-135.5276,58.1876],[-135.6196,58.2112],[-135.6443,58.232],[-135.6796,58.2254],[-135.7317,58.2384],[-135.7938,58.2875]]],[[[-136.0357,58.3022],[-136.0386,58.3194],[-136.0944,58.3013],[-136.118,58.304],[-136.1579,58.2812],[-136.1318,58.2628],[-136.0783,58.2604],[-136.059,58.2747],[-136.0372,58.2729],[-136.0357,58.3022]]],[[[-135.6305,58.385],[-135.6554,58.3856],[-135.7308,58.3671],[-135.6818,58.3314],[-135.5532,58.3283],[-135.5371,58.3447],[-135.6305,58.385]]],[[[-134.9001,58.3486],[-134.9208,58.3837],[-134.9567,58.4103],[-134.97,58.3691],[-134.9502,58.3338],[-134.9567,58.311],[-134.9431,58.2721],[-134.9208,58.2457],[-134.8797,58.2502],[-134.9182,58.2247],[-134.8984,58.1942],[-134.8561,58.1765],[-134.8507,58.1641],[-134.82,58.1415],[-134.8015,58.1047],[-134.7698,58.0876],[-134.8003,58.0703],[-134.8095,58.0454],[-134.8034,58.0288],[-134.7665,57.9983],[-134.7725,57.9755],[-134.7475,57.9386],[-134.7437,57.8997],[-134.7294,57.8863],[-134.7057,57.8309],[-134.719,57.7941],[-134.7095,57.7852],[-134.7342,57.742],[-134.7278,57.7148],[-134.7023,57.6979],[-134.7054,57.6818],[-134.6736,57.6183],[-134.612,57.5636],[-134.5894,57.5026],[-134.5759,57.4831],[-134.5816,57.4723],[-134.5455,57.4677],[-134.544,57.4532],[-134.4666,57.393],[-134.4247,57.3848],[-134.4309,57.3699],[-134.4875,57.373],[-134.5312,57.3889],[-134.5276,57.4055],[-134.5792,57.4003],[-134.5681,57.3776],[-134.5787,57.3435],[-134.536,57.3382],[-134.5115,57.3286],[-134.5093,57.3171],[-134.5607,57.3073],[-134.5904,57.2779],[-134.618,57.2722],[-134.6144,57.2607],[-134.5799,57.2415],[-134.5457,57.2364],[-134.5704,57.2204],[-134.6244,57.2343],[-134.6517,57.2311],[-134.6439,57.1875],[-134.6037,57.1569],[-134.6382,57.1355],[-134.6377,57.1065],[-134.6082,57.0444],[-134.5664,57.0374],[-134.5462,57.0221],[-134.5131,57.0269],[-134.4744,57.0256],[-134.4842,57.048],[-134.4247,57.0667],[-134.3736,57.092],[-134.4093,57.112],[-134.3934,57.1275],[-134.3292,57.1238],[-134.3035,57.1358],[-134.2588,57.1821],[-134.2137,57.1739],[-134.1578,57.2059],[-134.1514,57.2454],[-134.1229,57.2501],[-134.0974,57.2623],[-134.0939,57.2809],[-134.1345,57.3067],[-134.1274,57.3205],[-134.1571,57.3427],[-134.1609,57.362],[-134.1966,57.3817],[-134.1697,57.389],[-134.1576,57.3722],[-134.1388,57.3682],[-134.1234,57.3522],[-134.1079,57.3213],[-134.0879,57.3314],[-134.0573,57.3319],[-134.0121,57.3244],[-133.9791,57.3045],[-133.9617,57.3064],[-133.9344,57.3346],[-133.8793,57.3513],[-133.8621,57.3667],[-133.8869,57.405],[-133.8781,57.4227],[-133.8973,57.4471],[-133.9301,57.4659],[-133.9026,57.4852],[-133.8745,57.4651],[-133.8531,57.4612],[-133.8869,57.5065],[-133.928,57.536],[-133.946,57.5687],[-133.9349,57.6087],[-133.975,57.6397],[-134.0116,57.6566],[-134.096,57.6597],[-134.0839,57.6719],[-134.0466,57.6749],[-134.062,57.6963],[-134.1039,57.7195],[-134.1533,57.7702],[-134.1583,57.7833],[-134.2153,57.8383],[-134.2334,57.8654],[-134.2508,57.8742],[-134.3047,57.848],[-134.2821,57.8905],[-134.2805,57.917],[-134.3095,57.9519],[-134.3213,57.9768],[-134.3408,57.9869],[-134.3282,57.9993],[-134.2705,57.9796],[-134.2429,57.9859],[-134.3171,58.0329],[-134.2847,58.0297],[-134.2636,58.02],[-134.2248,58.0144],[-134.1911,57.9889],[-134.1928,57.9803],[-134.16,57.958],[-134.1514,57.9396],[-134.1688,57.9302],[-134.1459,57.883],[-134.1243,57.8829],[-134.1027,57.8509],[-134.0411,57.819],[-134.0152,57.791],[-134.0216,57.7672],[-133.999,57.7519],[-134.0002,57.7399],[-133.9696,57.6964],[-133.9332,57.6714],[-133.9102,57.6637],[-133.8545,57.6201],[-133.8538,57.6004],[-133.8367,57.5767],[-133.8099,57.5702],[-133.8006,57.5846],[-133.8101,57.6288],[-133.8536,57.652],[-133.8926,57.684],[-133.893,57.7163],[-133.8747,57.7332],[-133.89,57.7398],[-133.9033,57.7676],[-133.8999,57.807],[-134.0059,57.894],[-133.9914,57.9122],[-134.0352,57.9386],[-134.1013,57.9877],[-134.0898,57.9976],[-134.1015,58.0207],[-134.1711,58.0674],[-134.1899,58.0836],[-134.1813,58.0933],[-134.2016,58.1143],[-134.1669,58.1274],[-134.1809,58.1429],[-134.1759,58.1596],[-134.2051,58.1667],[-134.2315,58.1576],[-134.2657,58.1579],[-134.2759,58.1495],[-134.3087,58.1518],[-134.3204,58.144],[-134.3739,58.1508],[-134.4205,58.17],[-134.4454,58.1739],[-134.5008,58.1724],[-134.5364,58.1826],[-134.5657,58.1792],[-134.6367,58.1632],[-134.6959,58.1609],[-134.709,58.1918],[-134.7088,58.2282],[-134.7427,58.2469],[-134.7511,58.2705],[-134.8029,58.2978],[-134.8038,58.3218],[-134.8395,58.3425],[-134.8806,58.3523],[-134.8699,58.3216],[-134.8861,58.3208],[-134.9001,58.3486]]],[[[-134.9183,58.4879],[-134.9188,58.465],[-134.8969,58.4528],[-134.8969,58.4365],[-134.8429,58.3758],[-134.8063,58.3745],[-134.8615,58.4403],[-134.9183,58.4879]]],[[[-135.0048,58.5056],[-134.9969,58.4802],[-134.9561,58.4699],[-134.9732,58.5025],[-135.0048,58.5056]]],[[[-136.1101,58.608],[-136.1423,58.609],[-136.152,58.5945],[-136.102,58.5598],[-136.0885,58.5667],[-136.1101,58.608]]],[[[-152.3409,58.6387],[-152.4007,58.6269],[-152.4162,58.6089],[-152.4535,58.6333],[-152.5051,58.5972],[-152.5464,58.6013],[-152.546,58.6113],[-152.5738,58.6203],[-152.5904,58.6044],[-152.6099,58.6063],[-152.6408,58.5876],[-152.6377,58.5743],[-152.6572,58.5645],[-152.6658,58.539],[-152.6432,58.5312],[-152.656,58.5071],[-152.6166,58.4937],[-152.5766,58.4868],[-152.5647,58.4783],[-152.5167,58.4675],[-152.5448,58.459],[-152.5783,58.4693],[-152.6047,58.4691],[-152.651,58.4827],[-152.6753,58.4637],[-152.7418,58.4595],[-152.7473,58.4408],[-152.7694,58.4375],[-152.776,58.4204],[-152.8115,58.4043],[-152.8614,58.4034],[-152.8519,58.3811],[-152.8269,58.3811],[-152.8093,58.367],[-152.7827,58.3676],[-152.7851,58.3507],[-152.8219,58.3291],[-152.8737,58.3341],[-152.888,58.3424],[-152.9362,58.3339],[-152.9075,58.307],[-152.8452,58.3007],[-152.8153,58.2883],[-152.8782,58.2874],[-152.878,58.2751],[-152.9072,58.2719],[-152.9191,58.2835],[-152.9804,58.2873],[-152.99,58.2957],[-153.0472,58.3056],[-153.0691,58.2783],[-153.1026,58.2609],[-153.0684,58.2364],[-153.008,58.2215],[-153.0087,58.2001],[-153.0586,58.1943],[-153.0872,58.2014],[-153.1511,58.2081],[-153.1761,58.2168],[-153.211,58.2016],[-153.2205,58.1593],[-153.1675,58.1271],[-153.1599,58.1104],[-153.0541,58.1119],[-153.0924,58.0904],[-153.1706,58.0901],[-153.1963,58.1024],[-153.2597,58.1448],[-153.2963,58.1462],[-153.3384,58.1194],[-153.3382,58.1001],[-153.3971,58.0809],[-153.4197,58.0608],[-153.3793,58.0523],[-153.3653,58.038],[-153.2978,58.0503],[-153.2424,58.0445],[-153.2091,58.0325],[-153.1311,58.0181],[-153.0876,57.9981],[-153.0482,57.9871],[-153.0073,57.985],[-152.9826,57.9779],[-152.916,57.9767],[-152.8908,57.9692],[-152.8535,57.9932],[-152.7989,57.9888],[-152.7801,57.9928],[-152.7551,58.0253],[-152.7784,58.0527],[-152.7335,58.0503],[-152.6574,58.0613],[-152.6311,58.0858],[-152.6059,58.1223],[-152.6047,58.1529],[-152.5937,58.1865],[-152.5612,58.177],[-152.5598,58.1368],[-152.5702,58.1166],[-152.5576,58.0857],[-152.5329,58.0875],[-152.5222,58.1157],[-152.4602,58.1253],[-152.4533,58.1364],[-152.3936,58.1184],[-152.3832,58.1276],[-152.3482,58.1241],[-152.3442,58.1105],[-152.2636,58.1339],[-152.3256,58.1618],[-152.3323,58.1894],[-152.2895,58.1766],[-152.2898,58.2022],[-152.3119,58.2125],[-152.3111,58.2409],[-152.2638,58.2385],[-152.222,58.23],[-152.2063,58.212],[-152.2239,58.2046],[-152.2016,58.1759],[-152.1845,58.1711],[-152.1419,58.1759],[-152.1364,58.157],[-152.1136,58.1478],[-152.0837,58.1534],[-152.0457,58.1838],[-152.0566,58.1957],[-152.0323,58.2076],[-152,58.2059],[-151.9727,58.2322],[-151.9867,58.2399],[-151.9648,58.2585],[-151.9703,58.3145],[-151.9646,58.3317],[-151.9991,58.3429],[-152.0342,58.288],[-152.0706,58.2721],[-152.0568,58.3097],[-152.083,58.3077],[-152.1077,58.2786],[-152.1089,58.2584],[-152.1265,58.2289],[-152.1429,58.2244],[-152.1469,58.2666],[-152.1391,58.293],[-152.1115,58.3273],[-152.0899,58.3737],[-152.1162,58.3725],[-152.1288,58.3932],[-152.1709,58.3746],[-152.1847,58.3573],[-152.2158,58.3522],[-152.2408,58.3691],[-152.2168,58.3813],[-152.2484,58.405],[-152.2852,58.4239],[-152.3273,58.435],[-152.3606,58.4161],[-152.3439,58.3934],[-152.3672,58.3792],[-152.3699,58.359],[-152.4112,58.3494],[-152.4359,58.3732],[-152.4545,58.3528],[-152.4866,58.3528],[-152.4939,58.3736],[-152.4685,58.3999],[-152.5058,58.4132],[-152.5125,58.427],[-152.4789,58.4697],[-152.4093,58.4943],[-152.4,58.5155],[-152.3625,58.533],[-152.3813,58.5451],[-152.3703,58.563],[-152.3368,58.5881],[-152.3527,58.597],[-152.3409,58.6387]]],[[[-136.2048,58.6339],[-136.2146,58.6682],[-136.2469,58.658],[-136.2331,58.6433],[-136.2048,58.6339]]],[[[-160.2751,58.6792],[-160.2746,58.7089],[-160.3095,58.7148],[-160.3171,58.6828],[-160.2751,58.6792]]],[[[-160.4243,58.6795],[-160.3846,58.7044],[-160.3858,58.7295],[-160.4037,58.7495],[-160.4232,58.7304],[-160.4279,58.7017],[-160.4407,58.6889],[-160.4243,58.6795]]],[[[-160.6935,58.8045],[-160.742,58.7984],[-160.7658,58.7745],[-160.7909,58.7747],[-160.8405,58.7523],[-160.87,58.7452],[-160.9181,58.7458],[-160.9995,58.7219],[-161.0206,58.709],[-161.0553,58.6986],[-161.0577,58.6739],[-161.0802,58.6357],[-161.0714,58.6055],[-161.0853,58.5864],[-161.0722,58.5732],[-161.0845,58.5541],[-161.0712,58.5469],[-161.0408,58.558],[-160.9823,58.5557],[-160.9637,58.5509],[-160.9184,58.5626],[-160.8839,58.5797],[-160.8499,58.6302],[-160.8002,58.6802],[-160.7685,58.7259],[-160.7343,58.7574],[-160.6935,58.8045]]],[[[-136.7858,58.9116],[-136.8132,58.9278],[-136.8103,58.9418],[-136.841,58.9489],[-136.8591,58.9294],[-136.821,58.9102],[-136.7858,58.9116]]],[[[-152.2975,58.9561],[-152.312,58.9225],[-152.3324,58.9066],[-152.2958,58.9047],[-152.2443,58.9118],[-152.2002,58.9387],[-152.2333,58.9369],[-152.2975,58.9561]]],[[[-135.3006,58.9415],[-135.2968,58.9637],[-135.3282,59.009],[-135.3531,59.0156],[-135.3474,58.9766],[-135.3298,58.9377],[-135.3006,58.9415]]],[[[-151.7007,59.1295],[-151.7198,59.1223],[-151.7138,59.1011],[-151.6618,59.0957],[-151.6479,59.1173],[-151.7007,59.1295]]],[[[-151.5013,59.1473],[-151.5247,59.1311],[-151.475,59.114],[-151.4418,59.1077],[-151.4317,59.1177],[-151.4506,59.1331],[-151.5013,59.1473]]],[[[-151.8199,59.1784],[-151.8831,59.1562],[-151.8769,59.1464],[-151.839,59.1443],[-151.8087,59.1349],[-151.7903,59.1642],[-151.8199,59.1784]]],[[[-150.3647,59.3825],[-150.4127,59.3583],[-150.3854,59.342],[-150.3647,59.3825]]],[[[-153.3905,59.4109],[-153.4193,59.414],[-153.4657,59.4056],[-153.4992,59.3923],[-153.5617,59.3914],[-153.579,59.372],[-153.5431,59.3576],[-153.5522,59.3351],[-153.5132,59.3203],[-153.4193,59.3275],[-153.3634,59.3381],[-153.3411,59.3569],[-153.3478,59.374],[-153.3789,59.3931],[-153.3905,59.4109]]],[[[-150.6119,59.394],[-150.639,59.4075],[-150.697,59.4182],[-150.7084,59.4034],[-150.7115,59.3692],[-150.7376,59.3624],[-150.7516,59.3216],[-150.7298,59.3112],[-150.721,59.2886],[-150.6808,59.3046],[-150.6611,59.3337],[-150.6188,59.3513],[-150.61,59.3667],[-150.6233,59.3846],[-150.6119,59.394]]],[[[-151.4867,59.5327],[-151.5147,59.5201],[-151.4805,59.5135],[-151.4867,59.5327]]],[[[-139.7245,59.6294],[-139.747,59.6246],[-139.7754,59.5956],[-139.8015,59.5891],[-139.7854,59.557],[-139.7642,59.574],[-139.733,59.5772],[-139.7245,59.6294]]],[[[-139.5291,59.7211],[-139.5641,59.739],[-139.585,59.7325],[-139.5931,59.7104],[-139.5578,59.7044],[-139.5219,59.7113],[-139.5291,59.7211]]],[[[-149.3215,59.9371],[-149.3583,59.9246],[-149.3233,59.9175],[-149.3215,59.9371]]],[[[-144.2263,59.986],[-144.2182,60.006],[-144.3447,59.9819],[-144.3447,59.9702],[-144.3969,59.9422],[-144.4321,59.9405],[-144.4442,59.9204],[-144.5172,59.8817],[-144.5655,59.8524],[-144.579,59.8254],[-144.5638,59.8086],[-144.5262,59.8395],[-144.4858,59.862],[-144.4535,59.8712],[-144.4131,59.9041],[-144.3744,59.9194],[-144.2957,59.9584],[-144.2263,59.986]]],[[[-148.0746,59.9664],[-148.0383,59.9894],[-147.9941,60.0278],[-148.0117,60.0386],[-148.0642,60.0058],[-148.1193,59.9661],[-148.1445,59.9775],[-148.2042,59.9717],[-148.2192,59.9558],[-148.2011,59.9403],[-148.149,59.9377],[-148.0934,59.9549],[-148.0746,59.9664]]],[[[-147.842,60.0664],[-147.8624,60.0774],[-147.9335,60.0407],[-147.9418,60.0203],[-147.9796,60.0069],[-148.0074,59.99],[-148.054,59.9492],[-148.0316,59.9379],[-147.9182,59.969],[-147.8667,59.9949],[-147.8156,60.0597],[-147.842,60.0664]]],[[[-144.4152,60.1536],[-144.4248,60.1425],[-144.3753,60.1154],[-144.3489,60.0912],[-144.3299,60.105],[-144.3252,60.1246],[-144.3366,60.1429],[-144.4027,60.1555],[-144.4152,60.1536]]],[[[-147.9629,60.126],[-148.0409,60.1108],[-148.0442,60.1005],[-148.0773,60.0916],[-148.097,60.0644],[-148.116,60.0513],[-148.1388,60.0162],[-148.1212,59.9856],[-148.0658,60.0303],[-148.03,60.0445],[-147.9888,60.0464],[-147.985,60.0601],[-147.8897,60.1035],[-147.9102,60.1311],[-147.9629,60.126]]],[[[-148.0021,60.1759],[-148.0405,60.1712],[-148.0323,60.1471],[-148.0021,60.1759]]],[[[-152.6116,60.1764],[-152.6417,60.1644],[-152.6329,60.1497],[-152.5892,60.1134],[-152.5545,60.1],[-152.5507,60.1168],[-152.5607,60.1427],[-152.5828,60.1728],[-152.6116,60.1764]]],[[[-147.3408,60.2943],[-147.3572,60.3042],[-147.3959,60.3024],[-147.4323,60.2881],[-147.4667,60.2653],[-147.4986,60.2641],[-147.5095,60.253],[-147.4765,60.2272],[-147.409,60.2548],[-147.3593,60.2662],[-147.3396,60.2767],[-147.3408,60.2943]]],[[[-145.6363,60.3655],[-145.6713,60.3636],[-145.6634,60.3459],[-145.6202,60.3239],[-145.6045,60.3079],[-145.5664,60.3015],[-145.5153,60.3151],[-145.5153,60.3303],[-145.5379,60.3369],[-145.5636,60.3602],[-145.6012,60.3678],[-145.6363,60.3655]]],[[[-145.0872,60.3212],[-145.0403,60.3588],[-145.0684,60.3586],[-145.0872,60.3212]]],[[[-147.1159,60.3512],[-147.0881,60.3638],[-147.096,60.379],[-147.1544,60.3709],[-147.1623,60.3603],[-147.2108,60.3479],[-147.2155,60.3276],[-147.1749,60.3192],[-147.1739,60.3076],[-147.2172,60.3065],[-147.2288,60.2863],[-147.202,60.2797],[-147.2134,60.2671],[-147.2117,60.2393],[-147.3115,60.224],[-147.3018,60.2082],[-147.3436,60.17],[-147.3743,60.1603],[-147.3748,60.1406],[-147.3999,60.1256],[-147.4049,60.1126],[-147.4354,60.0947],[-147.5552,60.0518],[-147.5735,60.0331],[-147.6148,60.0137],[-147.6864,59.9967],[-147.6856,59.9811],[-147.6673,59.9678],[-147.6852,59.9543],[-147.7401,59.9551],[-147.761,59.9346],[-147.8061,59.9209],[-147.8149,59.9088],[-147.7821,59.8741],[-147.862,59.8719],[-147.8872,59.8623],[-147.9133,59.8372],[-147.8986,59.8158],[-147.901,59.796],[-147.9245,59.7894],[-147.9088,59.7714],[-147.8765,59.7639],[-147.8324,59.7701],[-147.8032,59.7851],[-147.7423,59.8016],[-147.6995,59.8055],[-147.6603,59.8151],[-147.6544,59.8298],[-147.6161,59.8506],[-147.5737,59.8523],[-147.5283,59.8395],[-147.4682,59.8563],[-147.4415,59.8707],[-147.4501,59.8799],[-147.4437,59.9032],[-147.486,59.9084],[-147.4993,59.9191],[-147.4962,59.9389],[-147.4211,59.9661],[-147.3726,59.9529],[-147.3527,59.961],[-147.38,59.9736],[-147.3693,59.9937],[-147.3821,60.0036],[-147.3576,60.0449],[-147.3032,60.0822],[-147.2647,60.1022],[-147.1993,60.1512],[-147.1335,60.1804],[-147.0843,60.1935],[-147.0805,60.2006],[-146.9657,60.2485],[-146.9467,60.2707],[-146.9165,60.291],[-146.917,60.3066],[-146.9522,60.3099],[-146.9752,60.2992],[-147.0035,60.2991],[-147.0356,60.2803],[-147.0919,60.2635],[-147.11,60.2691],[-147.086,60.2914],[-147.0154,60.3226],[-147.0021,60.3443],[-147.1109,60.3376],[-147.1159,60.3512]]],[[[-148.003,60.383],[-148.0242,60.3727],[-148.0553,60.3766],[-148.0997,60.3549],[-148.0933,60.3422],[-148.1485,60.3286],[-148.1511,60.2942],[-148.1278,60.2803],[-148.0772,60.2731],[-148.023,60.2801],[-148.0173,60.3146],[-147.9914,60.3489],[-147.9876,60.3708],[-148.003,60.383]]],[[[-145.9021,60.3978],[-145.9532,60.4079],[-146.0054,60.3905],[-145.8911,60.3735],[-145.8674,60.3573],[-145.8312,60.3503],[-145.7801,60.3525],[-145.7545,60.3593],[-145.7488,60.3886],[-145.8191,60.3873],[-145.8602,60.3988],[-145.9021,60.3978]]],[[[-166.1553,60.4233],[-166.1532,60.4077],[-166.1336,60.3901],[-166.1553,60.3778],[-166.1974,60.3916],[-166.3011,60.3792],[-166.3799,60.3532],[-166.4135,60.3698],[-166.4752,60.384],[-166.497,60.3851],[-166.5359,60.3623],[-166.5806,60.3522],[-166.5687,60.3221],[-166.5907,60.308],[-166.6598,60.3293],[-166.6615,60.3177],[-166.7029,60.3182],[-166.7377,60.3122],[-166.8118,60.2822],[-166.8281,60.2669],[-166.803,60.2446],[-166.8199,60.2236],[-166.8513,60.2033],[-166.8713,60.2133],[-166.9054,60.2018],[-166.9397,60.204],[-166.942,60.2222],[-167.0414,60.2142],[-167.0919,60.2245],[-167.172,60.2311],[-167.2291,60.2326],[-167.2531,60.2197],[-167.2968,60.233],[-167.3686,60.2184],[-167.4111,60.1994],[-167.3965,60.1695],[-167.3435,60.1263],[-167.3271,60.0884],[-167.3366,60.0701],[-167.3066,60.0605],[-167.242,60.0565],[-167.2258,60.0409],[-167.1673,60.0108],[-167.1058,59.9884],[-167.047,59.9925],[-167.0176,59.9827],[-166.9684,59.9762],[-166.9039,59.9592],[-166.8374,59.934],[-166.7856,59.9102],[-166.7575,59.8915],[-166.676,59.8801],[-166.614,59.8483],[-166.5521,59.8488],[-166.5054,59.8444],[-166.4329,59.8548],[-166.3622,59.8386],[-166.3431,59.8261],[-166.2941,59.8193],[-166.2515,59.8014],[-166.2178,59.7817],[-166.213,59.7629],[-166.1904,59.7502],[-166.1541,59.7483],[-166.0905,59.7606],[-166.0831,59.774],[-166.114,59.7934],[-166.1121,59.8026],[-166.1449,59.8222],[-166.11,59.8276],[-166.041,59.857],[-165.9483,59.8765],[-165.8749,59.8731],[-165.8309,59.8924],[-165.8119,59.8905],[-165.7634,59.9025],[-165.733,59.9018],[-165.7202,59.8898],[-165.6356,59.8993],[-165.6175,59.9086],[-165.5823,59.9082],[-165.5654,59.9261],[-165.5921,59.9417],[-165.5823,59.9587],[-165.5562,59.971],[-165.5807,59.9786],[-165.6066,59.9646],[-165.6527,59.9872],[-165.6327,60.0176],[-165.6843,60.034],[-165.6836,60.0558],[-165.7085,60.0685],[-165.6677,60.0958],[-165.6634,60.1158],[-165.6867,60.139],[-165.6781,60.1547],[-165.7147,60.1526],[-165.7256,60.1619],[-165.7111,60.1812],[-165.6836,60.1983],[-165.6914,60.2244],[-165.7197,60.2282],[-165.7279,60.2467],[-165.6944,60.2519],[-165.6748,60.268],[-165.6959,60.2802],[-165.6844,60.2919],[-165.7671,60.3122],[-165.7764,60.325],[-165.8104,60.3245],[-165.8831,60.3434],[-165.915,60.339],[-165.9259,60.3197],[-166.0024,60.3137],[-166.0767,60.3232],[-166.0702,60.3395],[-166.1051,60.3577],[-166.1244,60.3767],[-166.1235,60.4069],[-166.1553,60.4233]]],[[[-146.5381,60.4858],[-146.6139,60.4829],[-146.6467,60.4617],[-146.6843,60.4255],[-146.7064,60.4117],[-146.7095,60.3919],[-146.728,60.386],[-146.7313,60.3577],[-146.7216,60.3419],[-146.6923,60.3458],[-146.6541,60.3281],[-146.6341,60.3323],[-146.6134,60.3532],[-146.5659,60.3508],[-146.52,60.3601],[-146.5314,60.3339],[-146.5633,60.3341],[-146.568,60.3224],[-146.6562,60.3003],[-146.7014,60.2785],[-146.685,60.2543],[-146.661,60.2533],[-146.6531,60.2371],[-146.6101,60.2357],[-146.5478,60.2619],[-146.486,60.294],[-146.4352,60.3125],[-146.3399,60.3374],[-146.2743,60.3428],[-146.2512,60.3343],[-146.192,60.3599],[-146.1476,60.3672],[-146.0815,60.3642],[-146.0922,60.4117],[-146.1243,60.4134],[-146.1326,60.4323],[-146.2393,60.4199],[-146.3049,60.4153],[-146.3403,60.4062],[-146.3651,60.4269],[-146.3496,60.4681],[-146.3924,60.4829],[-146.4442,60.4674],[-146.4684,60.4729],[-146.515,60.4711],[-146.5381,60.4858]]],[[[-151.8561,60.4945],[-151.9257,60.5151],[-151.9485,60.5013],[-151.9697,60.4763],[-151.9571,60.4623],[-151.9659,60.4327],[-151.9818,60.4127],[-152.0198,60.4012],[-152.0065,60.3919],[-152.0115,60.3715],[-152.0377,60.3628],[-152.0771,60.3625],[-152.0764,60.3404],[-151.9885,60.359],[-151.9571,60.3708],[-151.9818,60.3945],[-151.9462,60.4284],[-151.8884,60.4461],[-151.8958,60.4643],[-151.8368,60.4858],[-151.8561,60.4945]]],[[[-147.5495,60.5571],[-147.574,60.5633],[-147.6213,60.5545],[-147.6424,60.5411],[-147.6688,60.5423],[-147.646,60.5078],[-147.6686,60.4955],[-147.6921,60.5114],[-147.7211,60.5078],[-147.7316,60.4443],[-147.8207,60.4444],[-147.8578,60.3761],[-147.883,60.3619],[-147.8739,60.3433],[-147.9048,60.3368],[-147.8925,60.3153],[-147.8452,60.3141],[-147.8076,60.3232],[-147.7608,60.3412],[-147.7437,60.3251],[-147.7736,60.3195],[-147.7972,60.3061],[-147.8295,60.301],[-147.916,60.2974],[-147.9305,60.2864],[-147.9545,60.2283],[-147.8129,60.2211],[-147.8433,60.1906],[-147.7886,60.1607],[-147.7603,60.1554],[-147.7411,60.1956],[-147.719,60.2041],[-147.6981,60.2428],[-147.7349,60.2363],[-147.7456,60.2559],[-147.7228,60.2627],[-147.7271,60.2774],[-147.6636,60.3151],[-147.6664,60.3295],[-147.6177,60.3661],[-147.6265,60.3896],[-147.6743,60.3834],[-147.6876,60.4059],[-147.6493,60.4087],[-147.6108,60.4239],[-147.6149,60.4341],[-147.6472,60.4467],[-147.6225,60.463],[-147.6391,60.4887],[-147.6011,60.5008],[-147.5642,60.5336],[-147.5495,60.5571]]],[[[-172.9381,60.6058],[-173.0077,60.5676],[-173.0408,60.5619],[-173.0534,60.5199],[-173.0538,60.4945],[-173.0158,60.4929],[-172.9837,60.4812],[-172.9324,60.4764],[-172.896,60.4506],[-172.8525,60.4323],[-172.7691,60.3906],[-172.7292,60.3614],[-172.6303,60.3349],[-172.5984,60.3168],[-172.5385,60.325],[-172.5019,60.3349],[-172.4104,60.3361],[-172.3261,60.3276],[-172.294,60.2954],[-172.2543,60.2974],[-172.2182,60.3129],[-172.2571,60.3226],[-172.3396,60.3562],[-172.3826,60.3791],[-172.4311,60.3927],[-172.4473,60.383],[-172.5317,60.383],[-172.6106,60.3973],[-172.6942,60.4234],[-172.7765,60.4519],[-172.8083,60.4727],[-172.8806,60.5024],[-172.9314,60.562],[-172.9117,60.5883],[-172.9381,60.6058]]],[[[-145.7901,60.5946],[-145.8517,60.5869],[-145.9044,60.5892],[-145.9546,60.5817],[-145.9743,60.5609],[-145.9981,60.5701],[-146.0176,60.5546],[-146.0729,60.5462],[-146.145,60.5219],[-146.1606,60.5281],[-146.2224,60.5185],[-146.2902,60.5166],[-146.3204,60.4949],[-146.3204,60.4784],[-146.337,60.4639],[-146.3178,60.4529],[-146.2334,60.4503],[-146.0924,60.4768],[-146.0294,60.5002],[-145.8063,60.5603],[-145.7666,60.5851],[-145.7901,60.5946]]],[[[-147.4366,60.6885],[-147.4628,60.6609],[-147.5029,60.6546],[-147.4896,60.6438],[-147.4383,60.649],[-147.4644,60.6274],[-147.4216,60.6293],[-147.41,60.6454],[-147.3674,60.6256],[-147.3458,60.6282],[-147.3221,60.6536],[-147.3603,60.6658],[-147.3796,60.6517],[-147.4095,60.6884],[-147.4366,60.6885]]],[[[-173.0443,60.6256],[-173.0595,60.6457],[-173.0655,60.6959],[-173.0926,60.6963],[-173.1213,60.6614],[-173.0757,60.6325],[-173.0443,60.6256]]],[[[-147.3625,60.7112],[-147.41,60.7087],[-147.4147,60.6958],[-147.377,60.6842],[-147.3553,60.7023],[-147.3625,60.7112]]],[[[-147.9305,60.7138],[-147.9463,60.7221],[-147.9513,60.7456],[-147.978,60.7393],[-147.9556,60.7004],[-147.9973,60.711],[-148.0011,60.6864],[-147.9353,60.6555],[-147.9295,60.6798],[-147.8664,60.6707],[-147.8456,60.692],[-147.9029,60.7347],[-147.9348,60.7369],[-147.9305,60.7138]]],[[[-164.9991,60.8165],[-164.9456,60.824],[-164.891,60.837],[-164.9352,60.8612],[-165.0051,60.8763],[-165.0279,60.8353],[-164.9991,60.8165]]],[[[-146.7581,60.88],[-146.7856,60.8673],[-146.817,60.8406],[-146.8185,60.8164],[-146.7925,60.8054],[-146.7274,60.8113],[-146.7188,60.8368],[-146.7014,60.8483],[-146.7581,60.88]]],[[[-147.1473,60.9012],[-147.1662,60.8974],[-147.2281,60.9091],[-147.2937,60.8902],[-147.2976,60.8713],[-147.2507,60.8713],[-147.2293,60.8651],[-147.2038,60.8721],[-147.1903,60.8586],[-147.1363,60.8533],[-147.0901,60.8721],[-147.0751,60.8977],[-147.1473,60.9012]]],[[[-150.2112,61.1322],[-150.1599,61.1628],[-150.17,61.1758],[-150.2261,61.1681],[-150.2431,61.1374],[-150.2112,61.1322]]],[[[-164.9676,62.5871],[-164.9443,62.5977],[-165.0123,62.6382],[-165.0295,62.6107],[-165.0125,62.5882],[-164.9676,62.5871]]],[[[-164.8913,62.6628],[-164.9207,62.6737],[-164.9433,62.6574],[-164.9389,62.6218],[-164.9114,62.6041],[-164.8788,62.5956],[-164.8163,62.6035],[-164.8428,62.6559],[-164.8655,62.666],[-164.8913,62.6628]]],[[[-164.5814,63.0565],[-164.6164,63.0451],[-164.5797,63.0341],[-164.5571,63.0399],[-164.5814,63.0565]]],[[[-164.6029,63.1087],[-164.633,63.0921],[-164.6372,63.0722],[-164.5851,63.0864],[-164.6029,63.1087]]],[[[-162.4304,63.6351],[-162.4477,63.6227],[-162.4799,63.6204],[-162.5307,63.6323],[-162.5597,63.6331],[-162.5931,63.6225],[-162.6243,63.6218],[-162.6523,63.6001],[-162.6906,63.5914],[-162.6789,63.5543],[-162.6421,63.5547],[-162.6225,63.54],[-162.5484,63.5466],[-162.4932,63.5402],[-162.4847,63.5469],[-162.4292,63.5433],[-162.4069,63.5578],[-162.3703,63.5666],[-162.3438,63.5905],[-162.3807,63.6068],[-162.3805,63.6251],[-162.4304,63.6351]]],[[[-171.6611,63.7837],[-171.7402,63.7834],[-171.7231,63.7276],[-171.7552,63.6869],[-171.7376,63.6627],[-171.7497,63.6436],[-171.7794,63.6333],[-171.7911,63.6128],[-171.8291,63.5796],[-171.8389,63.5528],[-171.8289,63.5154],[-171.8469,63.4868],[-171.8201,63.4568],[-171.8234,63.4369],[-171.7533,63.389],[-171.735,63.365],[-171.7015,63.3651],[-171.5945,63.3359],[-171.5627,63.3373],[-171.5477,63.3182],[-171.5149,63.3271],[-171.44,63.3075],[-171.3566,63.3348],[-171.32,63.3363],[-171.3141,63.3476],[-171.2806,63.3586],[-171.2865,63.3801],[-171.2394,63.3928],[-171.1603,63.4014],[-171.1042,63.4215],[-171.0571,63.4246],[-170.9335,63.4215],[-170.8679,63.4146],[-170.6376,63.3714],[-170.5713,63.3614],[-170.4995,63.3418],[-170.433,63.3183],[-170.355,63.2802],[-170.2928,63.2282],[-170.2802,63.1977],[-170.2117,63.1816],[-170.1563,63.1795],[-170.1304,63.1843],[-170.0368,63.1678],[-170.0052,63.144],[-169.9636,63.1422],[-169.9265,63.1237],[-169.8694,63.1025],[-169.8279,63.0766],[-169.7915,63.0451],[-169.7749,63.0226],[-169.7758,63.0049],[-169.7449,62.985],[-169.7653,62.9642],[-169.6432,62.9377],[-169.6287,62.9578],[-169.5999,62.9728],[-169.531,62.9786],[-169.5797,63.0317],[-169.5384,63.0739],[-169.4849,63.0959],[-169.4511,63.1016],[-169.3936,63.1278],[-169.3789,63.1493],[-169.3116,63.1632],[-169.2189,63.1743],[-169.1089,63.1787],[-169.0243,63.1745],[-168.9641,63.1663],[-168.8778,63.1452],[-168.8277,63.1597],[-168.7833,63.1841],[-168.7478,63.2198],[-168.7244,63.2297],[-168.7167,63.2727],[-168.6877,63.2951],[-168.6975,63.3008],[-168.8125,63.3103],[-168.8817,63.3307],[-168.9206,63.3272],[-168.9382,63.3357],[-169.0516,63.3426],[-169.0832,63.3388],[-169.1735,63.3397],[-169.2617,63.3445],[-169.3109,63.3528],[-169.4022,63.3542],[-169.4875,63.361],[-169.5472,63.3726],[-169.5685,63.3867],[-169.5695,63.4008],[-169.6494,63.4295],[-169.7487,63.4328],[-169.8623,63.4427],[-169.8889,63.4546],[-169.965,63.4734],[-170.0296,63.4821],[-170.0582,63.4973],[-170.0403,63.5213],[-170.0684,63.5429],[-170.0767,63.5868],[-170.1116,63.616],[-170.1561,63.6187],[-170.2005,63.638],[-170.2089,63.6539],[-170.2471,63.6634],[-170.2894,63.6875],[-170.3477,63.685],[-170.4194,63.6873],[-170.4755,63.6974],[-170.5373,63.682],[-170.5452,63.6662],[-170.5901,63.662],[-170.6493,63.6669],[-170.6619,63.6559],[-170.6992,63.6496],[-170.7453,63.6268],[-170.8214,63.6031],[-170.8411,63.5917],[-170.9036,63.5728],[-170.948,63.5716],[-171.0417,63.581],[-171.215,63.6097],[-171.2516,63.6125],[-171.3685,63.6299],[-171.5472,63.6646],[-171.6345,63.6918],[-171.6494,63.709],[-171.6473,63.7406],[-171.6316,63.7513],[-171.6611,63.7837]]],[[[-168.8981,65.7408],[-168.8995,65.7689],[-168.9535,65.7581],[-168.944,65.7452],[-168.8981,65.7408]]],[[[-156.4664,71.2862],[-156.5332,71.2958],[-156.5621,71.3158],[-156.5687,71.3526],[-156.6456,71.338],[-156.8097,71.2869],[-156.9626,71.2119],[-157.1002,71.1375],[-157.2138,71.0691],[-157.2861,71.0319],[-157.421,70.9768],[-157.5025,70.9487],[-157.7685,70.8758],[-157.8818,70.8534],[-158.0303,70.8312],[-158.2142,70.8175],[-158.363,70.8147],[-158.3994,70.7991],[-158.452,70.8066],[-158.5115,70.7934],[-158.567,70.7962],[-158.6678,70.7856],[-158.8722,70.7917],[-158.9496,70.7968],[-159.0653,70.8167],[-159.0654,70.8034],[-158.9509,70.7864],[-158.9921,70.7647],[-159.0724,70.7652],[-159.1218,70.7589],[-159.1981,70.7601],[-159.2584,70.7748],[-159.2997,70.7581],[-159.3457,70.7812],[-159.3448,70.8047],[-159.1887,70.8175],[-159.115,70.8174],[-159.1745,70.8577],[-159.1994,70.8476],[-159.3116,70.8442],[-159.3156,70.8504],[-159.2117,70.8648],[-159.2091,70.8701],[-159.546,70.8171],[-159.649,70.7951],[-159.7295,70.7582],[-159.7985,70.7312],[-159.8917,70.7013],[-160.0448,70.6358],[-160.0985,70.6198],[-160.2077,70.5645],[-160.3244,70.5199],[-160.54,70.4471],[-160.7732,70.3847],[-161.0549,70.328],[-161.1516,70.3178],[-161.2882,70.2968],[-161.4453,70.2948],[-161.6242,70.3058],[-161.8793,70.3293],[-161.9368,70.3088],[-162.0486,70.2796],[-162.1079,70.2603],[-162.2724,70.2138],[-162.3334,70.1939],[-162.4753,70.124],[-162.5232,70.0874],[-162.5765,70.0617],[-162.6053,70.0368],[-162.6958,69.9767],[-162.8446,69.8983],[-162.9756,69.8334],[-163.0247,69.8004],[-163.0917,69.7087],[-163.1075,69.6759],[-163.1429,69.6376],[-163.1519,69.6045],[-163.1448,69.531],[-163.1478,69.4188],[-163.1759,69.3752],[-163.2264,69.3203],[-163.2669,69.2909],[-163.3547,69.2419],[-163.4688,69.1895],[-163.5089,69.1572],[-163.5578,69.1287],[-163.6831,69.0755],[-163.8269,69.0372],[-163.9158,68.9989],[-164.0767,68.9677],[-164.1392,68.9486],[-164.2132,68.9348],[-164.3653,68.9219],[-164.4855,68.916],[-164.6106,68.916],[-164.7115,68.9027],[-164.8691,68.893],[-165.0376,68.8788],[-165.2871,68.8606],[-165.3776,68.8562],[-165.5296,68.8539],[-165.5668,68.851],[-165.6681,68.8533],[-166.0522,68.8717],[-166.2166,68.8815],[-166.2275,68.8758],[-166.1916,68.7909],[-166.2049,68.7128],[-166.198,68.6907],[-166.234,68.6513],[-166.2191,68.6449],[-166.2367,68.5959],[-166.2267,68.583],[-166.2375,68.5601],[-166.3031,68.5151],[-166.2945,68.5047],[-166.3111,68.4847],[-166.3062,68.4641],[-166.3353,68.4388],[-166.3717,68.426],[-166.5141,68.3991],[-166.615,68.3848],[-166.8079,68.3518],[-166.7736,68.344],[-166.6893,68.3425],[-166.5874,68.3339],[-166.4095,68.3089],[-166.2985,68.2879],[-166.2371,68.2731],[-166.1355,68.2422],[-166.0442,68.2007],[-166.0057,68.1734],[-165.9817,68.1434],[-165.8721,68.11],[-165.7932,68.0995],[-165.6608,68.0867],[-165.4751,68.0562],[-165.3361,68.0241],[-165.2334,67.9887],[-165.168,67.9561],[-165.0987,67.9369],[-164.9186,67.8707],[-164.8717,67.8571],[-164.6288,67.7634],[-164.5348,67.7244],[-164.1851,67.6325],[-164.0959,67.5963],[-164.013,67.5419],[-163.9023,67.4429],[-163.8644,67.406],[-163.8314,67.3635],[-163.7954,67.3035],[-163.7862,67.2994],[-163.7589,67.2485],[-163.7399,67.1833],[-163.748,67.1293],[-163.7256,67.1169],[-163.666,67.1001],[-163.5912,67.0924],[-163.4669,67.0834],[-163.3105,67.0625],[-163.215,67.0545],[-163.1199,67.0412],[-163.0466,67.0354],[-162.9537,67.0202],[-162.843,66.9912],[-162.8169,66.9995],[-162.9398,67.0189],[-162.9393,67.0334],[-162.8469,67.0413],[-162.8314,67.0349],[-162.7592,67.0475],[-162.7387,67.0297],[-162.7041,67.0335],[-162.6227,66.9922],[-162.5017,66.9772],[-162.4069,66.9847],[-162.3611,66.994],[-162.2332,66.9962],[-162.1682,67.0148],[-162.1249,67.0222],[-161.9678,67.0409],[-161.9142,67.0414],[-161.8661,67.0497],[-161.7923,67.0435],[-161.7598,67.0298],[-161.7231,66.9994],[-161.6981,67.0127],[-161.6242,67.0102],[-161.588,66.9837],[-161.5312,66.9881],[-161.4904,66.9711],[-161.4862,66.9408],[-161.5715,66.9387],[-161.6447,66.9545],[-161.7147,66.9346],[-161.7313,66.9078],[-161.792,66.8852],[-161.7806,66.8537],[-161.8163,66.8216],[-161.864,66.8027],[-161.8614,66.7772],[-161.8461,66.7616],[-161.8851,66.7181],[-161.834,66.6857],[-161.7304,66.6483],[-161.7035,66.6263],[-161.6273,66.6066],[-161.5913,66.5878],[-161.5335,66.5781],[-161.5528,66.5628],[-161.4836,66.5256],[-161.4216,66.5313],[-161.39,66.5234],[-161.2935,66.522],[-161.2805,66.506],[-161.3264,66.4784],[-161.3782,66.4729],[-161.41,66.4617],[-161.5174,66.4425],[-161.5746,66.4395],[-161.6214,66.4502],[-161.6793,66.4763],[-161.7177,66.4815],[-161.7943,66.504],[-161.9274,66.5542],[-161.9561,66.5867],[-162.0189,66.6219],[-162.0328,66.635],[-162.0691,66.6457],[-162.0657,66.6797],[-162.0726,66.7039],[-162.0405,66.7213],[-162.0102,66.7628],[-162.0144,66.7808],[-162.0665,66.7829],[-162.1173,66.7985],[-162.1576,66.8312],[-162.227,66.8664],[-162.3077,66.939],[-162.3379,66.9371],[-162.4001,66.9205],[-162.4449,66.9251],[-162.4667,66.951],[-162.4915,66.9432],[-162.5089,66.9081],[-162.6011,66.8985],[-162.6231,66.8743],[-162.6231,66.8576],[-162.5653,66.8207],[-162.5185,66.7822],[-162.5005,66.7498],[-162.4769,66.73],[-162.341,66.7244],[-162.2587,66.7133],[-162.1972,66.6957],[-162.1684,66.6825],[-162.1244,66.6513],[-162.0979,66.6099],[-161.9728,66.5676],[-161.9023,66.5296],[-161.8687,66.4876],[-161.8762,66.4257],[-161.8957,66.3872],[-161.9429,66.3222],[-161.9037,66.3108],[-161.9057,66.2667],[-161.8365,66.2659],[-161.8449,66.2833],[-161.8754,66.2882],[-161.8756,66.3053],[-161.9156,66.3216],[-161.8962,66.3392],[-161.9122,66.351],[-161.7848,66.3726],[-161.7015,66.3956],[-161.539,66.3978],[-161.4747,66.3898],[-161.4095,66.3768],[-161.3649,66.3761],[-161.2803,66.3618],[-161.2283,66.3486],[-161.141,66.338],[-161.113,66.3284],[-161.0834,66.3065],[-161.0625,66.2801],[-161.0242,66.2616],[-160.9902,66.2343],[-161.0168,66.2122],[-161.0128,66.1934],[-161.0467,66.1811],[-161.0822,66.1919],[-161.0927,66.2318],[-161.1806,66.2108],[-161.2254,66.2097],[-161.3164,66.2207],[-161.3526,66.2588],[-161.4188,66.2568],[-161.4974,66.2602],[-161.5559,66.2398],[-161.5727,66.2149],[-161.6201,66.1779],[-161.6502,66.1391],[-161.6896,66.1106],[-161.8264,66.0411],[-161.8049,66.0176],[-161.8285,66.0008],[-161.7829,65.9751],[-161.833,65.9682],[-161.8998,65.9747],[-161.8728,66.0055],[-161.8847,66.0182],[-161.9239,66.034],[-162.0257,66.0628],[-162.1142,66.0655],[-162.1374,66.0779],[-162.2121,66.0532],[-162.2725,66.0399],[-162.3722,66.0277],[-162.4102,66.0333],[-162.4279,66.0506],[-162.4573,66.0572],[-162.5151,66.0464],[-162.6269,66.037],[-162.6782,66.0572],[-162.6869,66.0712],[-162.7388,66.0812],[-162.7598,66.096],[-162.8662,66.0816],[-162.9535,66.09],[-162.9931,66.0769],[-163.0485,66.0675],[-163.1474,66.0586],[-163.1835,66.0633],[-163.2741,66.0669],[-163.3244,66.0777],[-163.3258,66.0858],[-163.4153,66.0802],[-163.4899,66.0835],[-163.5386,66.0692],[-163.5899,66.0682],[-163.6194,66.0575],[-163.7228,66.0688],[-163.7683,66.0793],[-163.8441,66.1226],[-163.8953,66.1892],[-163.9615,66.1719],[-163.9682,66.1862],[-164.0116,66.1792],[-164.031,66.1862],[-164.0314,66.2099],[-163.9284,66.2173],[-163.864,66.252],[-163.8387,66.2592],[-163.8272,66.2778],[-163.8355,66.3042],[-163.8783,66.3188],[-163.8634,66.3659],[-163.8706,66.3881],[-163.851,66.415],[-163.762,66.4549],[-163.7303,66.4914],[-163.732,66.5217],[-163.751,66.5272],[-163.7532,66.5523],[-163.7969,66.5531],[-163.8711,66.5673],[-163.8381,66.5771],[-163.7907,66.5741],[-163.649,66.5543],[-163.604,66.5581],[-163.669,66.5759],[-163.7475,66.5867],[-163.8597,66.593],[-163.9542,66.5941],[-164.0946,66.5923],[-164.3527,66.5809],[-164.401,66.5814],[-164.6218,66.5532],[-164.7637,66.5331],[-165.1517,66.4691],[-165.3872,66.423],[-165.6169,66.3734],[-165.9254,66.2975],[-166.1359,66.238],[-166.1677,66.2164],[-166.2407,66.2095],[-166.4017,66.1705],[-166.5976,66.1175],[-166.8203,66.0484],[-167.1082,65.9567],[-167.2734,65.8991],[-167.3738,65.8662],[-167.5493,65.8171],[-167.7135,65.7813],[-167.8703,65.7511],[-167.9843,65.7243],[-168.0876,65.6885],[-168.1031,65.6783],[-168.1202,65.6479],[-168.1153,65.6266],[-168.0859,65.6031],[-168.0697,65.577],[-167.9841,65.5581],[-167.9182,65.5531],[-167.8467,65.5401],[-167.8295,65.5252],[-167.7063,65.5003],[-167.6151,65.4668],[-167.6054,65.4544],[-167.5378,65.4382],[-167.4672,65.415],[-167.4034,65.4026],[-167.272,65.396],[-167.2063,65.3963],[-167.1418,65.3881],[-167.0463,65.3856],[-166.9185,65.3663],[-166.8256,65.3442],[-166.6889,65.3287],[-166.6215,65.3268],[-166.5943,65.336],[-166.5186,65.3355],[-166.4165,65.3139],[-166.3606,65.2886],[-166.3472,65.2763],[-166.3851,65.2536],[-166.4511,65.2371],[-166.4765,65.2229],[-166.4641,65.1763],[-166.5063,65.1517],[-166.5495,65.1379],[-166.57,65.1235],[-166.6452,65.1108],[-166.7094,65.1079],[-166.8306,65.1206],[-166.8327,65.1273],[-166.9201,65.1466],[-166.9144,65.1541],[-166.9397,65.1803],[-166.9063,65.2279],[-166.848,65.2451],[-166.8405,65.2611],[-166.8645,65.2774],[-166.9035,65.2456],[-166.9512,65.1659],[-166.9355,65.1434],[-166.8587,65.0922],[-166.8268,65.0798],[-166.7396,65.0565],[-166.7013,65.0396],[-166.6842,65.0204],[-166.7027,64.9961],[-166.6893,64.9847],[-166.5409,64.9419],[-166.4532,64.9026],[-166.4203,64.8795],[-166.4049,64.8587],[-166.4065,64.8253],[-166.4265,64.8065],[-166.4753,64.796],[-166.4665,64.7614],[-166.4785,64.7353],[-166.4425,64.6882],[-166.3895,64.6392],[-166.2603,64.5921],[-166.2159,64.5813],[-166.0385,64.5635],[-165.8478,64.5402],[-165.8011,64.5397],[-165.6678,64.5283],[-165.5053,64.5076],[-165.4005,64.4961],[-165.1811,64.4649],[-165.0084,64.4345],[-164.9857,64.4414],[-164.9115,64.4406],[-164.8359,64.4456],[-164.763,64.4612],[-164.7307,64.4722],[-164.5405,64.5195],[-164.3951,64.5508],[-164.3073,64.5615],[-164.1716,64.5654],[-164.0581,64.5614],[-163.9757,64.5521],[-163.942,64.5635],[-163.905,64.5598],[-163.8751,64.5735],[-163.7955,64.5748],[-163.7381,64.5664],[-163.6674,64.5688],[-163.5976,64.5636],[-163.5119,64.5482],[-163.3841,64.5168],[-163.2531,64.4695],[-163.2508,64.4545],[-163.1953,64.4183],[-163.1762,64.3995],[-163.1499,64.398],[-163.1086,64.409],[-163.0969,64.4266],[-163.0904,64.4643],[-163.0272,64.4779],[-163.0439,64.4895],[-163.0292,64.508],[-163.0814,64.5152],[-163.1298,64.5052],[-163.1588,64.5124],[-163.1776,64.5369],[-163.2578,64.5425],[-163.3084,64.5662],[-163.3336,64.5835],[-163.2138,64.6396],[-163.1889,64.6464],[-163.142,64.6328],[-163.1392,64.6112],[-163.0832,64.6003],[-163.0382,64.5856],[-163.0158,64.5523],[-162.9379,64.5428],[-162.9192,64.5199],[-162.854,64.4994],[-162.8325,64.4803],[-162.8642,64.4705],[-162.8585,64.4498],[-162.8327,64.4377],[-162.8021,64.4025],[-162.7987,64.3765],[-162.8099,64.3561],[-162.8035,64.333],[-162.7769,64.3284],[-162.7389,64.3574],[-162.6314,64.3854],[-162.6388,64.4094],[-162.617,64.4207],[-162.6022,64.4499],[-162.6139,64.472],[-162.5916,64.4836],[-162.5435,64.5315],[-162.5009,64.539],[-162.4549,64.5594],[-162.362,64.5845],[-162.3332,64.5983],[-162.2704,64.6081],[-162.2428,64.6169],[-162.2166,64.6562],[-162.1802,64.678],[-162.0913,64.6918],[-161.9102,64.7025],[-161.9279,64.7172],[-161.8908,64.7362],[-161.8678,64.7394],[-161.8346,64.7569],[-161.7239,64.7724],[-161.6693,64.7885],[-161.6417,64.7745],[-161.517,64.7536],[-161.4539,64.7607],[-161.3667,64.7791],[-161.3561,64.8106],[-161.2991,64.8489],[-161.2185,64.8806],[-161.1994,64.8928],[-161.1856,64.9252],[-161.1523,64.9133],[-161.1295,64.8945],[-161.0778,64.8682],[-160.9864,64.8334],[-160.8842,64.8117],[-160.8669,64.7831],[-160.7833,64.7182],[-160.7814,64.6798],[-160.7937,64.6636],[-160.787,64.6328],[-160.7933,64.6176],[-160.8581,64.5901],[-160.8948,64.5821],[-160.9613,64.5434],[-161.0111,64.5393],[-161.0891,64.541],[-161.0066,64.517],[-161.0102,64.5031],[-161.072,64.4936],[-161.2189,64.4967],[-161.3457,64.5182],[-161.3709,64.533],[-161.3938,64.5311],[-161.4328,64.5119],[-161.4703,64.5055],[-161.4805,64.4856],[-161.4729,64.4493],[-161.4863,64.4331],[-161.5334,64.4143],[-161.5199,64.3967],[-161.4549,64.4204],[-161.3895,64.4226],[-161.3868,64.4157],[-161.2361,64.3806],[-161.2298,64.3706],[-161.0024,64.25],[-160.9708,64.23],[-160.9512,64.2073],[-160.9572,64.1503],[-160.9453,64.1202],[-160.9524,64.0888],[-160.9366,64.052],[-160.8957,63.9897],[-160.8464,63.9488],[-160.8154,63.9103],[-160.7983,63.8772],[-160.768,63.8353],[-160.763,63.7879],[-160.7693,63.7692],[-160.801,63.7363],[-160.8714,63.6898],[-160.9093,63.6531],[-160.9635,63.6212],[-160.9867,63.6138],[-161.0101,63.6228],[-161.0385,63.5796],[-161.0618,63.5647],[-161.1078,63.5526],[-161.1019,63.5371],[-161.1354,63.5275],[-161.1398,63.5019],[-161.1628,63.5028],[-161.1943,63.4898],[-161.2384,63.485],[-161.3104,63.4702],[-161.3851,63.4701],[-161.4474,63.4556],[-161.5073,63.4694],[-161.5234,63.4526],[-161.5854,63.4491],[-161.6401,63.4611],[-161.6956,63.4638],[-161.7518,63.4561],[-161.8135,63.439],[-161.8792,63.4505],[-161.9253,63.4425],[-161.9572,63.4503],[-161.9713,63.4326],[-162.0034,63.4478],[-162.0991,63.4297],[-162.0784,63.4517],[-162.0852,63.4647],[-162.0183,63.48],[-162.059,63.4931],[-162.0781,63.5118],[-162.1599,63.5179],[-162.1805,63.5309],[-162.2072,63.5212],[-162.2335,63.5365],[-162.2619,63.5414],[-162.3117,63.5391],[-162.2768,63.5048],[-162.2726,63.485],[-162.3756,63.4402],[-162.4239,63.4037],[-162.4203,63.3957],[-162.4859,63.3437],[-162.5378,63.3115],[-162.5848,63.273],[-162.6678,63.2247],[-162.7263,63.2112],[-162.7696,63.2171],[-162.8211,63.2056],[-162.8436,63.1857],[-162.8493,63.1532],[-162.9131,63.123],[-162.9722,63.1091],[-163.0423,63.062],[-163.108,63.0499],[-163.2927,63.0398],[-163.3475,63.0281],[-163.3701,63.0392],[-163.3691,63.0557],[-163.4209,63.0832],[-163.4863,63.0992],[-163.4852,63.1108],[-163.5381,63.1047],[-163.5221,63.1221],[-163.5301,63.134],[-163.5976,63.1324],[-163.6602,63.1603],[-163.7023,63.186],[-163.7333,63.1967],[-163.7329,63.2111],[-163.7881,63.2163],[-163.8155,63.2098],[-163.8414,63.2216],[-163.8691,63.2186],[-163.9902,63.2515],[-164.0507,63.2617],[-164.1802,63.2576],[-164.2674,63.2452],[-164.3217,63.2422],[-164.4111,63.2154],[-164.4705,63.1878],[-164.5287,63.1559],[-164.5716,63.1402],[-164.5853,63.1247],[-164.5569,63.0806],[-164.5794,63.0706],[-164.533,63.0496],[-164.5343,63.0309],[-164.5613,63.0258],[-164.6552,63.0292],[-164.708,63.009],[-164.7879,62.9442],[-164.8084,62.9152],[-164.8299,62.864],[-164.8535,62.8375],[-164.859,62.8162],[-164.8187,62.8005],[-164.8701,62.7879],[-164.855,62.7473],[-164.8725,62.7337],[-164.8698,62.7174],[-164.8313,62.6689],[-164.821,62.6384],[-164.7995,62.6131],[-164.7738,62.6087],[-164.7703,62.5915],[-164.8523,62.5699],[-164.9314,62.568],[-164.9747,62.5635],[-165.0981,62.5204],[-165.2013,62.4724],[-165.2505,62.4418],[-165.3073,62.3928],[-165.3229,62.3605],[-165.3553,62.3576],[-165.428,62.3033],[-165.5082,62.2545],[-165.6308,62.1668],[-165.6589,62.1611],[-165.7142,62.096],[-165.7329,62.0896],[-165.7605,62.0388],[-165.7551,61.9853],[-165.7209,61.9304],[-165.6834,61.9045],[-165.6826,61.8941],[-165.6151,61.8528],[-165.7347,61.8409],[-165.7788,61.814],[-165.8042,61.8272],[-165.8709,61.8224],[-165.9224,61.829],[-166.0398,61.819],[-166.068,61.812],[-166.0961,61.815],[-166.0987,61.7955],[-166.0499,61.765],[-166.0468,61.7554],[-166.0031,61.7188],[-165.9146,61.6982],[-165.8632,61.6994],[-165.8392,61.6875],[-165.8019,61.6885],[-165.7745,61.6767],[-165.9057,61.6617],[-166.0163,61.6459],[-166.054,61.6382],[-166.1437,61.6323],[-166.1721,61.6359],[-166.1876,61.5923],[-166.181,61.5718],[-166.1483,61.5176],[-166.1067,61.5108],[-166.0834,61.5299],[-166.0021,61.5392],[-165.9871,61.5498],[-165.9439,61.5547],[-165.9111,61.5488],[-165.8513,61.5301],[-165.8169,61.5307],[-165.787,61.5085],[-165.7621,61.4985],[-165.7533,61.479],[-165.7707,61.457],[-165.814,61.4481],[-165.9201,61.4196],[-165.9233,61.3898],[-165.9018,61.3657],[-165.8788,61.3282],[-165.8379,61.3092],[-165.787,61.3128],[-165.6942,61.2929],[-165.6099,61.2925],[-165.5933,61.2732],[-165.6088,61.2522],[-165.6383,61.2415],[-165.6421,61.2284],[-165.6168,61.1964],[-165.6271,61.1672],[-165.5982,61.1094],[-165.5396,61.0897],[-165.4822,61.0835],[-165.3947,61.0787],[-165.3693,61.0833],[-165.3579,61.1273],[-165.3298,61.1604],[-165.3328,61.1699],[-165.3002,61.1811],[-165.2396,61.1506],[-165.1732,61.1432],[-165.1851,61.1191],[-165.138,61.1016],[-165.1214,61.0786],[-165.0676,61.0609],[-165.013,61.0535],[-164.9822,61.0724],[-164.9524,61.0693],[-164.9486,61.0264],[-165.0215,61.0106],[-165.1165,61.0155],[-165.1394,61.0102],[-165.1915,60.9831],[-165.1817,60.9486],[-165.1562,60.9288],[-165.0759,60.9111],[-165.0258,60.9107],[-164.9557,60.9477],[-164.9263,60.9483],[-164.9203,60.9296],[-164.9392,60.9237],[-164.9578,60.9025],[-164.955,60.8894],[-164.9316,60.8733],[-164.8777,60.8552],[-164.8645,60.8439],[-164.8872,60.8193],[-164.9972,60.7869],[-165.0342,60.7867],[-165.0323,60.7674],[-165.0105,60.7448],[-164.9689,60.7258],[-164.9753,60.7111],[-165.0276,60.686],[-165.0628,60.6878],[-165.0888,60.6727],[-165.0998,60.6542],[-165.1507,60.6493],[-165.1688,60.6285],[-165.192,60.6163],[-165.2311,60.6172],[-165.2562,60.6023],[-165.2526,60.589],[-165.2944,60.5743],[-165.354,60.5798],[-165.3822,60.5773],[-165.3926,60.5622],[-165.4184,60.5554],[-165.378,60.5108],[-165.3046,60.5032],[-165.2705,60.4928],[-165.196,60.4967],[-165.1599,60.5142],[-165.1222,60.5199],[-165.1027,60.5319],[-165.0613,60.544],[-164.9713,60.5396],[-164.9594,60.5279],[-164.9657,60.5086],[-164.9863,60.5057],[-165.0011,60.4807],[-165.0535,60.4589],[-165.0967,60.4547],[-165.1294,60.4337],[-165.0996,60.4118],[-165.0171,60.3638],[-164.939,60.3297],[-164.8863,60.3122],[-164.8346,60.3006],[-164.7465,60.2924],[-164.7129,60.2925],[-164.669,60.3072],[-164.667,60.2863],[-164.6421,60.2467],[-164.613,60.2299],[-164.5584,60.207],[-164.5177,60.1995],[-164.4874,60.1813],[-164.4927,60.1654],[-164.4282,60.1143],[-164.3857,60.0763],[-164.3681,60.0787],[-164.3412,60.0569],[-164.3193,60.0579],[-164.2048,60.0289],[-164.1487,59.9975],[-164.1211,59.9883],[-164.1181,59.9696],[-164.1494,59.9627],[-164.1748,59.9654],[-164.2214,59.9443],[-164.2129,59.9257],[-164.1653,59.8621],[-164.1368,59.8425],[-164.0509,59.8208],[-163.9632,59.8074],[-163.8225,59.7952],[-163.7048,59.7948],[-163.5647,59.8004],[-163.4443,59.8079],[-163.3089,59.8229],[-163.2575,59.8335],[-163.1942,59.8394],[-163.086,59.861],[-163.0459,59.875],[-162.9976,59.8858],[-162.8825,59.9231],[-162.8085,59.9339],[-162.7644,59.9498],[-162.7393,59.9686],[-162.7427,59.9847],[-162.7198,59.9917],[-162.6304,59.974],[-162.5434,59.9817],[-162.5114,59.9975],[-162.4782,60.0301],[-162.4937,60.0704],[-162.4996,60.1286],[-162.49,60.1457],[-162.4513,60.1744],[-162.3726,60.1691],[-162.3598,60.1502],[-162.3218,60.1126],[-162.2735,60.0883],[-162.2589,60.0629],[-162.2256,60.0607],[-162.2116,60.0294],[-162.1738,59.989],[-162.1448,59.9687],[-162.1211,59.9652],[-162.1048,59.9508],[-162.1111,59.9236],[-162.0849,59.8829],[-162.0608,59.8594],[-161.9684,59.7992],[-161.9282,59.7491],[-161.9291,59.7381],[-161.8816,59.7023],[-161.8911,59.6893],[-161.8752,59.6745],[-161.8689,59.6387],[-161.8309,59.6083],[-161.8148,59.588],[-161.7713,59.5597],[-161.7427,59.5311],[-161.7012,59.4984],[-161.7119,59.4789],[-161.7417,59.4679],[-161.7858,59.4671],[-161.8036,59.4592],[-161.8193,59.4309],[-161.8446,59.4334],[-161.8636,59.4226],[-161.8806,59.3958],[-161.9549,59.3789],[-161.956,59.3523],[-161.9929,59.3384],[-162.032,59.2885],[-162.0558,59.2648],[-162.0125,59.1918],[-161.9808,59.1482],[-161.9467,59.1193],[-161.8787,59.0681],[-161.8218,59.0506],[-161.8413,59.0291],[-161.8079,58.9976],[-161.7888,58.972],[-161.7834,58.8834],[-161.7566,58.8329],[-161.7532,58.8063],[-161.7735,58.7672],[-161.8046,58.7371],[-161.8443,58.7244],[-161.8658,58.7065],[-161.839,58.6927],[-161.8529,58.6727],[-161.8892,58.6545],[-161.9455,58.6495],[-161.9449,58.666],[-161.97,58.668],[-161.9974,58.6812],[-162.0237,58.6704],[-162.1175,58.6686],[-162.1261,58.6577],[-162.1629,58.6545],[-162.1523,58.6386],[-162.1042,58.6315],[-162.0755,58.621],[-161.982,58.6318],[-161.956,58.6231],[-161.9331,58.6326],[-161.9005,58.6286],[-161.821,58.6287],[-161.7737,58.6017],[-161.7561,58.5775],[-161.7593,58.5503],[-161.7336,58.5573],[-161.687,58.5602],[-161.6754,58.5793],[-161.63,58.5992],[-161.5926,58.6054],[-161.56,58.6019],[-161.5289,58.6286],[-161.4761,58.6426],[-161.3621,58.662],[-161.3763,58.6775],[-161.3742,58.7027],[-161.3595,58.7227],[-161.2998,58.7555],[-161.2886,58.7711],[-161.2149,58.7835],[-161.1784,58.7835],[-161.1758,58.7948],[-161.1316,58.8001],[-161.1127,58.8118],[-161.0806,58.8165],[-161.0462,58.8345],[-160.9906,58.854],[-160.9607,58.8752],[-160.9161,58.8749],[-160.879,58.8824],[-160.8559,58.8743],[-160.8288,58.8523],[-160.7934,58.8726],[-160.752,58.9056],[-160.6856,58.9387],[-160.5698,58.9854],[-160.5398,58.9926],[-160.5148,59.0122],[-160.4741,59.0274],[-160.388,59.0533],[-160.3547,59.0728],[-160.3173,59.0687],[-160.336,59.0521],[-160.2828,59.0268],[-160.2573,58.9945],[-160.2626,58.9756],[-160.285,58.9768],[-160.3131,58.9617],[-160.2993,58.9498],[-160.2693,58.9475],[-160.2461,58.9216],[-160.2492,58.8899],[-160.1943,58.9125],[-160.1717,58.9108],[-160.151,58.8872],[-160.1654,58.8678],[-160.0931,58.8608],[-160.0872,58.8772],[-160.0429,58.8838],[-160.0066,58.8791],[-159.9831,58.8634],[-159.9915,58.8342],[-159.9699,58.8289],[-159.953,58.8069],[-159.901,58.7731],[-159.8568,58.7822],[-159.857,58.7924],[-159.7943,58.8054],[-159.8121,58.8421],[-159.7985,58.8512],[-159.7512,58.8431],[-159.746,58.8559],[-159.7691,58.8713],[-159.7423,58.8919],[-159.7275,58.9132],[-159.7427,58.9255],[-159.6495,58.9371],[-159.6156,58.9312],[-159.5848,58.8948],[-159.6306,58.857],[-159.6354,58.8465],[-159.5979,58.8305],[-159.5834,58.8388],[-159.501,58.822],[-159.4635,58.8057],[-159.4092,58.7725],[-159.3422,58.7178],[-159.2593,58.6347],[-159.1874,58.5556],[-159.1222,58.4904],[-159.0644,58.4245],[-159.045,58.418],[-158.9442,58.3969],[-158.9,58.3931],[-158.8321,58.3993],[-158.8005,58.4084],[-158.7409,58.453],[-158.7024,58.4952],[-158.7549,58.5086],[-158.776,58.5577],[-158.774,58.58],[-158.802,58.5826],[-158.8306,58.6223],[-158.8393,58.6518],[-158.8587,58.6884],[-158.8778,58.7033],[-158.878,58.7285],[-158.8245,58.7272],[-158.8028,58.736],[-158.7751,58.7726],[-158.7941,58.8032],[-158.7682,58.8652],[-158.7757,58.8778],[-158.7223,58.8728],[-158.614,58.9144],[-158.5985,58.9352],[-158.5299,58.998],[-158.4817,58.9994],[-158.4905,58.9719],[-158.5095,58.8629],[-158.5057,58.8545],[-158.5575,58.8319],[-158.5633,58.8046],[-158.5248,58.7883],[-158.4409,58.7756],[-158.3792,58.7526],[-158.3454,58.722],[-158.3324,58.6868],[-158.331,58.6632],[-158.2731,58.6335],[-158.2139,58.6158],[-158.1403,58.615],[-158.0776,58.6255],[-157.8636,58.6773],[-157.7065,58.7299],[-157.555,58.7565],[-157.5327,58.7726],[-157.4298,58.793],[-157.4004,58.8087],[-157.3436,58.8252],[-157.3294,58.8334],[-157.2638,58.8375],[-157.1296,58.863],[-157.0829,58.8748],[-157.0688,58.8986],[-157.0424,58.9146],[-157.046,58.9423],[-157.0154,58.9678],[-156.9713,58.9831],[-156.9459,58.9834],[-156.9289,58.9693],[-156.9609,58.9655],[-156.973,58.9482],[-156.9799,58.9014],[-157.0112,58.8833],[-157.0163,58.8688],[-156.9892,58.8521],[-156.9932,58.8215],[-157.0354,58.7851],[-157.0626,58.7697],[-157.064,58.7308],[-157.0518,58.7119],[-157.0806,58.7078],[-157.1712,58.6683],[-157.2058,58.6427],[-157.26,58.6166],[-157.2902,58.5924],[-157.3359,58.5474],[-157.3784,58.5232],[-157.4075,58.5232],[-157.4519,58.5056],[-157.4815,58.4761],[-157.4938,58.4499],[-157.5241,58.4108],[-157.5346,58.3893],[-157.5466,58.3341],[-157.5451,58.2993],[-157.5301,58.2886],[-157.5362,58.2716],[-157.442,58.2073],[-157.3884,58.2053],[-157.4034,58.1774],[-157.4327,58.1656],[-157.481,58.1614],[-157.5301,58.1648],[-157.5507,58.1595],[-157.5879,58.109],[-157.6126,58.0211],[-157.6256,57.9603],[-157.6347,57.8966],[-157.6582,57.7988],[-157.7054,57.7104],[-157.7112,57.6377],[-157.6976,57.6131],[-157.6221,57.6135],[-157.6013,57.6096],[-157.5884,57.5822],[-157.5699,57.5209],[-157.5988,57.4887],[-157.6515,57.4979],[-157.653,57.512],[-157.6804,57.5377],[-157.684,57.5615],[-157.7475,57.5562],[-157.788,57.5422],[-157.8704,57.4936],[-157.93,57.474],[-158.0005,57.4071],[-158.0528,57.3872],[-158.0811,57.3713],[-158.0838,57.3572],[-158.1839,57.3359],[-158.2313,57.319],[-158.2678,57.3007],[-158.3071,57.2896],[-158.3796,57.2465],[-158.4597,57.1887],[-158.5403,57.1251],[-158.5703,57.0948],[-158.6248,57.0518],[-158.6624,57.0136],[-158.6887,56.9732],[-158.6969,56.938],[-158.6813,56.9227],[-158.6936,56.8881],[-158.6759,56.8778],[-158.6721,56.8592],[-158.6513,56.8443],[-158.6599,56.8132],[-158.6494,56.8028],[-158.7507,56.7943],[-158.7749,56.786],[-158.8156,56.7887],[-158.859,56.7973],[-158.9119,56.8137],[-158.95,56.8422],[-158.9433,56.8582],[-159.0331,56.8079],[-159.1848,56.7527],[-159.2256,56.7345],[-159.2799,56.7157],[-159.3004,56.714],[-159.3574,56.6931],[-159.3888,56.6905],[-159.4793,56.6475],[-159.5485,56.6212],[-159.6714,56.5854],[-159.8152,56.5477],[-159.8489,56.5308],[-159.8808,56.5084],[-159.9428,56.4733],[-160.0605,56.4172],[-160.1111,56.4079],[-160.1496,56.3963],[-160.1963,56.3726],[-160.2285,56.3421],[-160.2746,56.3172],[-160.3159,56.3022],[-160.3504,56.2835],[-160.3828,56.2484],[-160.4076,56.2037],[-160.4488,56.1404],[-160.4503,56.1242],[-160.4999,56.0635],[-160.5835,55.9865],[-160.552,55.9918],[-160.5247,55.9773],[-160.5408,55.946],[-160.5159,55.948],[-160.4762,55.9189],[-160.4182,55.9098],[-160.3908,55.8916],[-160.2922,55.8532],[-160.2551,55.858],[-160.2216,55.8345],[-160.2948,55.8238],[-160.2917,55.7965],[-160.2518,55.7678],[-160.2996,55.7702],[-160.3226,55.7808],[-160.3559,55.7758],[-160.3818,55.7825],[-160.3987,55.8075],[-160.4327,55.8024],[-160.4498,55.7849],[-160.4721,55.7952],[-160.4743,55.8197],[-160.4621,55.8318],[-160.4947,55.8642],[-160.5326,55.8699],[-160.5615,55.8601],[-160.6511,55.8576],[-160.6976,55.8624],[-160.7566,55.8813],[-160.7944,55.8764],[-160.7669,55.8546],[-160.7521,55.8051],[-160.7621,55.7861],[-160.716,55.7745],[-160.6952,55.7551],[-160.6516,55.7393],[-160.6699,55.6974],[-160.6844,55.6962],[-160.6996,55.7163],[-160.7022,55.7341],[-160.7474,55.7504],[-160.7774,55.7515],[-160.7999,55.7287],[-160.8498,55.7626],[-160.9028,55.804],[-160.9394,55.8116],[-160.9539,55.8254],[-160.9582,55.8665],[-161.0057,55.8748],[-161.0238,55.897],[-161.0138,55.9151],[-160.9786,55.9367],[-160.9468,55.947],[-160.8922,55.9532],[-160.8657,55.9314],[-160.8474,55.9411],[-160.8655,55.9551],[-160.861,55.9812],[-160.8767,55.9998],[-160.9223,55.9849],[-160.9468,55.9871],[-160.9675,55.97],[-161.0221,55.9619],[-161.0471,55.9439],[-161.077,55.9435],[-161.0998,55.9527],[-161.1403,55.9531],[-161.1886,55.9611],[-161.227,55.9528],[-161.28,55.9587],[-161.275,55.9846],[-161.1726,56.0057],[-161.1766,56.0105],[-161.2914,55.9839],[-161.3813,55.9669],[-161.5773,55.9384],[-161.6234,55.9244],[-161.6919,55.9099],[-161.8098,55.8918],[-161.8774,55.8487],[-161.9345,55.8194],[-161.9945,55.7978],[-162.0506,55.7909],[-162.1466,55.7333],[-162.2142,55.7134],[-162.2692,55.6856],[-162.3062,55.6518],[-162.384,55.5898],[-162.4735,55.5291],[-162.515,55.4961],[-162.5913,55.4527],[-162.5765,55.4487],[-162.5433,55.4584],[-162.509,55.4589],[-162.5062,55.4452],[-162.5207,55.4277],[-162.5048,55.4117],[-162.5012,55.3897],[-162.5359,55.3585],[-162.5749,55.3479],[-162.6016,55.3622],[-162.6405,55.3683],[-162.6802,55.3523],[-162.6968,55.3326],[-162.7353,55.3078],[-162.7662,55.3152],[-162.7981,55.311],[-162.8247,55.2854],[-162.8527,55.2805],[-162.9107,55.2495],[-162.886,55.238],[-162.8504,55.2415],[-162.8439,55.2225],[-162.8575,55.2171],[-162.872,55.1795],[-162.8912,55.1827],[-162.9335,55.1768],[-162.9571,55.1654],[-162.993,55.1786],[-163.0338,55.1684],[-163.0702,55.1702],[-163.0821,55.1816],[-163.1455,55.1759],[-163.2012,55.1613],[-163.3229,55.1018],[-163.3029,55.0949],[-163.3167,55.082],[-163.2841,55.0518],[-163.2798,55.0133],[-163.2967,54.9743],[-163.2916,54.9662],[-163.2371,54.9472],[-163.2487,54.9389],[-163.3088,54.9464],[-163.3362,54.9546],[-163.3462,54.9262],[-163.3163,54.9078],[-163.3237,54.8754],[-163.3873,54.8575],[-163.3572,54.8108],[-163.3173,54.8082],[-163.2998,54.8292],[-163.2469,54.833],[-163.2189,54.8414],[-163.1977,54.869],[-163.1756,54.8705],[-163.1428,54.8951],[-163.0984,54.9159],[-163.0623,54.9256],[-163.0314,54.9441],[-163.0504,54.9708],[-163.1486,55.014],[-163.1697,55.0118],[-163.2162,55.0283],[-163.2196,55.0411],[-163.1847,55.0977],[-163.1433,55.0942],[-163.106,55.1065],[-163.0677,55.1072],[-163.0074,55.0805],[-162.9789,55.0478],[-162.9456,55.0255],[-162.9664,55.0013],[-162.9548,54.985],[-162.92,54.971],[-162.9147,54.9521],[-162.8811,54.9337],[-162.8342,54.9286],[-162.8019,54.9423],[-162.7794,54.9349],[-162.7522,54.9394],[-162.7199,54.9524],[-162.7042,54.9688],[-162.7179,54.9827],[-162.6814,54.9978],[-162.6208,54.9916],[-162.5921,54.976],[-162.57,54.9747],[-162.5687,55.0193],[-162.5974,55.0557],[-162.6023,55.0871],[-162.6253,55.1002],[-162.6269,55.1148],[-162.5998,55.1245],[-162.5881,55.1413],[-162.6105,55.1543],[-162.6171,55.1704],[-162.6485,55.197],[-162.6922,55.1951],[-162.7192,55.2106],[-162.7238,55.2265],[-162.7094,55.2529],[-162.6633,55.2979],[-162.6398,55.3047],[-162.57,55.3005],[-162.5887,55.2717],[-162.5136,55.2506],[-162.5,55.1858],[-162.4822,55.1597],[-162.4489,55.152],[-162.4006,55.1156],[-162.3761,55.1175],[-162.3528,55.1035],[-162.395,55.0977],[-162.436,55.106],[-162.4426,55.1182],[-162.4683,55.1247],[-162.521,55.1154],[-162.4953,55.0671],[-162.4507,55.0458],[-162.4148,55.0354],[-162.3811,55.0413],[-162.3445,55.0374],[-162.3121,55.0583],[-162.3025,55.0385],[-162.2778,55.0217],[-162.2516,55.0183],[-162.2206,55.0286],[-162.1921,55.0574],[-162.2049,55.0857],[-162.2281,55.1043],[-162.2215,55.1173],[-162.184,55.1397],[-162.1769,55.1534],[-162.1474,55.1561],[-162.1113,55.1482],[-162.1093,55.1249],[-162.1377,55.1128],[-162.0802,55.0892],[-162.0508,55.0718],[-162.0204,55.0913],[-161.9879,55.0956],[-161.9597,55.1062],[-161.9462,55.1257],[-161.9626,55.1371],[-161.9625,55.1585],[-162.0162,55.1706],[-161.9998,55.1798],[-162.0147,55.2165],[-162.0376,55.2214],[-162.0282,55.2365],[-161.9777,55.2357],[-161.9322,55.2125],[-161.8783,55.2237],[-161.8735,55.2529],[-161.8608,55.2709],[-161.8243,55.2931],[-161.7602,55.3482],[-161.7478,55.3541],[-161.6885,55.4042],[-161.7002,55.4274],[-161.6875,55.5059],[-161.6987,55.5206],[-161.651,55.5587],[-161.6136,55.6075],[-161.5916,55.6188],[-161.5418,55.6285],[-161.4548,55.6336],[-161.3878,55.6271],[-161.3636,55.616],[-161.362,55.5912],[-161.3744,55.572],[-161.3941,55.5634],[-161.4238,55.5269],[-161.4791,55.4906],[-161.4729,55.46],[-161.4961,55.397],[-161.5156,55.3884],[-161.5039,55.3609],[-161.4539,55.3576],[-161.4048,55.3748],[-161.3593,55.3836],[-161.3189,55.378],[-161.3154,55.36],[-161.2901,55.3553],[-161.2421,55.3562],[-161.2031,55.3708],[-161.1839,55.3834],[-161.1215,55.3951],[-161.0508,55.423],[-160.9974,55.4403],[-160.9858,55.4657],[-160.9594,55.4865],[-160.9465,55.5076],[-160.899,55.5258],[-160.8544,55.5239],[-160.8258,55.505],[-160.8414,55.494],[-160.8378,55.4721],[-160.7979,55.4564],[-160.6882,55.458],[-160.6634,55.4648],[-160.65,55.4833],[-160.6493,55.5041],[-160.6622,55.5192],[-160.715,55.5264],[-160.7688,55.5293],[-160.7579,55.5519],[-160.7169,55.5583],[-160.6687,55.5449],[-160.6486,55.5493],[-160.6112,55.5786],[-160.5801,55.5644],[-160.5831,55.5499],[-160.5558,55.5236],[-160.5363,55.4799],[-160.5034,55.4764],[-160.4707,55.4937],[-160.4576,55.5136],[-160.4652,55.5274],[-160.4434,55.5515],[-160.4453,55.5744],[-160.4179,55.5795],[-160.3869,55.606],[-160.3569,55.6126],[-160.3876,55.6281],[-160.433,55.64],[-160.4138,55.6646],[-160.3525,55.6468],[-160.2795,55.6387],[-160.2364,55.6664],[-160.2134,55.6552],[-160.1269,55.6647],[-160.1412,55.7042],[-160.1149,55.7098],[-160.0806,55.7082],[-160.0875,55.7277],[-160.0296,55.7181],[-160.0132,55.7354],[-160.0211,55.7473],[-160.0499,55.7604],[-160.026,55.7912],[-159.9939,55.795],[-159.9694,55.7742],[-159.9617,55.7962],[-159.9731,55.8128],[-159.9597,55.82],[-159.8999,55.7859],[-159.8607,55.7881],[-159.846,55.8048],[-159.844,55.8311],[-159.8592,55.8443],[-159.821,55.8562],[-159.7837,55.8512],[-159.7256,55.8505],[-159.6419,55.828],[-159.6228,55.8154],[-159.6266,55.8033],[-159.6791,55.7398],[-159.6529,55.7139],[-159.6271,55.7064],[-159.6718,55.6889],[-159.6756,55.6578],[-159.6198,55.6461],[-159.6135,55.6349],[-159.6581,55.6183],[-159.7051,55.6086],[-159.7309,55.5706],[-159.6881,55.573],[-159.6224,55.5896],[-159.599,55.6277],[-159.5391,55.6516],[-159.5411,55.6744],[-159.5335,55.6976],[-159.5553,55.7107],[-159.5341,55.7317],[-159.5038,55.7479],[-159.4957,55.7617],[-159.5057,55.802],[-159.5035,55.8206],[-159.5123,55.8417],[-159.5315,55.8486],[-159.5474,55.8659],[-159.532,55.8867],[-159.4928,55.9003],[-159.4541,55.8962],[-159.4722,55.8736],[-159.4615,55.8619],[-159.4742,55.8429],[-159.4634,55.819],[-159.4361,55.7943],[-159.4021,55.7989],[-159.409,55.8246],[-159.4012,55.8567],[-159.3471,55.8785],[-159.2903,55.8669],[-159.2806,55.8892],[-159.2349,55.8985],[-159.2059,55.8996],[-159.1692,55.8905],[-159.1498,55.91],[-159.1325,55.9095],[-159.0861,55.9242],[-159.0708,55.9241],[-159.0326,55.8935],[-159.006,55.891],[-159.0016,55.9288],[-158.9487,55.9344],[-158.9153,55.9284],[-158.8865,55.969],[-158.8585,55.9934],[-158.8471,56.0142],[-158.8256,56.0151],[-158.8133,55.9901],[-158.7909,55.9856],[-158.7707,56.0015],[-158.7736,56.018],[-158.7203,56.0053],[-158.7335,55.9952],[-158.7175,55.9773],[-158.7421,55.9747],[-158.7507,55.961],[-158.7246,55.9539],[-158.6975,55.967],[-158.6796,55.9509],[-158.6538,55.9632],[-158.6935,55.9823],[-158.6439,55.9908],[-158.64,56.0197],[-158.6652,56.036],[-158.7151,56.033],[-158.7255,56.0494],[-158.6845,56.0492],[-158.6599,56.0606],[-158.6639,56.0823],[-158.6484,56.0886],[-158.6816,56.1073],[-158.6668,56.1263],[-158.6411,56.113],[-158.6109,56.1229],[-158.5839,56.1419],[-158.5837,56.1559],[-158.5513,56.1699],[-158.584,56.178],[-158.5592,56.1908],[-158.5169,56.1981],[-158.5162,56.1799],[-158.4932,56.1692],[-158.5373,56.1574],[-158.5555,56.1188],[-158.5881,56.1155],[-158.5954,56.0834],[-158.5948,56.0428],[-158.5232,56.0557],[-158.5148,56.0474],[-158.5585,56.0321],[-158.5429,56.0097],[-158.5134,55.9821],[-158.4999,55.981],[-158.494,56.0073],[-158.5039,56.0379],[-158.4874,56.0375],[-158.4538,56.0131],[-158.4457,55.9976],[-158.415,56.0041],[-158.4197,56.0187],[-158.4097,56.0438],[-158.4536,56.0558],[-158.4629,56.0791],[-158.4893,56.1044],[-158.4651,56.1047],[-158.4236,56.0836],[-158.4265,56.0696],[-158.4003,56.0619],[-158.3945,56.0891],[-158.4371,56.1405],[-158.4048,56.1322],[-158.4072,56.1511],[-158.3917,56.1696],[-158.3756,56.174],[-158.375,56.1362],[-158.3383,56.1313],[-158.3498,56.1498],[-158.2796,56.1715],[-158.2526,56.1848],[-158.2165,56.1928],[-158.1863,56.1921],[-158.183,56.2077],[-158.1602,56.2171],[-158.1749,56.2362],[-158.2115,56.2147],[-158.2621,56.1931],[-158.329,56.1769],[-158.298,56.2121],[-158.3333,56.2136],[-158.3785,56.2272],[-158.3107,56.2364],[-158.2508,56.2608],[-158.2173,56.2685],[-158.199,56.2898],[-158.2392,56.2936],[-158.2499,56.3034],[-158.2822,56.3033],[-158.2958,56.3163],[-158.3313,56.3248],[-158.3734,56.3143],[-158.38,56.2996],[-158.4018,56.295],[-158.4106,56.3103],[-158.4022,56.327],[-158.4726,56.3406],[-158.499,56.3527],[-158.5072,56.3744],[-158.4647,56.3976],[-158.4077,56.4522],[-158.3742,56.4593],[-158.3263,56.4831],[-158.2885,56.4805],[-158.2469,56.4649],[-158.2016,56.4629],[-158.1805,56.4564],[-158.1609,56.4667],[-158.1265,56.462],[-158.1143,56.4897],[-158.1543,56.5074],[-158.1387,56.5218],[-158.1004,56.513],[-158.0499,56.5083],[-158.026,56.5106],[-157.999,56.4975],[-157.9744,56.5005],[-157.9602,56.4882],[-157.9205,56.4864],[-157.8849,56.4738],[-157.8595,56.4756],[-157.8576,56.4886],[-157.83,56.4988],[-157.8249,56.5171],[-157.8337,56.5382],[-157.8186,56.5487],[-157.84,56.5666],[-157.8701,56.5621],[-157.9018,56.5701],[-157.9624,56.5656],[-158.0006,56.5538],[-158.124,56.5295],[-158.1209,56.5538],[-158.1018,56.5678],[-158.0732,56.5759],[-158.0247,56.6032],[-157.9777,56.6046],[-157.9575,56.6104],[-157.9288,56.639],[-157.8805,56.6491],[-157.8442,56.6459],[-157.8347,56.6579],[-157.7865,56.6762],[-157.7368,56.6756],[-157.7031,56.6251],[-157.6729,56.6112],[-157.633,56.6101],[-157.6051,56.6205],[-157.5428,56.6183],[-157.5363,56.6127],[-157.4905,56.6176],[-157.4597,56.6274],[-157.4501,56.6412],[-157.4803,56.6721],[-157.5102,56.6667],[-157.5508,56.681],[-157.5618,56.706],[-157.5356,56.7482],[-157.5098,56.7648],[-157.4772,56.764],[-157.464,56.7543],[-157.4379,56.767],[-157.4017,56.7729],[-157.4199,56.7851],[-157.4194,56.7998],[-157.4624,56.8096],[-157.4712,56.8335],[-157.437,56.8585],[-157.3832,56.8621],[-157.2931,56.8145],[-157.2892,56.8026],[-157.2527,56.7928],[-157.2252,56.7741],[-157.1963,56.7687],[-157.1684,56.7725],[-157.1408,56.7901],[-157.1387,56.8077],[-157.1545,56.8158],[-157.1371,56.8337],[-157.0771,56.8354],[-157.0271,56.8913],[-156.9822,56.9131],[-156.952,56.9126],[-156.9343,56.9551],[-156.9183,56.9642],[-156.8891,56.9653],[-156.8789,56.9445],[-156.8496,56.9266],[-156.8402,56.901],[-156.8064,56.905],[-156.7889,56.942],[-156.7854,56.9697],[-156.7472,56.9984],[-156.7822,57.0261],[-156.752,57.0276],[-156.7203,57.0385],[-156.701,57.0312],[-156.6762,57.0055],[-156.6511,57.003],[-156.593,56.9864],[-156.5616,56.9813],[-156.5508,56.9997],[-156.5806,57.0441],[-156.5149,57.0482],[-156.4859,57.0643],[-156.4761,57.0774],[-156.4408,57.0825],[-156.4476,57.1102],[-156.4657,57.1249],[-156.4102,57.1219],[-156.3959,57.1373],[-156.3682,57.143],[-156.327,57.1868],[-156.3814,57.1991],[-156.4032,57.2214],[-156.3782,57.2466],[-156.3376,57.2499],[-156.3151,57.2937],[-156.3407,57.3004],[-156.3257,57.3143],[-156.3533,57.3243],[-156.393,57.318],[-156.5157,57.2901],[-156.5343,57.2825],[-156.5482,57.3059],[-156.5385,57.3256],[-156.4576,57.3448],[-156.4335,57.3667],[-156.4017,57.372],[-156.3239,57.4241],[-156.2803,57.4296],[-156.2201,57.4453],[-156.2089,57.4716],[-156.1808,57.4817],[-156.1303,57.4681],[-156.0937,57.4379],[-156.0234,57.4339],[-156.0133,57.4508],[-156.0351,57.4686],[-156.0418,57.5201],[-156.0262,57.5215],[-156.0441,57.5645],[-156.0062,57.567],[-155.9723,57.5438],[-155.9338,57.5338],[-155.9117,57.5433],[-155.862,57.5527],[-155.8502,57.5674],[-155.8167,57.5762],[-155.8142,57.5619],[-155.7839,57.5466],[-155.7353,57.5432],[-155.7365,57.5682],[-155.7248,57.5789],[-155.7414,57.6014],[-155.7282,57.6203],[-155.6938,57.6452],[-155.595,57.6595],[-155.5775,57.6788],[-155.609,57.6865],[-155.6346,57.7048],[-155.6304,57.7274],[-155.6121,57.7486],[-155.6125,57.7763],[-155.57,57.7903],[-155.5105,57.7617],[-155.4723,57.7499],[-155.4048,57.7388],[-155.3895,57.7061],[-155.346,57.724],[-155.3014,57.7248],[-155.2956,57.75],[-155.3544,57.7912],[-155.3312,57.7997],[-155.3317,57.8291],[-155.2789,57.8219],[-155.238,57.8271],[-155.216,57.8372],[-155.2242,57.8654],[-155.1917,57.8517],[-155.1506,57.8579],[-155.0836,57.8732],[-155.0625,57.9056],[-155.0986,57.9221],[-155.1167,57.946],[-155.0759,57.954],[-155.042,57.955],[-155.035,57.9829],[-154.983,58.0004],[-154.9501,58.0014],[-154.9124,58.0211],[-154.8887,58.0252],[-154.8295,58.0169],[-154.8086,57.999],[-154.7653,58.0037],[-154.7369,58.0122],[-154.7219,58.0505],[-154.6795,58.0638],[-154.6505,58.0619],[-154.6411,58.0316],[-154.5665,58.0237],[-154.54,58.0537],[-154.533,58.0771],[-154.4928,58.082],[-154.4635,58.079],[-154.447,58.0953],[-154.4569,58.1468],[-154.4687,58.1776],[-154.4367,58.1724],[-154.4363,58.1473],[-154.4121,58.129],[-154.3918,58.1241],[-154.3411,58.0838],[-154.3102,58.0883],[-154.3177,58.1116],[-154.3373,58.1239],[-154.3374,58.1571],[-154.2976,58.145],[-154.269,58.1288],[-154.217,58.1328],[-154.2163,58.1429],[-154.2708,58.1628],[-154.2494,58.1876],[-154.2227,58.1841],[-154.1644,58.1972],[-154.1447,58.2119],[-154.1461,58.2308],[-154.2039,58.2533],[-154.1907,58.2614],[-154.1286,58.2663],[-154.0986,58.2784],[-154.1363,58.2911],[-154.151,58.3161],[-154.2027,58.3206],[-154.1923,58.3062],[-154.2664,58.2938],[-154.2562,58.2726],[-154.328,58.2615],[-154.3502,58.2798],[-154.3452,58.2885],[-154.2256,58.3312],[-154.1647,58.3354],[-154.1779,58.3587],[-154.1526,58.3577],[-154.1272,58.3456],[-154.0926,58.3591],[-154.0448,58.3558],[-154.0302,58.372],[-154.0004,58.3753],[-153.9853,58.3928],[-154.0505,58.4131],[-154.0686,58.4386],[-154.0761,58.4729],[-154.0636,58.4863],[-154.0019,58.4923],[-153.9586,58.4892],[-153.9314,58.4955],[-153.9086,58.5167],[-153.9214,58.5243],[-153.916,58.5455],[-153.8968,58.5687],[-153.9055,58.5853],[-153.8926,58.6077],[-153.8396,58.6123],[-153.7681,58.6039],[-153.7358,58.6098],[-153.6617,58.6146],[-153.6328,58.6314],[-153.5927,58.6338],[-153.5827,58.6632],[-153.5562,58.6858],[-153.5098,58.6916],[-153.4778,58.7128],[-153.455,58.708],[-153.4325,58.716],[-153.3947,58.7496],[-153.3796,58.7765],[-153.365,58.8276],[-153.3368,58.8489],[-153.291,58.8389],[-153.2499,58.8519],[-153.2644,58.8659],[-153.3094,58.8536],[-153.3411,58.8665],[-153.3219,58.8836],[-153.3328,58.9085],[-153.3299,58.9255],[-153.3635,58.9256],[-153.4003,58.951],[-153.407,58.9733],[-153.4424,58.9733],[-153.4864,58.9995],[-153.5215,58.9834],[-153.5542,58.9871],[-153.6091,59.0063],[-153.6481,59.0289],[-153.7041,59.0759],[-153.7507,59.0659],[-153.7876,59.0787],[-153.8537,59.0543],[-153.9186,59.0604],[-153.9491,59.0675],[-154.0194,59.0741],[-154.0636,59.0727],[-154.1198,59.032],[-154.1418,59.0219],[-154.1652,59.0285],[-154.2008,59.062],[-154.1835,59.0758],[-154.1972,59.0933],[-154.1686,59.1016],[-154.1745,59.121],[-154.1998,59.126],[-154.2606,59.1282],[-154.2651,59.1414],[-154.227,59.1691],[-154.1981,59.1674],[-154.1684,59.1786],[-154.1816,59.1907],[-154.1499,59.2002],[-154.1305,59.1955],[-154.1397,59.2331],[-154.135,59.2693],[-154.111,59.3027],[-154.077,59.3164],[-154.0192,59.3312],[-153.9887,59.3494],[-154.0469,59.3531],[-154.0964,59.3441],[-154.1384,59.3669],[-154.1029,59.3667],[-154.0454,59.3896],[-154.025,59.3772],[-153.983,59.3874],[-153.951,59.3841],[-153.9028,59.4176],[-153.8689,59.4242],[-153.8234,59.418],[-153.7276,59.4353],[-153.7414,59.4491],[-153.7035,59.4643],[-153.7339,59.5058],[-153.7584,59.5112],[-153.7748,59.5248],[-153.7674,59.5391],[-153.7205,59.5515],[-153.651,59.5554],[-153.5843,59.5542],[-153.5578,59.5892],[-153.5612,59.6062],[-153.6006,59.6116],[-153.6209,59.6308],[-153.679,59.6217],[-153.6994,59.6402],[-153.6524,59.6402],[-153.6267,59.6453],[-153.6291,59.6683],[-153.5674,59.6372],[-153.5301,59.6335],[-153.4925,59.6374],[-153.4672,59.6521],[-153.4615,59.6781],[-153.4445,59.6983],[-153.4438,59.7171],[-153.4632,59.7642],[-153.4352,59.7749],[-153.3817,59.7323],[-153.3731,59.6996],[-153.3895,59.6787],[-153.389,59.6644],[-153.4224,59.6508],[-153.4176,59.6375],[-153.387,59.6385],[-153.3417,59.622],[-153.3024,59.6316],[-153.3048,59.6509],[-153.3196,59.664],[-153.2814,59.6703],[-153.2612,59.6398],[-153.2202,59.6354],[-153.1559,59.656],[-153.1473,59.6725],[-153.0936,59.6835],[-153.0468,59.7065],[-152.9988,59.7822],[-152.9914,59.8105],[-153.0026,59.8287],[-153.0215,59.8345],[-153.0897,59.8336],[-153.1091,59.8151],[-153.1472,59.8087],[-153.1946,59.8252],[-153.2353,59.8275],[-153.1959,59.8526],[-153.1592,59.8649],[-153.1428,59.8596],[-153.0717,59.8722],[-153.0358,59.8831],[-152.9606,59.8833],[-152.9404,59.8755],[-152.8884,59.8828],[-152.8663,59.8746],[-152.8084,59.8777],[-152.7919,59.8954],[-152.7086,59.9127],[-152.6937,59.9251],[-152.6825,59.9636],[-152.6001,60.0169],[-152.601,60.0288],[-152.5768,60.0499],[-152.573,60.0785],[-152.5976,60.1018],[-152.6584,60.1216],[-152.6875,60.1403],[-152.6778,60.1556],[-152.7343,60.1748],[-152.7645,60.1947],[-152.8035,60.1994],[-152.8544,60.2188],[-152.885,60.2423],[-152.7874,60.2265],[-152.7497,60.2249],[-152.7209,60.2423],[-152.6878,60.2354],[-152.6601,60.242],[-152.6425,60.2299],[-152.6103,60.2216],[-152.5488,60.2294],[-152.5378,60.2473],[-152.5011,60.2689],[-152.4684,60.2804],[-152.417,60.2874],[-152.3939,60.3033],[-152.3882,60.3283],[-152.372,60.3514],[-152.3058,60.3614],[-152.3059,60.3683],[-152.2408,60.3926],[-152.2736,60.4089],[-152.3081,60.4172],[-152.3303,60.4431],[-152.3314,60.4735],[-152.3091,60.5072],[-152.2603,60.5401],[-152.1726,60.5771],[-152.1362,60.5785],[-152.1,60.5944],[-152.0781,60.6275],[-152.0399,60.661],[-151.9996,60.6828],[-151.9169,60.7179],[-151.848,60.7357],[-151.7621,60.7235],[-151.75,60.7139],[-151.7164,60.7104],[-151.706,60.7324],[-151.7514,60.7868],[-151.7754,60.8065],[-151.7986,60.8374],[-151.8003,60.8548],[-151.7702,60.8769],[-151.722,60.9008],[-151.7139,60.9165],[-151.6927,60.9177],[-151.6411,60.9422],[-151.6221,60.9582],[-151.5737,60.9759],[-151.4877,61.0123],[-151.3413,61.0116],[-151.3087,61.0316],[-151.2571,61.0395],[-151.1647,61.0468],[-151.1381,61.0661],[-151.0795,61.1307],[-151.0708,61.1448],[-151.0348,61.1708],[-150.9635,61.1926],[-150.9335,61.207],[-150.8833,61.2097],[-150.8351,61.2251],[-150.7528,61.2421],[-150.6911,61.2608],[-150.656,61.2936],[-150.6205,61.278],[-150.5838,61.2922],[-150.5517,61.2947],[-150.5278,61.268],[-150.4688,61.2446],[-150.3887,61.2459],[-150.287,61.2574],[-150.2049,61.2595],[-150.0748,61.2535],[-149.9859,61.2375],[-149.9173,61.2675],[-149.9113,61.304],[-149.9186,61.3191],[-149.9112,61.34],[-149.8917,61.3577],[-149.8822,61.3828],[-149.8181,61.3963],[-149.7775,61.4239],[-149.7574,61.4468],[-149.6437,61.487],[-149.5303,61.4937],[-149.5234,61.4814],[-149.479,61.4681],[-149.4314,61.4681],[-149.4217,61.4545],[-149.4756,61.4324],[-149.506,61.425],[-149.5423,61.4069],[-149.5758,61.4077],[-149.6413,61.3872],[-149.6694,61.3887],[-149.7214,61.3725],[-149.717,61.3369],[-149.7411,61.328],[-149.775,61.3275],[-149.8118,61.3152],[-149.8577,61.2701],[-149.8783,61.2592],[-149.9024,61.2214],[-149.9281,61.2069],[-149.9844,61.1988],[-150.0259,61.1989],[-150.0299,61.1826],[-150.0665,61.1657],[-150.0657,61.1511],[-149.9692,61.1325],[-149.933,61.1112],[-149.8517,61.0872],[-149.8049,61.0592],[-149.7792,61.0361],[-149.7421,61.0188],[-149.6936,61.0062],[-149.6392,60.9989],[-149.6115,60.9854],[-149.4953,60.9831],[-149.4115,60.9519],[-149.3809,60.9464],[-149.3632,60.9261],[-149.3103,60.9344],[-149.1973,60.9445],[-149.1304,60.9186],[-149.0952,60.913],[-149.0463,60.8837],[-149.0085,60.8548],[-149.0049,60.8317],[-149.0784,60.8657],[-149.121,60.8785],[-149.1514,60.8779],[-149.1698,60.8871],[-149.2342,60.8883],[-149.2616,60.895],[-149.3516,60.8944],[-149.3868,60.8979],[-149.4122,60.9084],[-149.4308,60.902],[-149.4707,60.9179],[-149.5246,60.9242],[-149.5659,60.9354],[-149.6123,60.925],[-149.6459,60.9238],[-149.6694,60.9449],[-149.7672,60.9682],[-149.8537,60.9674],[-149.9036,60.9399],[-149.9487,60.8986],[-149.989,60.8937],[-149.9895,60.8705],[-150.0211,60.865],[-150.0225,60.8841],[-150.0653,60.8912],[-150.0912,60.8858],[-150.14,60.9019],[-150.1942,60.9013],[-150.2897,60.9661],[-150.3417,61.0242],[-150.3772,61.0391],[-150.3967,61.038],[-150.4437,61.0188],[-150.5116,61.0045],[-150.6296,60.967],[-150.6785,60.9583],[-150.7132,60.9346],[-150.7529,60.9211],[-150.8259,60.8846],[-150.8656,60.8712],[-150.8963,60.8543],[-151.012,60.8093],[-151.0258,60.7963],[-151.0649,60.7872],[-151.1097,60.7835],[-151.2193,60.78],[-151.2611,60.7724],[-151.2705,60.7513],[-151.3008,60.7427],[-151.3638,60.7355],[-151.4093,60.7206],[-151.4058,60.6985],[-151.3624,60.6535],[-151.3367,60.5876],[-151.3031,60.5613],[-151.2684,60.549],[-151.281,60.5126],[-151.2868,60.4346],[-151.2963,60.3923],[-151.3669,60.3727],[-151.3794,60.3622],[-151.382,60.297],[-151.3951,60.2495],[-151.4217,60.2129],[-151.5179,60.145],[-151.6169,60.0952],[-151.6737,60.046],[-151.7029,60.0323],[-151.718,60.0095],[-151.7412,59.9428],[-151.7609,59.9114],[-151.7996,59.8819],[-151.8075,59.8572],[-151.8334,59.8141],[-151.8719,59.7725],[-151.856,59.7478],[-151.8043,59.7084],[-151.6799,59.6597],[-151.6421,59.649],[-151.4914,59.6334],[-151.4411,59.6535],[-151.4249,59.6705],[-151.3771,59.6813],[-151.3402,59.6839],[-151.2012,59.7345],[-151.1587,59.7586],[-151.0897,59.7865],[-151.0379,59.7957],[-150.9904,59.797],[-150.9704,59.7761],[-150.978,59.7666],[-151.017,59.7605],[-151.0172,59.7469],[-151.046,59.7409],[-151.0786,59.7154],[-151.1137,59.6979],[-151.1087,59.6746],[-151.1556,59.6554],[-151.2048,59.6411],[-151.1881,59.6087],[-151.1583,59.5941],[-151.2145,59.5918],[-151.2573,59.5959],[-151.2792,59.5722],[-151.3013,59.58],[-151.3495,59.5674],[-151.3859,59.5432],[-151.4403,59.5422],[-151.4412,59.5264],[-151.4726,59.5031],[-151.4443,59.4661],[-151.5035,59.4835],[-151.5166,59.4728],[-151.5701,59.4689],[-151.6516,59.4849],[-151.664,59.4761],[-151.7032,59.4707],[-151.7217,59.4409],[-151.71,59.4197],[-151.6818,59.4005],[-151.6917,59.395],[-151.7433,59.4287],[-151.7362,59.4462],[-151.7732,59.4475],[-151.8097,59.4359],[-151.8805,59.4227],[-151.8983,59.4016],[-151.8756,59.3607],[-151.9242,59.3589],[-151.9632,59.345],[-151.9672,59.3227],[-151.9914,59.3127],[-151.9784,59.2799],[-151.9788,59.2538],[-151.9593,59.2476],[-151.9294,59.2546],[-151.8855,59.2499],[-151.9182,59.2288],[-151.8625,59.2104],[-151.8004,59.2094],[-151.7663,59.2231],[-151.7565,59.2001],[-151.7648,59.1773],[-151.7499,59.1612],[-151.7248,59.1556],[-151.7001,59.1635],[-151.6138,59.1649],[-151.5751,59.1731],[-151.6272,59.1892],[-151.5874,59.1931],[-151.5736,59.2046],[-151.5211,59.1958],[-151.4944,59.2134],[-151.5128,59.225],[-151.4332,59.2532],[-151.3779,59.2445],[-151.3427,59.223],[-151.3035,59.2096],[-151.2638,59.227],[-151.2499,59.2022],[-151.2187,59.2181],[-151.1648,59.2026],[-151.1212,59.2156],[-151.0997,59.2298],[-151.1021,59.2549],[-151.1532,59.2634],[-151.1909,59.2796],[-151.2586,59.2941],[-151.2127,59.306],[-151.1602,59.2856],[-151.1198,59.2818],[-151.0853,59.2702],[-151.0444,59.2936],[-151.0257,59.2864],[-151.0226,59.2701],[-150.9968,59.2577],[-151.0222,59.2389],[-151.0067,59.2289],[-150.9741,59.2371],[-150.9381,59.234],[-150.8828,59.267],[-150.8948,59.2893],[-150.9257,59.3076],[-150.8771,59.317],[-150.8543,59.3371],[-150.8438,59.3575],[-150.8039,59.3614],[-150.7705,59.3752],[-150.7454,59.4031],[-150.738,59.424],[-150.694,59.4322],[-150.6605,59.4162],[-150.6051,59.4233],[-150.5812,59.4452],[-150.5926,59.4539],[-150.6448,59.4612],[-150.6434,59.4686],[-150.5809,59.4682],[-150.5801,59.4922],[-150.6082,59.5057],[-150.6124,59.5179],[-150.6638,59.5403],[-150.6343,59.547],[-150.6159,59.5382],[-150.5938,59.5481],[-150.5744,59.5779],[-150.5092,59.5986],[-150.5084,59.5757],[-150.5432,59.5451],[-150.5709,59.5304],[-150.5514,59.5175],[-150.556,59.5046],[-150.5248,59.4953],[-150.5219,59.4657],[-150.485,59.4599],[-150.4642,59.4747],[-150.4315,59.5143],[-150.4096,59.5593],[-150.3824,59.5672],[-150.3571,59.5994],[-150.321,59.6271],[-150.3082,59.6562],[-150.28,59.691],[-150.2302,59.7402],[-150.2177,59.7209],[-150.2466,59.6914],[-150.2555,59.6605],[-150.2849,59.6407],[-150.2636,59.6288],[-150.3177,59.5921],[-150.2904,59.5808],[-150.3251,59.5637],[-150.3231,59.5497],[-150.3681,59.5156],[-150.3363,59.507],[-150.3623,59.4917],[-150.3391,59.4846],[-150.3494,59.4724],[-150.3901,59.476],[-150.4039,59.4607],[-150.3513,59.4616],[-150.4138,59.4236],[-150.4338,59.3967],[-150.4049,59.3885],[-150.377,59.4042],[-150.386,59.4192],[-150.3428,59.4167],[-150.3441,59.4345],[-150.3061,59.4318],[-150.3144,59.4531],[-150.3145,59.482],[-150.2567,59.4846],[-150.2366,59.4985],[-150.2587,59.5271],[-150.2347,59.5262],[-150.1753,59.5387],[-150.1965,59.5518],[-150.2077,59.5801],[-150.1597,59.5606],[-150.1162,59.5684],[-150.0843,59.5805],[-150.1174,59.5888],[-150.1539,59.609],[-150.1401,59.623],[-150.1141,59.6024],[-150.0998,59.6113],[-150.0979,59.6314],[-150.083,59.6642],[-150.0463,59.6489],[-150.0519,59.6318],[-150.0281,59.615],[-149.9977,59.6422],[-149.9921,59.6576],[-149.9337,59.669],[-149.9212,59.6911],[-149.922,59.7166],[-149.9424,59.7231],[-149.9748,59.752],[-150.066,59.7761],[-150.0532,59.793],[-150.0097,59.7931],[-149.9635,59.7702],[-149.9173,59.7708],[-149.8946,59.7592],[-149.8867,59.7403],[-149.8457,59.7394],[-149.8419,59.728],[-149.7648,59.7037],[-149.7938,59.6972],[-149.7815,59.6791],[-149.7947,59.6575],[-149.7447,59.6656],[-149.7634,59.6904],[-149.7495,59.6943],[-149.7467,59.7233],[-149.761,59.7421],[-149.7566,59.7552],[-149.7852,59.7642],[-149.788,59.7824],[-149.7638,59.7962],[-149.792,59.8057],[-149.8167,59.8334],[-149.8511,59.8462],[-149.8063,59.8519],[-149.7427,59.8284],[-149.753,59.8641],[-149.7235,59.8795],[-149.721,59.9013],[-149.7429,59.9437],[-149.7228,59.9551],[-149.6882,59.9508],[-149.6652,59.9279],[-149.6575,59.8817],[-149.6161,59.8761],[-149.6619,59.8546],[-149.6683,59.8358],[-149.6399,59.8327],[-149.6644,59.8023],[-149.6255,59.8006],[-149.6091,59.7646],[-149.5763,59.7608],[-149.5724,59.7304],[-149.5417,59.7441],[-149.5474,59.7618],[-149.5858,59.7806],[-149.596,59.8074],[-149.6248,59.8157],[-149.6166,59.833],[-149.5919,59.8452],[-149.5803,59.8779],[-149.5551,59.8785],[-149.568,59.9006],[-149.5345,59.9227],[-149.4838,59.9311],[-149.4642,59.9186],[-149.4305,59.979],[-149.3904,59.9958],[-149.445,60.0339],[-149.4352,60.0679],[-149.4453,60.0968],[-149.4299,60.1158],[-149.3701,60.1215],[-149.3686,60.0935],[-149.3439,60.0783],[-149.3327,60.0071],[-149.3147,60.0121],[-149.3235,59.9727],[-149.2962,59.9703],[-149.295,59.9429],[-149.3025,59.9185],[-149.2893,59.9037],[-149.2955,59.8829],[-149.2791,59.8796],[-149.2553,59.8971],[-149.2725,59.9122],[-149.2403,59.929],[-149.226,59.948],[-149.2252,59.9672],[-149.1807,60.0032],[-149.1663,60.0288],[-149.1411,60.0311],[-149.1234,60.0453],[-149.0966,60.0446],[-149.064,60.0556],[-149.039,60.0449],[-149.1223,59.9822],[-149.1248,59.9648],[-149.0666,59.9554],[-149.0495,59.968],[-149.0277,59.9639],[-149.0182,59.9489],[-148.9924,59.9539],[-148.9594,59.9731],[-148.9184,59.9712],[-148.8996,59.9462],[-148.8596,59.9244],[-148.8207,59.9315],[-148.8013,59.9528],[-148.746,59.9569],[-148.7073,59.9392],[-148.6717,59.9407],[-148.6757,59.9226],[-148.6168,59.9209],[-148.5612,59.9491],[-148.5462,59.9691],[-148.5414,60.0306],[-148.5116,60.0021],[-148.4961,60.0008],[-148.4912,59.9784],[-148.4742,59.9711],[-148.4716,59.9535],[-148.4287,59.9481],[-148.4236,59.9643],[-148.4011,59.9836],[-148.3978,60.0096],[-148.41,60.0284],[-148.3979,60.0588],[-148.3797,60.0627],[-148.3665,60.0887],[-148.3885,60.102],[-148.3703,60.1298],[-148.3469,60.1369],[-148.3601,60.1499],[-148.3484,60.1651],[-148.3162,60.1663],[-148.2917,60.1567],[-148.2907,60.1345],[-148.3039,60.118],[-148.2947,60.0941],[-148.226,60.0783],[-148.251,60.0649],[-148.2838,60.0601],[-148.2952,60.0442],[-148.2533,60.0441],[-148.1953,60.0349],[-148.3139,60.0265],[-148.2743,60.0179],[-148.2256,60.0134],[-148.1705,60.0266],[-148.1385,60.0448],[-148.1427,60.0558],[-148.1083,60.0828],[-148.0849,60.1105],[-148.1004,60.1173],[-148.078,60.1331],[-148.0389,60.1883],[-148.0506,60.2013],[-148.0824,60.1917],[-148.08,60.1705],[-148.0905,60.1379],[-148.1215,60.1372],[-148.1131,60.1536],[-148.1381,60.1616],[-148.1145,60.1938],[-148.0868,60.2142],[-148.1494,60.2362],[-148.1551,60.2063],[-148.1651,60.2033],[-148.1838,60.1648],[-148.201,60.174],[-148.1871,60.2024],[-148.2315,60.2351],[-148.1904,60.2389],[-148.1839,60.2497],[-148.2084,60.2593],[-148.2758,60.2493],[-148.319,60.2176],[-148.3466,60.2283],[-148.3782,60.2611],[-148.4148,60.2675],[-148.3749,60.2851],[-148.3399,60.2758],[-148.3271,60.2616],[-148.3021,60.2603],[-148.2072,60.3039],[-148.222,60.3421],[-148.168,60.3377],[-148.1344,60.3479],[-148.1234,60.3596],[-148.1529,60.382],[-148.0886,60.3751],[-148.0806,60.3895],[-148.0332,60.3916],[-147.987,60.4169],[-147.9587,60.4208],[-147.9362,60.4375],[-147.9556,60.4628],[-147.9804,60.4508],[-148.0097,60.4617],[-147.9842,60.4748],[-147.9628,60.5001],[-147.979,60.5191],[-148.0129,60.517],[-148.009,60.5374],[-148.0311,60.5464],[-148.067,60.527],[-148.0787,60.5458],[-148.0363,60.5604],[-148.0615,60.5685],[-148.0825,60.5961],[-148.1151,60.5943],[-148.1473,60.5824],[-148.1695,60.5417],[-148.1644,60.5017],[-148.1796,60.5015],[-148.1822,60.5359],[-148.2036,60.5425],[-148.2473,60.5187],[-148.2471,60.4902],[-148.305,60.484],[-148.3493,60.5044],[-148.375,60.5028],[-148.3841,60.5191],[-148.4384,60.5161],[-148.4289,60.5316],[-148.4477,60.5455],[-148.5362,60.5108],[-148.5625,60.5082],[-148.5819,60.4922],[-148.6375,60.46],[-148.6674,60.4546],[-148.6886,60.4402],[-148.7159,60.4596],[-148.6671,60.4855],[-148.6497,60.5033],[-148.5834,60.5393],[-148.5259,60.5639],[-148.479,60.5725],[-148.4494,60.5691],[-148.4085,60.5458],[-148.3362,60.5318],[-148.2451,60.5883],[-148.1894,60.6105],[-148.1367,60.6235],[-148.1312,60.6382],[-148.0898,60.6612],[-148.1034,60.7371],[-148.1462,60.7573],[-148.2376,60.7628],[-148.2695,60.7574],[-148.3,60.7231],[-148.3499,60.6905],[-148.3616,60.6654],[-148.4105,60.6357],[-148.4494,60.6518],[-148.4141,60.6618],[-148.3879,60.6843],[-148.3982,60.7203],[-148.3673,60.7335],[-148.3765,60.7576],[-148.3621,60.7663],[-148.396,60.7793],[-148.4403,60.7675],[-148.4496,60.7525],[-148.5056,60.7685],[-148.5402,60.7475],[-148.5711,60.7385],[-148.6032,60.6976],[-148.6609,60.6636],[-148.6854,60.6683],[-148.6737,60.7163],[-148.6198,60.7515],[-148.5877,60.7663],[-148.5319,60.7831],[-148.4672,60.7821],[-148.4541,60.805],[-148.4906,60.8073],[-148.5359,60.7981],[-148.572,60.8064],[-148.6659,60.7778],[-148.7146,60.7752],[-148.7184,60.7861],[-148.6678,60.8],[-148.6053,60.8254],[-148.5463,60.82],[-148.5029,60.8304],[-148.427,60.829],[-148.3881,60.8036],[-148.3564,60.8017],[-148.3327,60.8161],[-148.4016,60.8455],[-148.38,60.8593],[-148.3063,60.835],[-148.2901,60.8631],[-148.3101,60.8667],[-148.2654,60.9144],[-148.2923,60.9205],[-148.3013,60.9558],[-148.2393,60.9375],[-148.2407,60.9552],[-148.2041,60.9665],[-148.1825,60.9894],[-148.1718,61.0335],[-148.1711,61.0705],[-148.2604,61.0548],[-148.3129,61.0361],[-148.3793,60.9831],[-148.4187,60.9705],[-148.4413,60.9837],[-148.4016,60.997],[-148.3774,61.0116],[-148.3607,61.0406],[-148.4028,61.0467],[-148.3992,61.0578],[-148.3355,61.0571],[-148.2911,61.0819],[-148.2293,61.0899],[-148.191,61.0862],[-148.1787,61.1151],[-148.1368,61.1138],[-148.1532,61.0998],[-148.1221,61.0685],[-148.1166,61.0377],[-148.1021,61.0345],[-148.0901,61.0051],[-148.0689,61.0108],[-148.0011,61.0541],[-148.0016,61.0867],[-147.8725,61.1753],[-147.8319,61.1947],[-147.7953,61.2336],[-147.7306,61.2738],[-147.699,61.2658],[-147.7192,61.2416],[-147.7608,61.2116],[-147.6888,61.2257],[-147.6368,61.2184],[-147.7021,61.197],[-147.7635,61.1855],[-147.7703,61.1761],[-147.8532,61.1288],[-147.8927,61.0996],[-147.9491,61.0717],[-147.9091,61.069],[-147.9403,61.044],[-147.9467,61.0156],[-147.9811,60.9965],[-148.0132,60.9634],[-148.0453,60.9508],[-148.0817,60.9202],[-148.104,60.9118],[-148.0962,60.8917],[-148.1296,60.8611],[-148.1242,60.8476],[-148.1516,60.8181],[-148.1444,60.7971],[-148.099,60.7854],[-148.07,60.7887],[-148.0339,60.7821],[-147.9609,60.8023],[-147.9179,60.8105],[-147.9134,60.8252],[-147.9476,60.8521],[-147.9208,60.8892],[-147.9089,60.8673],[-147.9119,60.8509],[-147.8785,60.8267],[-147.7717,60.8106],[-147.7429,60.8425],[-147.8134,60.8682],[-147.787,60.8728],[-147.7435,60.9375],[-147.7165,60.9334],[-147.7381,60.8936],[-147.7242,60.882],[-147.6768,60.876],[-147.6774,60.8553],[-147.665,60.8385],[-147.6004,60.8501],[-147.5906,60.883],[-147.5948,60.9013],[-147.6139,60.918],[-147.5922,60.9422],[-147.5947,60.9546],[-147.6252,60.9644],[-147.5852,61.0172],[-147.6027,61.0295],[-147.5684,61.0638],[-147.5518,61.0926],[-147.5559,61.1166],[-147.5713,61.1301],[-147.5438,61.1357],[-147.5095,61.095],[-147.5136,61.0812],[-147.4944,61.0647],[-147.529,61.058],[-147.521,61.0121],[-147.5241,60.9965],[-147.5494,60.9825],[-147.5365,60.9553],[-147.5322,60.9258],[-147.542,60.9013],[-147.5178,60.8932],[-147.5066,60.9115],[-147.5015,60.9513],[-147.485,60.9644],[-147.4705,60.9912],[-147.4562,60.9908],[-147.461,60.9613],[-147.4459,60.9418],[-147.4093,60.9663],[-147.3958,60.9612],[-147.4562,60.9218],[-147.4448,60.9122],[-147.4533,60.8949],[-147.4087,60.8931],[-147.3646,60.884],[-147.329,60.8968],[-147.3171,60.9165],[-147.2611,60.9217],[-147.2519,60.9279],[-147.2799,60.9602],[-147.2821,60.9731],[-147.2208,60.9835],[-147.2206,60.9516],[-147.1803,60.9311],[-147.1412,60.9394],[-147.1487,60.9761],[-147.0861,61.0176],[-147.1059,61.0772],[-147.1325,61.0892],[-147.1084,61.0984],[-147.1236,61.141],[-147.0811,61.1553],[-147,61.1485],[-147.0235,61.1283],[-147.062,61.1186],[-147.042,61.1015],[-146.9899,61.0349],[-147.0045,61.0128],[-147.0644,60.9724],[-147.0243,60.9733],[-147.0148,60.9893],[-146.9765,60.9862],[-146.9926,60.9682],[-147.0558,60.9455],[-146.9847,60.9361],[-146.9268,60.9416],[-146.8619,60.9747],[-146.8528,60.9935],[-146.814,61.0222],[-146.7741,61.0451],[-146.6961,61.056],[-146.6753,61.0837],[-146.6472,61.1078],[-146.6109,61.1206],[-146.4966,61.1241],[-146.4665,61.1329],[-146.4152,61.1344],[-146.3983,61.1243],[-146.2968,61.127],[-146.2613,61.1074],[-146.2675,61.0888],[-146.334,61.0831],[-146.3747,61.0904],[-146.4358,61.0815],[-146.5175,61.0831],[-146.573,61.0789],[-146.6222,61.0831],[-146.6624,61.0634],[-146.6543,61.0492],[-146.574,61.0372],[-146.5995,61.025],[-146.6477,61.0238],[-146.6714,61.0325],[-146.698,61.0014],[-146.6994,60.9784],[-146.7201,60.9667],[-146.6814,60.9468],[-146.637,60.9538],[-146.6106,60.9476],[-146.5911,60.9273],[-146.6296,60.9243],[-146.6597,60.9389],[-146.7384,60.9282],[-146.7374,60.9091],[-146.7083,60.8896],[-146.6771,60.8603],[-146.6408,60.8778],[-146.614,60.8659],[-146.6341,60.8446],[-146.6399,60.8188],[-146.6204,60.82],[-146.6055,60.8423],[-146.5862,60.8531],[-146.5539,60.8393],[-146.5613,60.819],[-146.5255,60.8118],[-146.4524,60.8143],[-146.417,60.8341],[-146.4049,60.8125],[-146.3344,60.8223],[-146.2678,60.8557],[-146.2413,60.881],[-146.2107,60.8686],[-146.1963,60.8762],[-146.1402,60.8485],[-146.2375,60.8418],[-146.2514,60.8183],[-146.3344,60.7878],[-146.3604,60.7873],[-146.4582,60.7717],[-146.5178,60.7726],[-146.5165,60.7563],[-146.585,60.7376],[-146.5772,60.7538],[-146.6058,60.7609],[-146.6307,60.739],[-146.6559,60.7281],[-146.673,60.7409],[-146.6988,60.7335],[-146.6617,60.7121],[-146.6651,60.6935],[-146.6228,60.6814],[-146.6012,60.6942],[-146.4977,60.6807],[-146.4322,60.6847],[-146.3791,60.7039],[-146.3298,60.7451],[-146.3164,60.7229],[-146.2978,60.7137],[-146.2556,60.7135],[-146.2329,60.7196],[-146.2259,60.745],[-146.1627,60.7246],[-146.1388,60.7444],[-146.104,60.7535],[-146.072,60.7735],[-146.0381,60.7557],[-146.0574,60.7369],[-146.1009,60.7179],[-146.1249,60.7143],[-146.1933,60.6858],[-146.2386,60.657],[-146.2706,60.6499],[-146.2584,60.6263],[-146.1486,60.6321],[-146.1223,60.6436],[-146.0451,60.6634],[-145.9654,60.6926],[-145.9296,60.7012],[-146.0035,60.6423],[-146.0013,60.6165],[-145.9375,60.6252],[-145.9267,60.6495],[-145.8949,60.6541],[-145.8447,60.6464],[-145.8279,60.637],[-145.8594,60.6247],[-145.8509,60.6118],[-145.7667,60.6287],[-145.6277,60.666],[-145.6234,60.6509],[-145.6706,60.6329],[-145.6998,60.593],[-145.7747,60.5483],[-145.7957,60.5227],[-145.8467,60.5111],[-145.8927,60.4892],[-145.9143,60.4947],[-145.9635,60.4669],[-145.8776,60.4452],[-145.7777,60.455],[-145.7618,60.4635],[-145.7329,60.457],[-145.6938,60.4593],[-145.5954,60.447],[-145.544,60.4255],[-145.4944,60.4175],[-145.5088,60.3979],[-145.4867,60.3866],[-145.4468,60.381],[-145.3645,60.346],[-145.3123,60.3372],[-145.3021,60.3286],[-145.2194,60.3015],[-145.1681,60.3068],[-145.1398,60.2956],[-145.1115,60.3041],[-145.1112,60.337],[-145.0823,60.3777],[-145.0532,60.4004],[-145.016,60.4128],[-144.9207,60.4256],[-144.9121,60.4421],[-144.8874,60.4561],[-144.8435,60.4627],[-144.8072,60.4619],[-144.8851,60.3927],[-144.9034,60.3624],[-144.9662,60.3092],[-144.9579,60.2882],[-144.9113,60.2804],[-144.8813,60.2906],[-144.815,60.2793],[-144.7818,60.2805],[-144.7463,60.2602],[-144.8053,60.2497],[-144.8657,60.2468],[-144.9272,60.2311],[-144.9089,60.2213],[-144.743,60.2133],[-144.685,60.2056],[-144.6223,60.1918],[-144.5628,60.1732],[-144.5291,60.1835],[-144.477,60.1653],[-144.4314,60.1693],[-144.372,60.1675],[-144.3057,60.1788],[-144.3123,60.1635],[-144.2852,60.1567],[-144.2959,60.1421],[-144.254,60.1297],[-144.213,60.1268],[-144.1971,60.1139],[-144.1515,60.1066],[-144.0661,60.072],[-144.0416,60.0435],[-144.0918,60.0448],[-144.1122,60.0367],[-144.1479,60.0427],[-144.2169,60.0402],[-144.2553,60.0238],[-144.1842,60.0223],[-144.1255,60.0151],[-144.0701,60.0201],[-143.9869,60.0131],[-143.9608,59.9978],[-143.8971,59.9859],[-143.8514,59.9907],[-143.8104,60.003],[-143.6951,60.0275],[-143.6228,60.0391],[-143.5209,60.0462],[-143.1289,60.0656],[-142.9918,60.0798],[-142.9089,60.0903],[-142.8099,60.0952],[-142.6984,60.0933],[-142.5376,60.084],[-142.4473,60.0716],[-142.4325,60.063],[-142.3843,60.0632],[-142.2973,60.0564],[-142.2041,60.0447],[-142.1001,60.0268],[-141.9919,60.0188],[-141.8811,59.9994],[-141.7363,59.9619],[-141.6829,59.9601],[-141.5954,59.9619],[-141.5441,59.969],[-141.5039,59.9907],[-141.4616,59.9952],[-141.401,60.0073],[-141.3704,60.0334],[-141.4172,60.0652],[-141.454,60.0697],[-141.4535,60.0847],[-141.4723,60.1084],[-141.4946,60.1208],[-141.5282,60.1273],[-141.5526,60.1536],[-141.5493,60.1703],[-141.5205,60.1688],[-141.4887,60.1484],[-141.4312,60.1328],[-141.4036,60.1557],[-141.3668,60.1472],[-141.3756,60.1107],[-141.358,60.0963],[-141.3032,60.0907],[-141.2696,60.0976],[-141.2322,60.1131],[-141.1847,60.1252],[-141.1593,60.1556],[-141.1414,60.1517],[-141.1557,60.1212],[-141.2213,60.1062],[-141.2387,60.0894],[-141.2748,60.0792],[-141.2907,60.0583],[-141.3285,60.0582],[-141.2895,60.0343],[-141.2824,60.0156],[-141.2593,59.9984],[-141.2665,59.9811],[-141.2911,59.9679],[-141.2862,59.9397],[-141.3337,59.93],[-141.3615,59.9331],[-141.3889,59.9249],[-141.3972,59.9113],[-141.4271,59.9032],[-141.4473,59.8853],[-141.372,59.8642],[-141.2843,59.8447],[-141.0863,59.7949],[-140.982,59.7696],[-140.8907,59.742],[-140.8365,59.7329],[-140.6789,59.7138],[-140.3899,59.6985],[-140.3148,59.6927],[-140.224,59.7089],[-140.1796,59.7359],[-140.1323,59.748],[-140.0602,59.7611],[-139.9521,59.7886],[-139.9115,59.7946],[-139.8116,59.8153],[-139.7803,59.8265],[-139.7705,59.8424],[-139.776,59.8704],[-139.7189,59.9194],[-139.6178,59.9459],[-139.6072,59.9683],[-139.611,59.9921],[-139.5854,60.0046],[-139.5547,60.0326],[-139.5312,60.0412],[-139.5226,60.0203],[-139.4887,59.995],[-139.5211,59.9639],[-139.523,59.9497],[-139.5486,59.9278],[-139.6059,59.905],[-139.6272,59.9024],[-139.6357,59.8737],[-139.6261,59.8459],[-139.5939,59.8173],[-139.5993,59.801],[-139.5821,59.7746],[-139.5653,59.7657],[-139.5466,59.7406],[-139.4839,59.7085],[-139.5301,59.6745],[-139.5812,59.6447],[-139.6311,59.5852],[-139.6734,59.5698],[-139.6795,59.5852],[-139.6737,59.6115],[-139.6961,59.6207],[-139.7224,59.6015],[-139.703,59.5907],[-139.7143,59.5719],[-139.7381,59.5717],[-139.7798,59.5427],[-139.8374,59.5591],[-139.8652,59.542],[-139.8398,59.5282],[-139.6699,59.4706],[-139.5991,59.4402],[-139.4682,59.3945],[-139.3213,59.3468],[-139.2656,59.3325],[-139.0446,59.2803],[-138.9557,59.2577],[-138.8866,59.2369],[-138.8026,59.205],[-138.6812,59.1501],[-138.6103,59.123],[-138.5371,59.1095],[-138.3384,59.0671],[-138.2387,59.0377],[-138.1853,59.0163],[-138.174,59.0037],[-138.0731,58.9594],[-138.0042,58.9215],[-137.9432,58.8806],[-137.9237,58.8415],[-137.9297,58.8191],[-137.9439,58.8116],[-137.93,58.7843],[-137.8754,58.7572],[-137.7954,58.7243],[-137.6843,58.6621],[-137.6745,58.6465],[-137.6775,58.6208],[-137.6442,58.6039],[-137.6073,58.5996],[-137.4595,58.5433],[-137.4043,58.5103],[-137.3114,58.4781],[-137.2786,58.4595],[-137.2394,58.4532],[-137.1614,58.4243],[-137.0933,58.3814],[-137.0749,58.3983],[-137.0146,58.4099],[-136.9216,58.397],[-136.8916,58.3821],[-136.9052,58.3659],[-136.906,58.342],[-136.8728,58.3462],[-136.8427,58.3595],[-136.8517,58.3219],[-136.8233,58.3065],[-136.7931,58.3139],[-136.7913,58.2917],[-136.7603,58.2851],[-136.7317,58.2704],[-136.7234,58.2449],[-136.6852,58.2109],[-136.6198,58.2099],[-136.5919,58.2179],[-136.5888,58.2358],[-136.5671,58.2448],[-136.5722,58.2811],[-136.5882,58.302],[-136.6271,58.3229],[-136.6378,58.338],[-136.5864,58.3495],[-136.5618,58.3182],[-136.5391,58.3181],[-136.5041,58.3028],[-136.4416,58.3155],[-136.4117,58.3109],[-136.39,58.2971],[-136.369,58.3031],[-136.3629,58.3491],[-136.3818,58.3658],[-136.3313,58.369],[-136.3095,58.3774],[-136.277,58.3658],[-136.3009,58.343],[-136.3042,58.3235],[-136.2835,58.3152],[-136.2152,58.3279],[-136.2048,58.3375],[-136.1553,58.3451],[-136.1067,58.3438],[-136.0717,58.3668],[-136.0373,58.3716],[-136.0563,58.3946],[-136.0522,58.4069],[-136.0633,58.4345],[-136.0859,58.4466],[-136.0704,58.467],[-136.0915,58.4746],[-136.1031,58.497],[-136.1379,58.5387],[-136.1449,58.5558],[-136.1825,58.5636],[-136.2072,58.5791],[-136.2231,58.6035],[-136.2053,58.6147],[-136.2557,58.6356],[-136.2671,58.6486],[-136.3139,58.6713],[-136.3466,58.6482],[-136.3825,58.6323],[-136.445,58.6173],[-136.4647,58.6065],[-136.466,58.5914],[-136.5053,58.5914],[-136.4561,58.6342],[-136.3965,58.6536],[-136.349,58.687],[-136.3901,58.7186],[-136.4562,58.74],[-136.4797,58.7591],[-136.4476,58.7684],[-136.488,58.7939],[-136.585,58.8403],[-136.618,58.8456],[-136.6613,58.8434],[-136.6687,58.8542],[-136.6996,58.858],[-136.7438,58.8772],[-136.7987,58.878],[-136.8208,58.8707],[-136.8388,58.881],[-136.8926,58.887],[-136.9232,58.9007],[-136.9494,58.8942],[-137.0159,58.9039],[-137.0349,58.8788],[-137.1105,58.833],[-137.1253,58.8459],[-137.0789,58.8724],[-137.0452,58.9145],[-137.0185,58.9235],[-136.9601,58.9247],[-136.939,58.9177],[-136.9166,58.9344],[-136.922,58.9538],[-136.9454,58.9733],[-136.9826,58.9837],[-137.015,59.0193],[-137.0452,59.0218],[-137.0675,59.0455],[-137.0587,59.0592],[-137.028,59.0593],[-137.0089,59.0423],[-136.9741,59.0281],[-136.9482,59.0023],[-136.9025,58.9866],[-136.8759,58.9631],[-136.7557,58.9325],[-136.6913,58.909],[-136.6828,58.898],[-136.629,58.8895],[-136.6299,58.9197],[-136.6563,58.9419],[-136.7112,59.0019],[-136.6986,59.003],[-136.6587,58.9765],[-136.6368,58.9471],[-136.6152,58.9369],[-136.6005,58.9153],[-136.5717,58.9261],[-136.5705,58.9581],[-136.5306,58.9479],[-136.5315,58.9226],[-136.5061,58.8776],[-136.5097,58.8627],[-136.489,58.8383],[-136.4674,58.8276],[-136.4369,58.8273],[-136.3982,58.8189],[-136.3221,58.7795],[-136.2784,58.7715],[-136.2496,58.7528],[-136.214,58.7501],[-136.1907,58.7554],[-136.1539,58.75],[-136.1577,58.7768],[-136.1446,58.7814],[-136.147,58.8032],[-136.1284,58.815],[-136.1051,58.8638],[-136.1168,58.8921],[-136.1372,58.9034],[-136.1187,58.921],[-136.1256,58.9355],[-136.1505,58.9443],[-136.1603,58.962],[-136.156,58.9793],[-136.1154,58.9771],[-136.1156,58.9589],[-136.06,58.9282],[-136.0683,58.8869],[-136.0519,58.8622],[-136.0131,58.8553],[-136.0155,58.8437],[-136.0555,58.8387],[-136.0795,58.8295],[-136.0864,58.8106],[-136.0433,58.7798],[-136.0353,58.7599],[-136.0112,58.7326],[-136.0148,58.7151],[-135.9901,58.6991],[-135.9656,58.6977],[-135.9245,58.6303],[-135.885,58.6021],[-135.8472,58.5959],[-135.9052,58.5746],[-135.9376,58.5951],[-135.9756,58.571],[-135.9711,58.5404],[-135.9547,58.5205],[-135.9309,58.5169],[-135.9999,58.4818],[-135.9966,58.4692],[-135.9437,58.4502],[-135.9003,58.4666],[-135.9055,58.4266],[-135.8995,58.4181],[-135.9228,58.3862],[-135.9162,58.3789],[-135.8311,58.3857],[-135.7809,58.3951],[-135.7189,58.3922],[-135.6745,58.3977],[-135.6188,58.4256],[-135.5763,58.4072],[-135.558,58.4085],[-135.4966,58.3759],[-135.4684,58.3823],[-135.4582,58.408],[-135.5014,58.4516],[-135.4786,58.4653],[-135.5133,58.4951],[-135.4976,58.5033],[-135.4727,58.4819],[-135.4513,58.4523],[-135.4529,58.4281],[-135.4332,58.4022],[-135.3973,58.3249],[-135.3681,58.3064],[-135.3476,58.2744],[-135.3144,58.2458],[-135.2728,58.2317],[-135.2262,58.2363],[-135.1644,58.209],[-135.1378,58.214],[-135.1009,58.1962],[-135.0627,58.199],[-135.0914,58.2344],[-135.1077,58.265],[-135.0905,58.2761],[-135.1009,58.2943],[-135.0477,58.3033],[-135.0541,58.3482],[-135.0746,58.3725],[-135.0929,58.4354],[-135.1202,58.4605],[-135.1359,58.4847],[-135.1202,58.4915],[-135.1523,58.5352],[-135.1653,58.5416],[-135.1646,58.5631],[-135.1839,58.5721],[-135.1927,58.5953],[-135.157,58.6074],[-135.1539,58.5844],[-135.1352,58.5813],[-135.1416,58.6209],[-135.1813,58.6667],[-135.1943,58.6929],[-135.2393,58.7267],[-135.2414,58.7822],[-135.2842,58.819],[-135.3391,58.8897],[-135.3244,58.9153],[-135.3721,58.9234],[-135.3743,58.9438],[-135.4011,58.9733],[-135.3893,58.9829],[-135.4011,59.0108],[-135.3766,59.0213],[-135.399,59.0378],[-135.3812,59.0709],[-135.3769,59.0924],[-135.4033,59.1099],[-135.4408,59.1137],[-135.4679,59.1444],[-135.4703,59.1744],[-135.4841,59.1865],[-135.5459,59.2224],[-135.5663,59.2435],[-135.5425,59.249],[-135.4922,59.2357],[-135.4515,59.2171],[-135.4439,59.2058],[-135.4094,59.1891],[-135.3838,59.1591],[-135.3695,59.1126],[-135.3198,59.094],[-135.2949,59.0901],[-135.3467,59.145],[-135.3295,59.1527],[-135.3607,59.2009],[-135.3886,59.219],[-135.4377,59.2282],[-135.4244,59.2446],[-135.443,59.2632],[-135.4445,59.2777],[-135.4696,59.2834],[-135.5444,59.3101],[-135.5326,59.3246],[-135.4883,59.3035],[-135.4061,59.2893],[-135.3928,59.2968],[-135.4011,59.3139],[-135.3978,59.3359],[-135.3775,59.3816],[-135.3759,59.4116],[-135.3614,59.4472],[-135.3303,59.4413],[-135.3407,59.4242],[-135.3448,59.3887],[-135.3577,59.3728],[-135.3567,59.3428],[-135.369,59.3133],[-135.3669,59.2807],[-135.3732,59.2682],[-135.3282,59.2288],[-135.3346,59.2125],[-135.3246,59.198],[-135.292,59.2018],[-135.2742,59.1665],[-135.2511,59.1488],[-135.2319,59.121],[-135.2226,59.092],[-135.2062,59.0768],[-135.2038,59.03],[-135.177,58.9988],[-135.1711,58.9285],[-135.1482,58.8994],[-135.1406,58.8741],[-135.1541,58.856],[-135.1375,58.8298],[-135.081,58.7897],[-135.0658,58.7631],[-135.0491,58.7503],[-135.0156,58.76],[-135.0018,58.8094],[-134.988,58.8128],[-134.9357,58.7813],[-134.93,58.7527],[-134.9444,58.7249],[-134.9453,58.7019],[-134.9205,58.6805],[-134.9905,58.6763],[-134.9454,58.6169],[-134.9265,58.6078],[-134.8842,58.5719],[-134.8554,58.5421],[-134.8286,58.529],[-134.84,58.5188],[-134.7971,58.5006],[-134.7634,58.419],[-134.7776,58.3932],[-134.7396,58.3766],[-134.7018,58.3777],[-134.6459,58.3852],[-134.643,58.365],[-134.6518,58.3403],[-134.6138,58.3428],[-134.6036,58.3257],[-134.6514,58.3187],[-134.6899,58.3011],[-134.6704,58.2794],[-134.6326,58.2534],[-134.5896,58.2302],[-134.5069,58.2165],[-134.4824,58.2298],[-134.4049,58.2191],[-134.3524,58.2005],[-134.2794,58.191],[-134.185,58.2084],[-134.1475,58.2007],[-134.1313,58.2324],[-134.1014,58.2449],[-134.1496,58.2819],[-134.1289,58.3056],[-134.0579,58.3332],[-134.0405,58.402],[-134.0246,58.4066],[-134.0101,58.376],[-133.9949,58.3632],[-134.0044,58.3437],[-133.9668,58.3178],[-134.0032,58.2952],[-134.0812,58.2797],[-134.0588,58.2626],[-134.056,58.2257],[-134.0854,58.2136],[-134.0885,58.1869],[-134.0759,58.1434],[-134.0643,58.135],[-134.0688,58.0962],[-134.0522,58.0728],[-134.016,58.0448],[-133.9269,57.9846],[-133.8877,57.9735],[-133.8509,57.9913],[-133.7971,58.0038],[-133.805,58.0386],[-133.7622,58.0513],[-133.7553,58.024],[-133.7301,58.0146],[-133.7016,57.9842],[-133.6911,57.9581],[-133.6968,57.944],[-133.7258,57.9491],[-133.7605,57.9957],[-133.8329,57.9675],[-133.8531,57.9525],[-133.8492,57.9338],[-133.7822,57.8792],[-133.7674,57.857],[-133.7451,57.8416],[-133.746,57.8306],[-133.7111,57.7954],[-133.6752,57.7866],[-133.6315,57.7909],[-133.635,57.8251],[-133.6246,57.8375],[-133.6498,57.8648],[-133.6355,57.8741],[-133.6003,57.8643],[-133.6051,57.9096],[-133.5885,57.9267],[-133.5716,57.8897],[-133.5685,57.8604],[-133.5797,57.8331],[-133.5561,57.8023],[-133.5573,57.7809],[-133.5849,57.7615],[-133.5255,57.7618],[-133.5005,57.7435],[-133.4695,57.7316],[-133.4237,57.7224],[-133.3855,57.692],[-133.3284,57.6631],[-133.2814,57.6615],[-133.2324,57.6318],[-133.1892,57.614],[-133.1521,57.5887],[-133.1083,57.5478],[-133.0594,57.5252],[-133.0713,57.5104],[-133.1167,57.5328],[-133.1744,57.5814],[-133.2227,57.6022],[-133.3341,57.6356],[-133.3849,57.6573],[-133.4694,57.6776],[-133.5119,57.6809],[-133.5647,57.7146],[-133.655,57.7085],[-133.6495,57.6934],[-133.6576,57.6667],[-133.6738,57.6574],[-133.6745,57.6281],[-133.6636,57.6141],[-133.6222,57.5903],[-133.6187,57.5782],[-133.5618,57.562],[-133.4772,57.5847],[-133.4882,57.5514],[-133.5168,57.5439],[-133.5134,57.5194],[-133.5235,57.5128],[-133.524,57.4759],[-133.4677,57.4223],[-133.424,57.4141],[-133.4207,57.4037],[-133.4552,57.3965],[-133.476,57.3804],[-133.4525,57.3545],[-133.3567,57.3327],[-133.2849,57.3341],[-133.2386,57.3213],[-133.1989,57.3303],[-133.1896,57.3113],[-133.2293,57.3064],[-133.2486,57.2937],[-133.3097,57.2911],[-133.3301,57.2996],[-133.3639,57.2843],[-133.426,57.286],[-133.4759,57.308],[-133.4989,57.3028],[-133.4863,57.2829],[-133.5259,57.2791],[-133.5341,57.2607],[-133.5132,57.247],[-133.4981,57.2257],[-133.5114,57.2019],[-133.5686,57.1899],[-133.5036,57.173],[-133.4696,57.1598],[-133.4644,57.1501],[-133.4202,57.1377],[-133.3658,57.1284],[-133.3622,57.1207],[-133.3154,57.1062],[-133.2729,57.1155],[-133.2616,57.1355],[-133.1989,57.1379],[-133.2086,57.1168],[-133.1868,57.0898],[-133.1651,57.0859],[-133.115,57.0885],[-133.0791,57.0829],[-133.0542,57.0663],[-133.0202,57.0571],[-132.9907,57.0402],[-132.9819,57.053],[-132.9348,57.0457],[-132.893,57.0245],[-132.8723,57.0308],[-132.865,57.046],[-132.874,57.0678],[-132.846,57.0829],[-132.8312,57.1041],[-132.8122,57.0942],[-132.8131,57.0764],[-132.8364,57.0614],[-132.8055,57.0202],[-132.788,56.9756],[-132.811,56.9707],[-132.8269,56.9911],[-132.8521,57.0046],[-132.8924,56.993],[-132.9531,56.9936],[-132.9489,56.981],[-132.9251,56.9729],[-132.9054,56.9559],[-132.8849,56.9213],[-132.8574,56.9054],[-132.8158,56.8912],[-132.7994,56.8769],[-132.8027,56.864],[-132.7891,56.8433],[-132.6979,56.8084],[-132.6437,56.7814],[-132.5284,56.7486],[-132.5576,56.7155],[-132.5341,56.6972],[-132.5434,56.6752],[-132.574,56.6741],[-132.5553,56.6543],[-132.5698,56.6424],[-132.5657,56.6286],[-132.5244,56.6132],[-132.4804,56.6031],[-132.4229,56.6093],[-132.3848,56.6265],[-132.3395,56.6405],[-132.3195,56.6377],[-132.3506,56.5996],[-132.3665,56.5949],[-132.3658,56.5405],[-132.3592,56.5274],[-132.3112,56.5045],[-132.2891,56.4839],[-132.2629,56.4866],[-132.2106,56.4568],[-132.1957,56.4137],[-132.1793,56.3993],[-132.1876,56.3669],[-132.2111,56.3752],[-132.238,56.3976],[-132.232,56.4153],[-132.2534,56.4495],[-132.2781,56.4616],[-132.333,56.4695],[-132.3606,56.4848],[-132.3937,56.4837],[-132.3814,56.4449],[-132.3614,56.423],[-132.3416,56.4132],[-132.3356,56.3966],[-132.3643,56.374],[-132.3407,56.3418],[-132.3492,56.3045],[-132.3654,56.283],[-132.348,56.2717],[-132.3292,56.236],[-132.2753,56.2074],[-132.2677,56.191],[-132.3185,56.1921],[-132.3531,56.2183],[-132.3976,56.2381],[-132.3818,56.2608],[-132.3948,56.276],[-132.3783,56.3088],[-132.4194,56.3479],[-132.4348,56.3527],[-132.4998,56.3368],[-132.5294,56.3386],[-132.5473,56.3265],[-132.5487,56.3082],[-132.5733,56.2969],[-132.6014,56.2392],[-132.6476,56.2332],[-132.6729,56.2406],[-132.6948,56.2334],[-132.7164,56.2149],[-132.6894,56.2059],[-132.7077,56.1955],[-132.6962,56.1668],[-132.7225,56.1438],[-132.7022,56.1169],[-132.7052,56.1077],[-132.6421,56.0325],[-132.5969,56.0156],[-132.5932,56.0323],[-132.6146,56.0438],[-132.6116,56.063],[-132.5857,56.0779],[-132.5528,56.0565],[-132.5386,56.0703],[-132.5164,56.0738],[-132.4952,56.0638],[-132.4603,56.0691],[-132.4849,56.0341],[-132.4734,56.0164],[-132.4398,56.019],[-132.404,56.0041],[-132.4572,55.999],[-132.4375,55.9888],[-132.4446,55.9533],[-132.4054,55.951],[-132.3639,55.9281],[-132.4008,55.8839],[-132.3723,55.8504],[-132.3086,55.8624],[-132.3195,55.8885],[-132.279,55.9249],[-132.2763,55.9362],[-132.2243,55.9304],[-132.2029,55.9592],[-132.1897,55.9326],[-132.1673,55.9179],[-132.134,55.9424],[-132.1323,55.9608],[-132.1687,55.9908],[-132.156,56.008],[-132.193,56.0479],[-132.2213,56.0677],[-132.2266,56.0801],[-132.1923,56.0871],[-132.1554,56.0833],[-132.1451,56.0984],[-132.1219,56.0901],[-132.0992,56.1033],[-132.1165,56.121],[-132.1501,56.1331],[-132.1822,56.1584],[-132.1758,56.1724],[-132.124,56.1661],[-132.1008,56.1475],[-132.0965,56.1336],[-132.0738,56.116],[-132.0558,56.1339],[-132.027,56.1331],[-132.0164,56.1827],[-131.9935,56.1946],[-131.9405,56.193],[-131.8957,56.2256],[-131.8731,56.2301],[-131.8344,56.2186],[-131.8063,56.2165],[-131.7571,56.2238],[-131.7343,56.2152],[-131.6955,56.2152],[-131.6483,56.1999],[-131.6473,56.184],[-131.6824,56.1934],[-131.7098,56.1868],[-131.7708,56.2051],[-131.8244,56.1913],[-131.8711,56.2033],[-131.8915,56.1825],[-131.9732,56.1731],[-131.9716,56.1246],[-131.9817,56.0621],[-131.9551,55.9985],[-131.9674,55.9963],[-131.9676,55.9687],[-132.0425,55.9599],[-132.0635,55.946],[-132.0709,55.9239],[-132.0541,55.91],[-132.0485,55.8826],[-132.0698,55.873],[-132.0965,55.8506],[-132.0892,55.8333],[-132.0654,55.8271],[-132.0746,55.81],[-132.1304,55.8114],[-132.1495,55.8031],[-132.186,55.8033],[-132.1854,55.7577],[-132.1927,55.7397],[-132.2098,55.735],[-132.2351,55.7439],[-132.2659,55.7639],[-132.2873,55.7617],[-132.2285,55.6997],[-132.2147,55.6599],[-132.199,55.6344],[-132.1974,55.606],[-132.1857,55.5878],[-132.164,55.5797],[-132.1504,55.5627],[-132.1201,55.5497],[-132.045,55.5345],[-132.0243,55.5165],[-131.9798,55.4993],[-131.9645,55.5033],[-131.9581,55.5311],[-131.9404,55.5486],[-131.9365,55.5914],[-131.9609,55.604],[-131.9647,55.6344],[-131.9136,55.611],[-131.8925,55.6153],[-131.874,55.6336],[-131.8571,55.6319],[-131.8499,55.6551],[-131.8196,55.6688],[-131.8674,55.722],[-131.8252,55.7181],[-131.8169,55.7259],[-131.8003,55.7678],[-131.7886,55.7688],[-131.7682,55.7938],[-131.769,55.8241],[-131.7991,55.8358],[-131.8411,55.8444],[-131.8908,55.8445],[-131.9174,55.8639],[-131.7973,55.883],[-131.7583,55.8782],[-131.6792,55.9183],[-131.6168,55.9397],[-131.6044,55.9212],[-131.5748,55.9291],[-131.57,55.913],[-131.5993,55.9],[-131.5582,55.867],[-131.5621,55.8522],[-131.5374,55.8347],[-131.6352,55.8362],[-131.6588,55.8397],[-131.7114,55.8362],[-131.7033,55.7899],[-131.6745,55.7988],[-131.6291,55.7832],[-131.5821,55.7946],[-131.5518,55.7916],[-131.5359,55.8048],[-131.4964,55.7926],[-131.5473,55.7746],[-131.5815,55.781],[-131.6204,55.7632],[-131.6712,55.7712],[-131.7254,55.7446],[-131.7332,55.7276],[-131.7068,55.7064],[-131.7032,55.6867],[-131.7233,55.6346],[-131.7,55.6135],[-131.6422,55.6038],[-131.6491,55.5808],[-131.6741,55.5856],[-131.7183,55.5179],[-131.7782,55.4793],[-131.8309,55.467],[-131.8308,55.4476],[-131.7758,55.422],[-131.7362,55.3927],[-131.7582,55.3827],[-131.8346,55.4234],[-131.8552,55.4219],[-131.8464,55.3911],[-131.8802,55.374],[-131.8552,55.3519],[-131.8703,55.3183],[-131.861,55.2859],[-131.846,55.2703],[-131.8409,55.2318],[-131.8264,55.2029],[-131.7924,55.153],[-131.7646,55.1288],[-131.723,55.1402],[-131.7404,55.1566],[-131.7215,55.1709],[-131.7103,55.1937],[-131.748,55.2197],[-131.7266,55.2305],[-131.6894,55.2239],[-131.6829,55.2551],[-131.6711,55.2592],[-131.6873,55.283],[-131.6927,55.3044],[-131.6684,55.3016],[-131.6466,55.2853],[-131.6165,55.2938],[-131.6879,55.3444],[-131.6671,55.3473],[-131.6375,55.3379],[-131.5955,55.314],[-131.5342,55.294],[-131.5042,55.3337],[-131.4823,55.3263],[-131.4288,55.3465],[-131.3909,55.3391],[-131.4542,55.3206],[-131.4807,55.2951],[-131.4609,55.2773],[-131.4038,55.2619],[-131.3553,55.2592],[-131.3324,55.2708],[-131.2991,55.2767],[-131.2837,55.2888],[-131.2713,55.3158],[-131.2533,55.3319],[-131.287,55.3583],[-131.2933,55.381],[-131.2226,55.3958],[-131.1988,55.3915],[-131.1957,55.3589],[-131.2112,55.3439],[-131.2151,55.3252],[-131.2402,55.2872],[-131.3099,55.2399],[-131.2727,55.2217],[-131.2673,55.2082],[-131.2042,55.1899],[-131.1588,55.197],[-131.1339,55.2235],[-131.119,55.2227],[-131.1022,55.2442],[-131.0636,55.2601],[-131.0585,55.2938],[-131.0496,55.3044],[-131.0518,55.326],[-131.0345,55.3381],[-131.0273,55.3714],[-131.036,55.3994],[-131.0087,55.4048],[-130.991,55.3785],[-130.97,55.3944],[-130.9887,55.4622],[-130.9813,55.5183],[-130.9878,55.5341],[-130.9831,55.5659],[-130.9476,55.5536],[-130.9295,55.5736],[-130.9332,55.5858],[-130.9595,55.5886],[-130.9399,55.6192],[-130.9468,55.6507],[-130.971,55.6803],[-130.9727,55.7055],[-130.9987,55.7235],[-131.0525,55.7728],[-131.0433,55.783],[-131.0739,55.8309],[-131.1551,55.896],[-131.1672,55.9092],[-131.2033,55.9272],[-131.2367,55.9498],[-131.2537,55.971],[-131.2823,55.9715],[-131.3318,55.9566],[-131.3423,55.9681],[-131.3098,55.9907],[-131.2287,56.0051],[-131.1734,56.0328],[-131.1544,56.036],[-131.1294,56.0545],[-131.1056,56.0569],[-131.1002,56.036],[-131.1551,56.0111],[-131.1811,56.0051],[-131.2133,55.989],[-131.1796,55.9472],[-131.1411,55.9279],[-131.1072,55.8997],[-131.0923,55.8949],[-131.0562,55.8624],[-131.0036,55.8059],[-130.9677,55.7843],[-130.8946,55.7041],[-130.9042,55.6864],[-130.8806,55.5972],[-130.8741,55.5581],[-130.8648,55.5426],[-130.8791,55.5224],[-130.872,55.503],[-130.9203,55.4461],[-130.9039,55.4013],[-130.8828,55.4017],[-130.8759,55.3844],[-130.8837,55.3619],[-130.8719,55.314],[-130.8505,55.3026],[-130.8838,55.2939],[-130.9251,55.3007],[-130.9528,55.2885],[-130.9567,55.2736],[-130.9875,55.2488],[-131.0926,55.1927],[-131.0885,55.1633],[-131.0752,55.1439],[-131.0727,55.1236],[-131.0349,55.108],[-131.0276,55.0927],[-130.9942,55.0851],[-130.9252,55.0962],[-130.8983,55.1041],[-130.8723,55.1259],[-130.8362,55.1336],[-130.8162,55.1449],[-130.7955,55.1029],[-130.7734,55.0927],[-130.7413,55.1014],[-130.7336,55.1311],[-130.7062,55.124],[-130.72,55.0939],[-130.7942,55.0731],[-130.8232,55.0946],[-130.827,55.1163],[-130.8578,55.1153],[-130.8708,55.0986],[-130.9108,55.0842],[-130.9895,55.068],[-130.9923,55.0439],[-131.0052,55.038],[-131.0146,54.9996],[-130.9796,54.9803],[-130.9668,54.9613],[-130.9463,54.9476],[-130.9475,54.9327],[-130.9755,54.9214],[-130.957,54.9024],[-130.9517,54.855],[-130.9377,54.8495],[-130.9482,54.8292],[-130.9346,54.8007],[-130.8574,54.7636],[-130.8144,54.774],[-130.7913,54.7871],[-130.7875,54.8229],[-130.7657,54.8103],[-130.7378,54.8074],[-130.7493,54.7751],[-130.7384,54.7486],[-130.7179,54.7367],[-130.6532,54.7239],[-130.6281,54.7393],[-130.6591,54.7631],[-130.6289,54.7827],[-130.5682,54.7922],[-130.4594,54.8485],[-130.4227,54.8734],[-130.3446,54.9188],[-130.2733,54.974],[-130.1876,55.0628],[-130.1809,55.0913],[-130.1524,55.1246],[-130.1461,55.1428],[-130.1029,55.1926],[-129.9742,55.2819],[-129.9767,55.3004],[-130.0211,55.3379],[-130.0412,55.4517],[-130.0899,55.498],[-130.1279,55.581],[-130.1117,55.6829],[-130.1481,55.715],[-130.1524,55.7663],[-130.1248,55.8056],[-130.0835,55.8217],[-130.0039,55.9073],[-130.0177,55.9119],[-130.0035,56.0081],[-130.1038,56.1228],[-130.2462,56.0964],[-130.3501,56.1285],[-130.426,56.1416],[-130.4679,56.2431],[-130.5406,56.2475],[-130.6233,56.2669],[-130.782,56.3668],[-131.0874,56.406],[-131.1735,56.4495],[-131.472,56.5527],[-131.5811,56.6122],[-131.8353,56.5992],[-131.8607,56.703],[-131.9011,56.7537],[-131.8729,56.806],[-132.1236,56.8737],[-132.0452,57.0451],[-132.369,57.0915],[-132.2479,57.2113],[-132.363,57.342],[-132.3896,57.3656],[-132.5537,57.4965],[-132.6525,57.6074],[-132.6581,57.6195],[-132.7568,57.7051],[-132.8693,57.8429],[-133.0764,57.9998],[-133.1765,58.1502],[-133.1723,58.1537],[-133.27,58.2271],[-133.3455,58.2763],[-133.4615,58.3877],[-133.3773,58.4306],[-133.5578,58.5231],[-133.7071,58.6123],[-133.8405,58.7294],[-133.9722,58.7673],[-134.2581,58.861],[-134.3365,58.9234],[-134.3138,58.9622],[-134.4072,58.9792],[-134.3819,59.0388],[-134.4471,59.0892],[-134.4834,59.1316],[-134.5656,59.1311],[-134.6791,59.1923],[-134.7007,59.249],[-134.9599,59.2809],[-135.0305,59.3464],[-134.9898,59.3871],[-135.101,59.4275],[-135.0773,59.4518],[-135.0276,59.4747],[-135.0289,59.5637],[-135.1179,59.6231],[-135.1576,59.6257],[-135.2199,59.6628],[-135.2337,59.6961],[-135.2528,59.6983],[-135.3601,59.7376],[-135.4792,59.798],[-135.9527,59.6622],[-136.1929,59.64],[-136.354,59.5998],[-136.2399,59.5594],[-136.2385,59.5243],[-136.305,59.4645],[-136.3725,59.4496],[-136.4772,59.4658],[-136.4774,59.3762],[-136.4693,59.2841],[-136.4958,59.2751],[-136.4884,59.2593],[-136.5815,59.1649],[-136.8267,59.1584],[-136.8639,59.1385],[-137.2648,59.0024],[-137.4474,58.9095],[-137.5264,58.9068],[-137.5,58.9854],[-137.5418,59.1054],[-137.6074,59.2438],[-138.0088,59.4534],[-138.2319,59.5674],[-138.6262,59.7686],[-138.6687,59.8097],[-138.6795,59.8454],[-138.7074,59.9063],[-138.7985,59.9247],[-139.0537,59.9948],[-139.1989,60.0883],[-139.0721,60.3194],[-139.0748,60.3525],[-139.693,60.3352],[-139.9811,60.182],[-140.4582,60.3081],[-140.5204,60.2198],[-140.7694,60.2603],[-140.9308,60.2934],[-141.002,60.3064],[-141.002,60.3917],[-141.0019,60.8131],[-141.002,61.235],[-141.0021,61.6102],[-141.0024,61.9013],[-141.0016,62.2406],[-141.0015,62.5217],[-141.0015,62.8112],[-141.0014,63.0924],[-141.0014,64.0062],[-141.0013,64.985],[-141.0018,65.3323],[-141.0025,65.834],[-141.0025,65.9668],[-141.0026,66.5143],[-141.0027,67.5433],[-141.0027,67.9292],[-141.0028,68.1916],[-141.0027,68.4984],[-141.0008,68.5381],[-141.0008,68.8824],[-141.0007,69.2864],[-141.0006,69.6463],[-141.1193,69.6735],[-141.1997,69.6829],[-141.2396,69.6494],[-141.2497,69.6302],[-141.3664,69.6323],[-141.4287,69.6588],[-141.453,69.702],[-141.5796,69.7512],[-141.6268,69.7656],[-141.747,69.7935],[-141.8819,69.8165],[-141.9587,69.8234],[-142.0354,69.8439],[-142.142,69.8646],[-142.3021,69.9119],[-142.3931,69.9094],[-142.3818,69.9234],[-142.5104,69.9546],[-142.4986,69.9713],[-142.5472,69.9831],[-142.629,70.0124],[-142.7707,70.0469],[-142.998,70.0846],[-143.0348,70.0964],[-143.2213,70.1368],[-143.2755,70.1535],[-143.3779,70.1286],[-143.4471,70.125],[-143.5495,70.1444],[-143.6037,70.1446],[-143.6293,70.1337],[-143.6848,70.1338],[-143.7737,70.1247],[-143.7764,70.1114],[-143.8262,70.1076],[-143.9072,70.1202],[-143.9506,70.1],[-144.0219,70.0887],[-144.0714,70.0876],[-144.1401,70.0768],[-144.1723,70.0631],[-144.2519,70.058],[-144.2935,70.0402],[-144.3868,70.041],[-144.4555,70.0352],[-144.5775,69.9791],[-144.6379,69.9664],[-144.7215,69.9681],[-144.8393,69.9822],[-144.914,69.9623],[-144.9668,69.9602],[-144.9839,69.9728],[-145.1832,69.9915],[-145.2677,70.0134],[-145.4387,70.0351],[-145.4771,70.0597],[-145.577,70.0795],[-145.6233,70.0844],[-145.7637,70.1265],[-145.8545,70.1623],[-145.8721,70.1461],[-145.9313,70.1321],[-146.0616,70.1456],[-146.0975,70.1443],[-146.1328,70.1599],[-146.2281,70.1639],[-146.2928,70.1776],[-146.4807,70.1807],[-146.5245,70.1861],[-146.5804,70.1778],[-146.6197,70.1811],[-146.6618,70.1744],[-146.8492,70.1812],[-146.877,70.1679],[-146.9144,70.1676],[-146.972,70.1504],[-146.9889,70.1534],[-147.1731,70.1528],[-147.1993,70.1684],[-147.2335,70.1706],[-147.2387,70.191],[-147.2852,70.1945],[-147.3853,70.1853],[-147.5355,70.2043],[-147.6718,70.2034],[-147.7782,70.2162],[-147.8562,70.2378],[-147.8071,70.2448],[-147.7904,70.2598],[-147.8176,70.2758],[-147.8975,70.2817],[-147.934,70.3001],[-148.0187,70.3085],[-148.0446,70.3228],[-148.128,70.3378],[-148.1312,70.3252],[-148.1809,70.2991],[-148.228,70.3029],[-148.2306,70.3305],[-148.2765,70.3253],[-148.3545,70.3027],[-148.4832,70.3085],[-148.461,70.3389],[-148.4778,70.3618],[-148.529,70.3802],[-148.5506,70.3801],[-148.5896,70.4002],[-148.6257,70.3929],[-148.6481,70.406],[-148.7184,70.4121],[-148.7873,70.4022],[-148.8344,70.4088],[-148.8389,70.4189],[-148.9007,70.4282],[-148.9595,70.4239],[-149.0604,70.4638],[-149.1336,70.4725],[-149.1566,70.4831],[-149.2367,70.4899],[-149.2808,70.4885],[-149.334,70.5015],[-149.3874,70.4872],[-149.4207,70.4909],[-149.4672,70.5163],[-149.529,70.5006],[-149.5814,70.4959],[-149.6496,70.5048],[-149.7161,70.505],[-149.7786,70.4867],[-149.8266,70.4942],[-149.864,70.511],[-150.045,70.4469],[-150.1095,70.4293],[-150.1899,70.435],[-150.3609,70.4092],[-150.3871,70.4283],[-150.3754,70.4385],[-150.4144,70.4597],[-150.4964,70.4712],[-150.519,70.4831],[-150.6616,70.4776],[-150.6651,70.4633],[-150.6984,70.4478],[-150.7424,70.4613],[-150.7864,70.4633],[-150.8553,70.4517],[-150.9038,70.4609],[-150.9507,70.4596],[-151.0467,70.4279],[-151.0858,70.4024],[-151.1334,70.3916],[-151.1464,70.3776],[-151.2463,70.3725],[-151.2976,70.4007],[-151.3432,70.4089],[-151.5027,70.4269],[-151.5721,70.4393],[-151.7055,70.4312],[-151.7641,70.4361],[-151.8762,70.4308],[-151.9409,70.4468],[-151.9523,70.4584],[-151.9163,70.4753],[-151.8309,70.4856],[-151.7788,70.4864],[-151.7992,70.5042],[-151.7323,70.5423],[-151.723,70.5563],[-151.8221,70.5473],[-151.8899,70.5576],[-151.9208,70.5544],[-151.9834,70.5647],[-152.0293,70.5607],[-152.0535,70.5452],[-152.1242,70.5514],[-152.1956,70.5484],[-152.2238,70.5397],[-152.3455,70.5513],[-152.4355,70.5524],[-152.4572,70.5442],[-152.5198,70.5391],[-152.5609,70.5642],[-152.515,70.5816],[-152.4119,70.5726],[-152.2903,70.5751],[-152.2536,70.5708],[-152.2133,70.5827],[-152.0688,70.5646],[-152.0787,70.5845],[-152.1273,70.5905],[-152.183,70.5849],[-152.3189,70.6024],[-152.3488,70.5966],[-152.4251,70.6101],[-152.4645,70.6358],[-152.4794,70.6905],[-152.4283,70.6929],[-152.3819,70.7148],[-152.305,70.7795],[-152.2584,70.794],[-152.1954,70.8001],[-152.2281,70.8265],[-152.3636,70.8457],[-152.4002,70.8573],[-152.4918,70.8656],[-152.582,70.8813],[-152.6683,70.8778],[-152.781,70.8814],[-152.8153,70.848],[-152.8681,70.851],[-152.9252,70.8902],[-153.0046,70.8949],[-153.0418,70.9109],[-153.1994,70.9207],[-153.2532,70.9186],[-153.4058,70.891],[-153.4694,70.885],[-153.5486,70.8836],[-153.7549,70.8887],[-153.8807,70.8828],[-153.9437,70.8764],[-153.9419,70.8628],[-154.0001,70.8182],[-154.0759,70.7895],[-154.1372,70.7734],[-154.1819,70.7683],[-154.2476,70.778],[-154.2207,70.7936],[-154.255,70.8162],[-154.3463,70.8304],[-154.4056,70.8304],[-154.4873,70.8235],[-154.5841,70.832],[-154.6027,70.8569],[-154.6141,70.9025],[-154.6167,70.9439],[-154.607,70.9725],[-154.5663,70.9899],[-154.625,71.021],[-154.7582,71.0701],[-154.9157,71.1165],[-155.0722,71.1529],[-155.0779,71.1332],[-155.0667,71.1043],[-155.0746,71.0703],[-155.1194,71.0734],[-155.1511,71.1065],[-155.2572,71.0756],[-155.2388,71.0573],[-155.1816,71.0314],[-155.1561,71.004],[-155.1694,70.983],[-155.2096,70.9797],[-155.2557,71.0156],[-155.367,70.9949],[-155.3757,70.9816],[-155.4685,70.9447],[-155.5119,70.9429],[-155.4818,70.881],[-155.4894,70.8563],[-155.5755,70.8441],[-155.608,70.8241],[-155.6481,70.8272],[-155.6648,70.844],[-155.705,70.8346],[-155.7707,70.8296],[-155.8079,70.8336],[-155.8769,70.8292],[-155.9346,70.8363],[-155.9238,70.8574],[-155.972,70.9096],[-156.0001,70.9492],[-155.9909,70.9653],[-155.8627,70.9704],[-155.8054,70.9677],[-155.7905,70.9829],[-155.7308,70.9829],[-155.7125,71.0095],[-155.6631,71.0214],[-155.6338,71.042],[-155.5978,71.0407],[-155.5805,71.0548],[-155.5442,71.0608],[-155.512,71.0824],[-155.515,71.0962],[-155.5698,71.1365],[-155.5675,71.1625],[-155.6499,71.1807],[-155.7073,71.1787],[-155.7444,71.1927],[-155.8053,71.1936],[-155.8898,71.1866],[-155.9211,71.2096],[-155.9548,71.1865],[-156.013,71.1729],[-156.0682,71.168],[-156.0299,71.2023],[-156.0899,71.2222],[-156.0794,71.2389],[-156.1536,71.2462],[-156.1814,71.2544],[-156.2933,71.2646],[-156.3687,71.2618],[-156.3982,71.2676],[-156.4412,71.2905],[-156.4664,71.2862]]]]}},{"type":"Feature","properties":{"NAME":"TENTH CIRCUIT","CHIEF_JUDGE":"","ACTIVE_JUDGES":12,"SENIOR_ELIGIBLE_JUDGES":6,"VACANCIES":0,"DEMJUDGES":7,"GOPJUDGES":5,"PARTISANSHIP":1,"DEMRETIRING":0,"GOPRETIRING":0},"geometry":{"type":"Polygon","coordinates":[[[-104.0579,44.9976],[-104.2631,44.9981],[-104.6313,44.9988],[-104.8892,45],[-105.1692,45.0001],[-105.6282,45.0004],[-105.9132,45.0002],[-105.9282,44.9935],[-106.2637,44.9938],[-106.5709,44.9949],[-106.8895,44.996],[-107.0849,44.9966],[-107.1274,44.9998],[-107.4838,45.0014],[-107.6258,45.0007],[-108.0051,45.0006],[-108.515,44.9997],[-108.6839,45.0002],[-109.0829,44.9996],[-109.1032,45.0058],[-109.3014,45.0053],[-109.5981,45.0029],[-109.7611,45.0018],[-109.8257,45.0032],[-110.1058,45.0035],[-110.1832,44.997],[-110.2848,44.9974],[-110.3252,44.9997],[-110.4071,44.9995],[-110.4458,44.9937],[-110.7045,44.9922],[-110.7901,45.0009],[-111.0546,45.001],[-111.0536,44.6663],[-111.0524,44.4784],[-111.049,44.4741],[-111.0497,44.3536],[-111.0491,44.0201],[-111.0474,43.9999],[-111.0467,43.8158],[-111.0452,43.5011],[-111.0443,43.2004],[-111.0439,42.9751],[-111.0436,42.7226],[-111.0468,42.505],[-111.0471,42.2808],[-111.0467,42.0017],[-111.3167,42.0012],[-111.478,41.9996],[-111.7508,41.9993],[-112.1539,41.9972],[-112.1732,42.0015],[-112.3648,42.0011],[-112.7751,41.9998],[-113.0932,41.9974],[-113.5261,41.9927],[-113.7647,41.9895],[-113.9016,41.9886],[-113.9901,41.9931],[-114.0415,41.9939],[-114.0397,41.8848],[-114.0412,41.8506],[-114.0399,41.7538],[-114.0402,41.4917],[-114.0414,41.22],[-114.0422,40.9999],[-114.0432,40.7717],[-114.0462,40.3983],[-114.0462,40.232],[-114.0466,39.9969],[-114.0473,39.7594],[-114.0477,39.5427],[-114.0471,39.4999],[-114.0491,39.0055],[-114.0481,38.8787],[-114.0495,38.875],[-114.0505,38.5],[-114.0494,38.2647],[-114.0504,38],[-114.0497,37.8237],[-114.0517,37.746],[-114.053,37.5928],[-114.0518,37.4181],[-114.0514,37.2339],[-114.0518,37.0884],[-114.0506,37.0004],[-113.9659,37],[-113.6224,37.0001],[-113.2745,37.0001],[-112.9665,37.0002],[-112.5404,37.0007],[-112.3577,37.001],[-111.8654,37.0013],[-111.6351,37.0014],[-111.4055,37.0015],[-111.2783,37.0005],[-111.1337,37.0008],[-111.0665,37.0024],[-110.7507,37.0032],[-110.5007,37.0043],[-110.4702,36.998],[-110.276,36.9983],[-109.8757,36.9985],[-109.6257,36.9983],[-109.4953,36.9991],[-109.0452,36.9991],[-109.0454,36.7691],[-109.0454,36.5274],[-109.0458,36.3289],[-109.0457,36.117],[-109.046,35.8798],[-109.0462,35.7251],[-109.0468,35.3636],[-109.0461,35.25],[-109.0459,34.9598],[-109.0461,34.771],[-109.0462,34.5793],[-109.0464,34.3873],[-109.0468,34.1669],[-109.047,34.0001],[-109.0464,33.8751],[-109.0472,33.74],[-109.0467,33.6251],[-109.0473,33.4098],[-109.0475,33.2501],[-109.0474,32.9764],[-109.0471,32.7776],[-109.0477,32.6471],[-109.0476,32.4264],[-109.0483,32.0891],[-109.0486,31.8708],[-109.0491,31.6366],[-109.0502,31.48],[-109.0501,31.3325],[-108.7887,31.3324],[-108.7077,31.3332],[-108.2086,31.3334],[-108.2081,31.6135],[-108.2084,31.7836],[-107.8659,31.7836],[-107.6403,31.7836],[-107.2968,31.7838],[-107.0006,31.7835],[-106.7506,31.7839],[-106.5317,31.7839],[-106.5283,31.7832],[-106.5472,31.8073],[-106.5773,31.8104],[-106.6053,31.8279],[-106.602,31.8396],[-106.6359,31.8662],[-106.6292,31.8837],[-106.6453,31.8949],[-106.6239,31.9253],[-106.6243,31.9611],[-106.6395,31.9804],[-106.6185,32.0005],[-106.2007,32.0018],[-106.1255,32.0025],[-105.7314,32.0016],[-105.4733,32.0007],[-105.154,32.0005],[-104.9184,32.0005],[-104.5318,32.0001],[-104.3296,32.0001],[-104.0245,32],[-103.7229,32.0002],[-103.3265,32.0004],[-103.0644,32.0005],[-103.0646,32.3347],[-103.0649,32.6827],[-103.0646,32.9999],[-103.0601,33.2192],[-103.0567,33.3884],[-103.0505,33.6724],[-103.0436,34.0036],[-103.0436,34.1709],[-103.044,34.3796],[-103.0428,34.6712],[-103.0426,34.9541],[-103.0424,35.1832],[-103.0421,35.3948],[-103.0416,35.6225],[-103.0413,35.8377],[-103.0408,36.0552],[-103.0418,36.3183],[-103.0419,36.5004],[-102.7922,36.5004],[-102.5707,36.5004],[-102.1625,36.5003],[-101.9303,36.5005],[-101.8266,36.4997],[-101.583,36.4995],[-101.3669,36.4994],[-101.0852,36.4993],[-100.8508,36.4997],[-100.5222,36.4993],[-100.3345,36.4994],[-100.0004,36.4997],[-100.0004,36.2735],[-100.0004,36.0426],[-100.0004,35.7462],[-100.0004,35.4285],[-100.0004,35.1827],[-100.0004,35.0304],[-100.0004,34.7464],[-100.0004,34.5605],[-99.9716,34.5622],[-99.9457,34.5793],[-99.9218,34.5703],[-99.8872,34.5491],[-99.8531,34.5116],[-99.8223,34.4981],[-99.8143,34.4762],[-99.7937,34.4539],[-99.7656,34.4375],[-99.7543,34.4213],[-99.7164,34.4028],[-99.7127,34.3909],[-99.695,34.3783],[-99.6627,34.3737],[-99.6482,34.3823],[-99.6242,34.3736],[-99.6,34.3747],[-99.5845,34.3912],[-99.5801,34.4167],[-99.5622,34.4173],[-99.4999,34.4096],[-99.4872,34.398],[-99.4664,34.3959],[-99.4383,34.3712],[-99.43,34.381],[-99.4072,34.3726],[-99.3968,34.3794],[-99.3877,34.412],[-99.3971,34.4194],[-99.395,34.4421],[-99.381,34.4569],[-99.3547,34.4519],[-99.3567,34.4421],[-99.3287,34.4224],[-99.3196,34.4089],[-99.2947,34.4154],[-99.2376,34.3667],[-99.2343,34.3535],[-99.2101,34.3377],[-99.2066,34.317],[-99.2135,34.3107],[-99.2078,34.2838],[-99.1963,34.2815],[-99.1972,34.2443],[-99.1895,34.2143],[-99.1479,34.2094],[-99.1192,34.2018],[-99.0795,34.2115],[-99.0435,34.1982],[-99.0363,34.2069],[-99.0131,34.2032],[-99.0008,34.2176],[-98.9814,34.2176],[-98.9741,34.2036],[-98.9504,34.2117],[-98.9207,34.1834],[-98.8716,34.165],[-98.8367,34.1565],[-98.8311,34.1622],[-98.8044,34.1539],[-98.7656,34.1364],[-98.757,34.1246],[-98.7343,34.1358],[-98.6906,34.133],[-98.6481,34.1644],[-98.6217,34.1572],[-98.5998,34.1606],[-98.5771,34.149],[-98.5602,34.1332],[-98.5606,34.1236],[-98.5363,34.1073],[-98.5042,34.0724],[-98.4863,34.0626],[-98.4428,34.0831],[-98.4204,34.0823],[-98.4114,34.1003],[-98.3984,34.1046],[-98.395,34.1313],[-98.3817,34.1492],[-98.364,34.1571],[-98.3255,34.151],[-98.3002,34.1346],[-98.2565,34.1295],[-98.231,34.134],[-98.2001,34.1168],[-98.1691,34.1142],[-98.1544,34.1227],[-98.1368,34.145],[-98.1095,34.1541],[-98.1032,34.1352],[-98.0907,34.122],[-98.1043,34.0982],[-98.1194,34.0845],[-98.1146,34.0623],[-98.0838,34.0417],[-98.0984,34.0239],[-98.0828,34.0024],[-98.0411,33.9935],[-98.0195,33.9938],[-97.9717,34.0054],[-97.946,33.9884],[-97.9604,33.9519],[-97.9572,33.9145],[-97.9845,33.9007],[-97.9678,33.8824],[-97.9368,33.8792],[-97.8967,33.858],[-97.8658,33.8494],[-97.8343,33.8577],[-97.8026,33.88],[-97.802,33.8943],[-97.7594,33.9188],[-97.7628,33.9344],[-97.7323,33.9367],[-97.7168,33.9477],[-97.6979,33.9773],[-97.6718,33.9914],[-97.6338,33.9813],[-97.5888,33.9519],[-97.597,33.9202],[-97.5811,33.8997],[-97.5515,33.898],[-97.501,33.9196],[-97.4604,33.904],[-97.451,33.8914],[-97.4515,33.8709],[-97.4629,33.8418],[-97.4531,33.8285],[-97.4265,33.8194],[-97.3729,33.8195],[-97.3585,33.83],[-97.3392,33.8621],[-97.3287,33.8554],[-97.3144,33.867],[-97.3056,33.8864],[-97.2703,33.8582],[-97.2492,33.8751],[-97.2462,33.9003],[-97.2265,33.9146],[-97.2109,33.9161],[-97.1796,33.8923],[-97.1666,33.8473],[-97.1814,33.8314],[-97.2035,33.8218],[-97.2057,33.8029],[-97.1908,33.7818],[-97.1722,33.7376],[-97.1494,33.722],[-97.1261,33.7169],[-97.0972,33.7278],[-97.0862,33.7439],[-97.0852,33.7655],[-97.0948,33.7985],[-97.0786,33.8128],[-97.0482,33.8175],[-97.0584,33.8368],[-97.0835,33.8405],[-97.0873,33.8535],[-97.0681,33.8605],[-97.0461,33.8396],[-97.0239,33.8442],[-96.9856,33.8865],[-96.9849,33.9049],[-96.995,33.932],[-96.9725,33.9358],[-96.9221,33.9596],[-96.9053,33.9472],[-96.8994,33.9337],[-96.8957,33.8964],[-96.883,33.868],[-96.8664,33.8532],[-96.8416,33.8529],[-96.8322,33.8748],[-96.7943,33.8689],[-96.7796,33.8579],[-96.7694,33.8275],[-96.7616,33.8244],[-96.7124,33.8316],[-96.6907,33.85],[-96.6822,33.8739],[-96.681,33.8962],[-96.6735,33.9123],[-96.6599,33.9167],[-96.6283,33.8945],[-96.593,33.8956],[-96.5974,33.8751],[-96.629,33.8524],[-96.6232,33.8415],[-96.5729,33.8191],[-96.5267,33.8209],[-96.5159,33.7878],[-96.5003,33.7726],[-96.4592,33.7752],[-96.4481,33.781],[-96.4227,33.776],[-96.4035,33.7463],[-96.3696,33.7168],[-96.3622,33.6918],[-96.338,33.6887],[-96.3211,33.6951],[-96.31,33.7105],[-96.3074,33.735],[-96.2965,33.7658],[-96.2883,33.7712],[-96.2636,33.7675],[-96.229,33.748],[-96.1999,33.7521],[-96.1781,33.7605],[-96.1628,33.7888],[-96.1648,33.8178],[-96.1488,33.8192],[-96.1481,33.8378],[-96.123,33.84],[-96.0994,33.8305],[-96.1001,33.848],[-96.0488,33.8365],[-96.0196,33.8406],[-95.9984,33.8511],[-95.9413,33.8616],[-95.9258,33.885],[-95.8453,33.8391],[-95.8283,33.8361],[-95.8217,33.8566],[-95.8008,33.8612],[-95.7706,33.8453],[-95.7517,33.8611],[-95.7626,33.8744],[-95.7564,33.8926],[-95.733,33.8959],[-95.7105,33.885],[-95.6848,33.8902],[-95.6601,33.9101],[-95.6268,33.9079],[-95.6164,33.9274],[-95.5967,33.9421],[-95.5545,33.9281],[-95.5509,33.893],[-95.5333,33.8812],[-95.5107,33.8979],[-95.5056,33.8772],[-95.4726,33.8803],[-95.4409,33.8664],[-95.4273,33.8705],[-95.4021,33.8642],[-95.3625,33.8666],[-95.3349,33.8768],[-95.3299,33.8855],[-95.3058,33.8748],[-95.2788,33.8779],[-95.2659,33.8954],[-95.2527,33.8942],[-95.2502,33.9385],[-95.2141,33.9621],[-95.1712,33.9465],[-95.1583,33.9375],[-95.1212,33.9313],[-95.1316,33.916],[-95.1171,33.9036],[-95.0891,33.9142],[-95.0989,33.8909],[-95.0806,33.8823],[-95.0788,33.903],[-95.0601,33.9019],[-95.0466,33.8626],[-94.9927,33.8525],[-94.9689,33.8609],[-94.9644,33.837],[-94.9438,33.8293],[-94.9535,33.8165],[-94.94,33.8057],[-94.9252,33.8087],[-94.922,33.7916],[-94.896,33.7685],[-94.8749,33.7674],[-94.8771,33.7522],[-94.8493,33.7396],[-94.8314,33.7401],[-94.8309,33.7581],[-94.8001,33.7334],[-94.7725,33.7262],[-94.7518,33.7343],[-94.7279,33.7156],[-94.7017,33.7034],[-94.7055,33.688],[-94.6848,33.6844],[-94.6664,33.6949],[-94.6659,33.6624],[-94.6373,33.6644],[-94.6282,33.6811],[-94.603,33.6631],[-94.5803,33.6784],[-94.5783,33.6575],[-94.5439,33.6571],[-94.5454,33.6462],[-94.5659,33.639],[-94.5526,33.6279],[-94.5389,33.638],[-94.5274,33.6158],[-94.4915,33.6251],[-94.4859,33.6379],[-94.48,33.8513],[-94.4727,34.103],[-94.4659,34.3521],[-94.4575,34.635],[-94.4493,34.8959],[-94.4389,35.1872],[-94.4307,35.3925],[-94.4497,35.4967],[-94.4633,35.5827],[-94.5227,35.9343],[-94.5612,36.1521],[-94.5862,36.3],[-94.6179,36.4994],[-94.6183,36.7666],[-94.6179,37.0568],[-94.6183,37.1888],[-94.6168,37.5215],[-94.6177,37.773],[-94.6146,37.9444],[-94.6139,38.1498],[-94.6127,38.2177],[-94.6134,38.4034],[-94.6119,38.6205],[-94.6076,38.8276],[-94.6083,39.118],[-94.5899,39.139],[-94.5884,39.1499],[-94.6087,39.1611],[-94.6398,39.1537],[-94.6614,39.1627],[-94.6691,39.182],[-94.6872,39.1835],[-94.7141,39.1704],[-94.7365,39.1692],[-94.7631,39.1799],[-94.7874,39.2077],[-94.8238,39.2099],[-94.8349,39.2238],[-94.8257,39.2417],[-94.8463,39.2685],[-94.8783,39.2811],[-94.9001,39.3002],[-94.9106,39.3483],[-94.9025,39.3604],[-94.8791,39.3757],[-94.885,39.3898],[-94.9018,39.3928],[-94.9231,39.3845],[-94.9456,39.3939],[-94.9463,39.4057],[-94.9766,39.4267],[-94.9902,39.4462],[-95.0334,39.4609],[-95.0471,39.475],[-95.0499,39.4944],[-95.1029,39.5334],[-95.1136,39.5539],[-95.1075,39.5739],[-95.0895,39.581],[-95.0569,39.5806],[-95.0465,39.6016],[-95.0552,39.6217],[-95.0495,39.6379],[-95.0277,39.6655],[-95.009,39.6758],[-94.9842,39.6779],[-94.969,39.693],[-94.9704,39.7321],[-94.9553,39.7457],[-94.9026,39.7242],[-94.8757,39.7305],[-94.863,39.743],[-94.8608,39.7631],[-94.8814,39.7713],[-94.8992,39.7613],[-94.9168,39.7609],[-94.9343,39.7736],[-94.9256,39.7898],[-94.893,39.7911],[-94.8764,39.8069],[-94.8869,39.8331],[-94.9169,39.8361],[-94.9426,39.8566],[-94.9279,39.8861],[-94.9593,39.9017],[-95.0188,39.8974],[-95.0279,39.8715],[-95.0378,39.8655],[-95.0815,39.8617],[-95.1282,39.8742],[-95.1406,39.8817],[-95.1438,39.9019],[-95.1598,39.907],[-95.1795,39.9001],[-95.2057,39.9083],[-95.2013,39.9342],[-95.2202,39.9444],[-95.2414,39.945],[-95.2699,39.9694],[-95.3025,39.9844],[-95.3083,40],[-95.5582,40.0002],[-95.8825,40.0005],[-96.3046,40.0006],[-96.6224,40.0012],[-97.0497,40.0013],[-97.2565,40.0016],[-97.5114,40.0019],[-97.8384,40.0019],[-98.0997,40.0022],[-98.3919,40.0024],[-98.7104,40.0022],[-99.1698,40.0019],[-99.4034,40.002],[-99.8134,40.0014],[-100.197,40.0015],[-100.4688,40.0017],[-100.9374,40.0022],[-101.41,40.0024],[-101.841,40.0028],[-102.0518,40.0031],[-102.052,40.1484],[-102.0513,40.3384],[-102.0517,40.5378],[-102.0513,40.7706],[-102.0516,41.0024],[-102.2914,41.0022],[-102.5568,41.0022],[-102.8658,41.002],[-103.0778,41.0023],[-103.4975,41.0016],[-103.7505,41.0021],[-104.0533,41.0014],[-104.0535,41.1573],[-104.0524,41.4179],[-104.053,41.6229],[-104.053,41.8855],[-104.0526,42.125],[-104.0531,42.5],[-104.0529,42.7546],[-104.053,43.0006],[-104.054,43.2388],[-104.0547,43.3972],[-104.055,43.6732],[-104.0555,43.8459],[-104.0546,44.1269],[-104.0555,44.3177],[-104.0558,44.6334],[-104.0559,44.875],[-104.0579,44.9976]]]}},{"type":"Feature","properties":{"NAME":"DISTRICT OF COLUMBIA CIRCUIT","CHIEF_JUDGE":"","ACTIVE_JUDGES":11,"SENIOR_ELIGIBLE_JUDGES":1,"VACANCIES":0,"DEMJUDGES":7,"GOPJUDGES":4,"PARTISANSHIP":1,"DEMRETIRING":0,"GOPRETIRING":0},"geometry":{"type":"Polygon","coordinates":[[[-77.1198,38.9344],[-77.1179,38.9324],[-77.1166,38.9289],[-77.1134,38.9252],[-77.1063,38.9191],[-77.1034,38.9129],[-77.0937,38.9059],[-77.0673,38.8992],[-77.0491,38.8707],[-77.0463,38.8713],[-77.0454,38.8752],[-77.0406,38.8712],[-77.0391,38.8681],[-77.0389,38.8658],[-77.0393,38.8643],[-77.034,38.8571],[-77.0318,38.8509],[-77.0317,38.8505],[-77.0392,38.8322],[-77.039,38.7917],[-77.0014,38.8215],[-77,38.8219],[-76.9991,38.8227],[-76.9985,38.8232],[-76.9959,38.8254],[-76.9927,38.8282],[-76.9795,38.8378],[-76.9537,38.8585],[-76.9499,38.8612],[-76.9497,38.8613],[-76.9395,38.8693],[-76.9359,38.8721],[-76.935,38.8728],[-76.9338,38.8738],[-76.9337,38.8738],[-76.9299,38.8768],[-76.924,38.8814],[-76.924,38.8815],[-76.921,38.8838],[-76.9202,38.8844],[-76.9108,38.8917],[-76.9094,38.8928],[-76.9105,38.8937],[-76.911,38.8941],[-76.9134,38.896],[-76.9199,38.9012],[-76.9235,38.904],[-76.9235,38.9041],[-76.9276,38.9073],[-76.9313,38.9103],[-76.9317,38.9106],[-76.9351,38.9133],[-77.0025,38.9654],[-77.0026,38.9655],[-77.0078,38.9697],[-77.0083,38.9701],[-77.0156,38.9759],[-77.0266,38.9843],[-77.0312,38.9879],[-77.0337,38.9897],[-77.0363,38.9917],[-77.0368,38.9921],[-77.041,38.9951],[-77.0424,38.9941],[-77.0465,38.991],[-77.0517,38.9871],[-77.0522,38.9867],[-77.0529,38.9861],[-77.0543,38.9851],[-77.0774,38.9673],[-77.0858,38.9609],[-77.0914,38.9566],[-77.0915,38.9565],[-77.0981,38.9511],[-77.1005,38.9491],[-77.1007,38.9489],[-77.1045,38.9464],[-77.1125,38.9401],[-77.1198,38.9344]]]}},{"type":"Feature","properties":{"NAME":"ELEVENTH CIRCUIT","CHIEF_JUDGE":"","ACTIVE_JUDGES":12,"SENIOR_ELIGIBLE_JUDGES":0,"VACANCIES":0,"DEMJUDGES":5,"GOPJUDGES":7,"PARTISANSHIP":-1,"DEMRETIRING":0,"GOPRETIRING":0},"geometry":{"type":"MultiPolygon","coordinates":[[[[-82.1144,24.5929],[-82.1181,24.5697],[-82.0996,24.5746],[-82.1144,24.5929]]],[[[-80.9385,24.7675],[-80.964,24.7637],[-80.9944,24.744],[-81.026,24.7336],[-81.0367,24.7428],[-81.0506,24.7376],[-81.0769,24.7165],[-81.1074,24.7128],[-81.1202,24.7042],[-81.108,24.6886],[-81.0824,24.692],[-81.0671,24.7149],[-81.0343,24.7273],[-81.0238,24.7169],[-80.9923,24.7332],[-80.9385,24.7675]]],[[[-81.3418,24.7071],[-81.3663,24.7424],[-81.3655,24.7693],[-81.3718,24.7791],[-81.4435,24.8134],[-81.4981,24.7926],[-81.5361,24.766],[-81.5712,24.7564],[-81.5846,24.7367],[-81.6723,24.6995],[-81.7013,24.6777],[-81.7543,24.654],[-81.7653,24.6326],[-81.7284,24.6176],[-81.722,24.6067],[-81.7528,24.5802],[-81.7664,24.586],[-81.794,24.5758],[-81.8125,24.5455],[-81.786,24.5467],[-81.7353,24.5568],[-81.6852,24.5587],[-81.6651,24.5733],[-81.6441,24.5749],[-81.6043,24.5862],[-81.5641,24.6038],[-81.5592,24.6096],[-81.5108,24.6257],[-81.5059,24.6545],[-81.4818,24.6478],[-81.4469,24.6534],[-81.4064,24.6425],[-81.3948,24.6211],[-81.3466,24.6358],[-81.2969,24.6554],[-81.3088,24.6646],[-81.3196,24.7027],[-81.3418,24.7071]]],[[[-80.1773,25.507],[-80.2013,25.4413],[-80.2165,25.406],[-80.2496,25.3949],[-80.259,25.3544],[-80.2414,25.3556],[-80.2314,25.3874],[-80.2038,25.4145],[-80.1767,25.4859],[-80.1773,25.507]]],[[[-82.1494,26.4776],[-82.1775,26.5023],[-82.1879,26.5235],[-82.2143,26.6029],[-82.2209,26.5839],[-82.2053,26.5679],[-82.1864,26.4892],[-82.1729,26.4677],[-82.1487,26.4555],[-82.1267,26.4363],[-82.0981,26.425],[-82.0631,26.4255],[-82.0322,26.4527],[-82.0626,26.4701],[-82.0884,26.4552],[-82.1325,26.4791],[-82.1494,26.4776]]],[[[-82.2211,26.6135],[-82.2283,26.6445],[-82.2385,26.6625],[-82.2342,26.6768],[-82.2558,26.7039],[-82.2625,26.6776],[-82.2483,26.6617],[-82.2211,26.6135]]],[[[-82.7343,28.7771],[-82.7238,28.7905],[-82.7421,28.8032],[-82.7475,28.7834],[-82.7343,28.7771]]],[[[-85.1225,29.6887],[-85.1564,29.6796],[-85.2019,29.6826],[-85.2043,29.6727],[-85.1568,29.6477],[-85.141,29.634],[-85.1205,29.63],[-85.0968,29.6331],[-85.0805,29.6749],[-85.0939,29.6848],[-85.1225,29.6887]]],[[[-84.6994,29.7582],[-84.7258,29.7361],[-84.7772,29.7074],[-84.7946,29.7027],[-84.8029,29.6837],[-84.8531,29.6719],[-84.8614,29.6728],[-84.9038,29.6487],[-84.9258,29.645],[-84.9484,29.6226],[-84.9815,29.6086],[-85.0147,29.6033],[-85.0271,29.5967],[-85.069,29.6094],[-85.0451,29.587],[-84.9565,29.614],[-84.8846,29.6523],[-84.8538,29.6647],[-84.7991,29.6816],[-84.7651,29.6997],[-84.6994,29.7582]]],[[[-84.5721,29.8187],[-84.5803,29.8269],[-84.6031,29.8117],[-84.5828,29.806],[-84.5721,29.8187]]],[[[-88.0868,30.2599],[-88.1247,30.2836],[-88.1306,30.2621],[-88.1411,30.255],[-88.1012,30.242],[-88.0749,30.2491],[-88.0868,30.2599]]],[[[-88.0235,30.4926],[-88.0262,30.5166],[-88.0351,30.522],[-88.0534,30.507],[-88.0235,30.4926]]],[[[-84.3219,34.9884],[-84.5099,34.988],[-84.8081,34.9876],[-84.9393,34.9879],[-85.2776,34.985],[-85.385,34.983],[-85.4667,34.983],[-85.6052,34.9847],[-85.8244,34.9881],[-86.0616,34.9896],[-86.3972,34.9917],[-86.5285,34.9907],[-86.6767,34.9921],[-86.8622,34.992],[-87.2992,35.0009],[-87.4286,35.0028],[-87.6641,35.0035],[-87.8519,35.0057],[-88,35.0059],[-88.203,35.008],[-88.2001,34.9956],[-88.1761,34.9625],[-88.1546,34.9224],[-88.1367,34.9076],[-88.0979,34.8922],[-88.1184,34.7243],[-88.1343,34.6227],[-88.1563,34.4632],[-88.1656,34.3831],[-88.2002,34.116],[-88.2107,34.0292],[-88.2523,33.7196],[-88.2774,33.5124],[-88.3125,33.2209],[-88.3309,33.0731],[-88.3733,32.7118],[-88.4039,32.4488],[-88.4138,32.3739],[-88.4283,32.2501],[-88.4387,32.1728],[-88.4732,31.8939],[-88.4644,31.6979],[-88.4595,31.6217],[-88.4511,31.4595],[-88.439,31.2469],[-88.4186,30.8665],[-88.4039,30.5434],[-88.395,30.3694],[-88.364,30.388],[-88.3573,30.4057],[-88.338,30.4048],[-88.2999,30.3856],[-88.2607,30.3824],[-88.2165,30.3676],[-88.2092,30.36],[-88.1871,30.3627],[-88.1966,30.3374],[-88.1915,30.317],[-88.1558,30.3272],[-88.14,30.3131],[-88.1314,30.3343],[-88.1154,30.3566],[-88.1073,30.3773],[-88.1041,30.4273],[-88.1064,30.4527],[-88.0969,30.4711],[-88.103,30.493],[-88.1009,30.5098],[-88.0828,30.5287],[-88.0831,30.5728],[-88.0649,30.5883],[-88.054,30.6125],[-88.0619,30.6436],[-88.0384,30.6479],[-88.024,30.66],[-88.0201,30.6757],[-88.0069,30.6821],[-87.9856,30.6775],[-87.956,30.6589],[-87.9367,30.6574],[-87.9254,30.6489],[-87.9214,30.6269],[-87.9125,30.6158],[-87.915,30.5859],[-87.9042,30.566],[-87.9053,30.5376],[-87.937,30.4831],[-87.92,30.4707],[-87.9063,30.4094],[-87.865,30.3835],[-87.8374,30.3763],[-87.8299,30.3538],[-87.8093,30.3327],[-87.7728,30.3117],[-87.7555,30.2912],[-87.7553,30.2801],[-87.768,30.2625],[-87.7878,30.2542],[-87.8177,30.2543],[-87.8601,30.2403],[-87.8932,30.2392],[-87.936,30.2615],[-87.949,30.2566],[-87.9669,30.2356],[-88.024,30.2304],[-88.0277,30.2237],[-87.9623,30.2295],[-87.9261,30.2304],[-87.8385,30.2272],[-87.8006,30.2294],[-87.7355,30.2407],[-87.6569,30.2497],[-87.5814,30.2693],[-87.5587,30.2713],[-87.4536,30.293],[-87.4274,30.2963],[-87.3144,30.3215],[-87.3003,30.3281],[-87.2709,30.3168],[-87.206,30.3215],[-87.1554,30.3278],[-86.953,30.3654],[-86.8362,30.3833],[-86.7386,30.3934],[-86.6251,30.3966],[-86.5202,30.3866],[-86.5062,30.3823],[-86.4439,30.3832],[-86.3642,30.3745],[-86.314,30.3664],[-86.2636,30.3551],[-86.1887,30.3342],[-86.09,30.3036],[-85.9999,30.2708],[-85.9477,30.2491],[-85.8781,30.2156],[-85.8112,30.1783],[-85.7754,30.1563],[-85.7291,30.1183],[-85.6997,30.0987],[-85.6172,30.0622],[-85.5956,30.0506],[-85.5538,30.0119],[-85.5371,30.0039],[-85.5086,29.972],[-85.4813,29.9579],[-85.4551,29.9567],[-85.4204,29.9472],[-85.4051,29.9385],[-85.3637,29.8989],[-85.3428,29.8579],[-85.3145,29.8327],[-85.3114,29.8144],[-85.3008,29.799],[-85.3061,29.759],[-85.3049,29.7314],[-85.3124,29.6923],[-85.3535,29.6796],[-85.3627,29.6815],[-85.3707,29.7023],[-85.3886,29.7302],[-85.3891,29.7422],[-85.4097,29.8024],[-85.4104,29.8307],[-85.4002,29.8505],[-85.4118,29.8598],[-85.418,29.8289],[-85.414,29.7999],[-85.3984,29.743],[-85.3873,29.7154],[-85.3651,29.6773],[-85.3515,29.6667],[-85.3184,29.6816],[-85.2766,29.6835],[-85.2411,29.6768],[-85.2191,29.689],[-85.1879,29.6996],[-85.1215,29.7159],[-85.0721,29.719],[-85.0139,29.7095],[-84.977,29.7212],[-84.9642,29.7398],[-84.9466,29.745],[-84.9276,29.7612],[-84.9151,29.7833],[-84.8711,29.7813],[-84.8862,29.7654],[-84.9021,29.7353],[-84.8818,29.7339],[-84.8372,29.7559],[-84.8242,29.7583],[-84.7618,29.7887],[-84.7018,29.8243],[-84.6527,29.8435],[-84.6033,29.8761],[-84.5681,29.8915],[-84.5359,29.9101],[-84.5104,29.9163],[-84.492,29.9099],[-84.4703,29.9245],[-84.4517,29.9291],[-84.4408,29.913],[-84.4233,29.9033],[-84.3809,29.8937],[-84.3445,29.899],[-84.3338,29.9237],[-84.3365,29.9425],[-84.3812,29.9608],[-84.4043,29.9598],[-84.442,29.9679],[-84.4188,29.9833],[-84.3947,29.9824],[-84.3483,29.9691],[-84.362,29.9877],[-84.3661,30.0087],[-84.3524,30.0129],[-84.3343,30.0371],[-84.2978,30.0575],[-84.2708,30.0681],[-84.2725,30.0924],[-84.2623,30.1037],[-84.2475,30.1011],[-84.237,30.0856],[-84.2034,30.0846],[-84.1936,30.0978],[-84.1738,30.091],[-84.1792,30.0732],[-84.1573,30.0727],[-84.1249,30.0906],[-84.1138,30.0855],[-84.0831,30.0923],[-84.063,30.1014],[-84.0243,30.1033],[-83.9992,30.0914],[-83.9832,30.0731],[-83.9597,30.0649],[-83.9254,30.0346],[-83.8454,29.9981],[-83.8287,29.9832],[-83.7887,29.977],[-83.7463,29.9578],[-83.7279,29.941],[-83.6808,29.9216],[-83.6536,29.8947],[-83.638,29.8861],[-83.6186,29.8423],[-83.5868,29.8189],[-83.5819,29.7921],[-83.5892,29.7833],[-83.566,29.7614],[-83.56,29.743],[-83.5425,29.7282],[-83.493,29.7127],[-83.4837,29.6882],[-83.4482,29.6753],[-83.4363,29.6774],[-83.4148,29.6636],[-83.4064,29.6503],[-83.3995,29.613],[-83.4072,29.5706],[-83.3957,29.5263],[-83.3793,29.5036],[-83.3567,29.4999],[-83.3311,29.4756],[-83.3078,29.4689],[-83.2911,29.437],[-83.272,29.4323],[-83.2405,29.4332],[-83.2181,29.4205],[-83.2024,29.3944],[-83.2041,29.3834],[-83.1735,29.3317],[-83.1763,29.3128],[-83.1696,29.2904],[-83.1498,29.2898],[-83.1075,29.2689],[-83.089,29.2665],[-83.0747,29.248],[-83.0867,29.2247],[-83.0861,29.2095],[-83.0677,29.1789],[-83.0683,29.1531],[-83.0565,29.1299],[-83.0209,29.1395],[-83.0032,29.1573],[-82.9986,29.1741],[-82.9453,29.1678],[-82.9226,29.1698],[-82.8764,29.1594],[-82.8582,29.1623],[-82.8342,29.1549],[-82.8139,29.1625],[-82.8047,29.1466],[-82.8084,29.1256],[-82.8018,29.1166],[-82.8154,29.102],[-82.8156,29.073],[-82.7835,29.0693],[-82.7638,29.0545],[-82.7535,29.0265],[-82.7641,28.9997],[-82.7437,28.9702],[-82.7257,28.9622],[-82.7015,28.9194],[-82.6889,28.9056],[-82.6898,28.8855],[-82.7279,28.8713],[-82.7338,28.8522],[-82.7276,28.8393],[-82.7387,28.8248],[-82.7131,28.7997],[-82.692,28.7889],[-82.6979,28.7476],[-82.715,28.727],[-82.691,28.7017],[-82.6751,28.6982],[-82.6551,28.6749],[-82.6777,28.6548],[-82.6749,28.6342],[-82.6623,28.6183],[-82.6642,28.6027],[-82.6494,28.5826],[-82.6575,28.5749],[-82.6511,28.557],[-82.6528,28.5378],[-82.668,28.5282],[-82.6705,28.4699],[-82.6842,28.4651],[-82.6711,28.449],[-82.6778,28.4344],[-82.6945,28.4228],[-82.7063,28.4013],[-82.704,28.3805],[-82.7158,28.3455],[-82.7315,28.3251],[-82.7328,28.2919],[-82.7437,28.2781],[-82.7573,28.2283],[-82.7701,28.2077],[-82.8045,28.1761],[-82.7813,28.1276],[-82.7803,28.0971],[-82.793,28.0065],[-82.8049,27.966],[-82.8177,27.9966],[-82.8092,28.0065],[-82.8282,28.0201],[-82.8315,27.9645],[-82.8429,27.9339],[-82.8522,27.886],[-82.8465,27.8543],[-82.8286,27.8223],[-82.7905,27.7911],[-82.7705,27.7663],[-82.7609,27.7452],[-82.7466,27.7302],[-82.738,27.7068],[-82.7384,27.6837],[-82.7462,27.6538],[-82.7374,27.6117],[-82.705,27.6253],[-82.7216,27.6639],[-82.7188,27.692],[-82.7115,27.7054],[-82.6891,27.6995],[-82.6716,27.7059],[-82.6398,27.7039],[-82.6257,27.727],[-82.6305,27.7539],[-82.624,27.7604],[-82.6225,27.7876],[-82.6071,27.7929],[-82.5887,27.8304],[-82.5984,27.8576],[-82.6165,27.8808],[-82.6383,27.8929],[-82.6437,27.9097],[-82.6851,27.9163],[-82.7201,27.9364],[-82.7218,27.9546],[-82.7001,27.9603],[-82.6927,27.9838],[-82.6756,28.0054],[-82.6901,28.0275],[-82.677,28.0329],[-82.6682,28.0159],[-82.6411,28.0168],[-82.639,28.0071],[-82.6009,27.98],[-82.5836,27.979],[-82.5539,27.967],[-82.5337,27.933],[-82.5313,27.9039],[-82.5415,27.8844],[-82.5386,27.8649],[-82.5529,27.8627],[-82.5543,27.8478],[-82.5112,27.828],[-82.4724,27.8226],[-82.4688,27.8433],[-82.4881,27.8636],[-82.4794,27.8869],[-82.4874,27.895],[-82.4898,27.9196],[-82.4611,27.9382],[-82.4619,27.9084],[-82.4453,27.9101],[-82.4293,27.8994],[-82.4153,27.9004],[-82.4026,27.8826],[-82.4013,27.8608],[-82.3934,27.8375],[-82.4029,27.8127],[-82.4358,27.7754],[-82.4346,27.7644],[-82.4783,27.7463],[-82.4763,27.7244],[-82.4949,27.719],[-82.5143,27.7056],[-82.5585,27.6387],[-82.5657,27.6157],[-82.5775,27.5996],[-82.6117,27.5853],[-82.612,27.5712],[-82.6321,27.5519],[-82.6413,27.5255],[-82.6746,27.5196],[-82.6864,27.4972],[-82.7106,27.5017],[-82.691,27.4443],[-82.6901,27.4344],[-82.6611,27.4126],[-82.6239,27.3622],[-82.5904,27.3284],[-82.5693,27.2986],[-82.564,27.2699],[-82.5451,27.261],[-82.522,27.2284],[-82.4999,27.1806],[-82.477,27.1412],[-82.4457,27.0606],[-82.4096,27.0045],[-82.4006,26.9849],[-82.3425,26.8947],[-82.3258,26.8775],[-82.2825,26.816],[-82.2827,26.8042],[-82.2695,26.7847],[-82.2598,26.728],[-82.2499,26.763],[-82.2306,26.771],[-82.2054,26.7644],[-82.1971,26.7729],[-82.1722,26.77],[-82.1451,26.7888],[-82.1534,26.854],[-82.1812,26.9214],[-82.1741,26.9417],[-82.1479,26.9195],[-82.1391,26.9229],[-82.1166,26.9633],[-82.0918,26.9541],[-82.0662,26.9544],[-82.0538,26.9398],[-82.0677,26.9278],[-82.0868,26.9277],[-82.0985,26.9131],[-82.0952,26.8915],[-82.0581,26.8722],[-82.0585,26.8387],[-82.0551,26.8025],[-82.0614,26.7892],[-82.0666,26.7427],[-82.085,26.7024],[-82.0914,26.6668],[-82.0821,26.6536],[-82.099,26.646],[-82.1118,26.6816],[-82.1258,26.6995],[-82.1581,26.7073],[-82.1738,26.7056],[-82.1836,26.695],[-82.1816,26.6817],[-82.1426,26.6439],[-82.1477,26.6345],[-82.132,26.6102],[-82.1244,26.5824],[-82.1225,26.555],[-82.112,26.5276],[-82.1006,26.5108],[-82.1065,26.4914],[-82.0859,26.4895],[-82.0569,26.4938],[-82.0685,26.5135],[-82.0693,26.5354],[-82.0581,26.5484],[-82.0431,26.5327],[-82.0103,26.5208],[-82.0136,26.4876],[-81.9695,26.4765],[-81.9566,26.4524],[-81.9384,26.4451],[-81.9117,26.4272],[-81.8976,26.4033],[-81.869,26.3787],[-81.8446,26.3277],[-81.8331,26.2945],[-81.8207,26.2367],[-81.8146,26.1732],[-81.8088,26.1523],[-81.8018,26.0914],[-81.7732,26.033],[-81.7624,26.0061],[-81.7492,25.9916],[-81.7446,25.9701],[-81.7555,25.9573],[-81.732,25.9315],[-81.7295,25.9094],[-81.718,25.9079],[-81.6895,25.8527],[-81.6775,25.8504],[-81.6696,25.8664],[-81.6721,25.8818],[-81.6461,25.8973],[-81.6368,25.8889],[-81.605,25.8921],[-81.5727,25.8656],[-81.5342,25.8566],[-81.5228,25.841],[-81.493,25.8309],[-81.464,25.8113],[-81.4579,25.7978],[-81.4414,25.7992],[-81.415,25.7844],[-81.3814,25.7755],[-81.3819,25.7492],[-81.3602,25.7418],[-81.3553,25.7287],[-81.3303,25.7107],[-81.2903,25.6875],[-81.2899,25.6543],[-81.2733,25.6385],[-81.2715,25.6143],[-81.2417,25.6065],[-81.2428,25.5924],[-81.2336,25.5689],[-81.2093,25.5486],[-81.2032,25.5342],[-81.2097,25.5065],[-81.189,25.4807],[-81.168,25.4695],[-81.1671,25.4509],[-81.1572,25.4345],[-81.1471,25.4043],[-81.1505,25.3873],[-81.1231,25.3791],[-81.1214,25.3388],[-81.1401,25.3411],[-81.1519,25.3248],[-81.1671,25.27],[-81.172,25.2223],[-81.1555,25.2081],[-81.1423,25.183],[-81.141,25.1572],[-81.1119,25.1455],[-81.0839,25.1162],[-81.0505,25.1283],[-81.023,25.1294],[-80.9992,25.1242],[-80.9718,25.134],[-80.9432,25.1344],[-80.9159,25.1413],[-80.9006,25.1397],[-80.9001,25.162],[-80.8682,25.176],[-80.8332,25.1726],[-80.8264,25.1606],[-80.8099,25.1689],[-80.7995,25.1631],[-80.7543,25.1584],[-80.7224,25.1596],[-80.7107,25.1518],[-80.6814,25.1744],[-80.664,25.1767],[-80.6522,25.1928],[-80.6389,25.1907],[-80.609,25.2032],[-80.6032,25.1902],[-80.5834,25.2011],[-80.5821,25.2107],[-80.5297,25.2142],[-80.5151,25.2198],[-80.5028,25.2032],[-80.4797,25.2133],[-80.4655,25.2118],[-80.443,25.185],[-80.4619,25.1601],[-80.4613,25.1325],[-80.4424,25.1223],[-80.4333,25.1079],[-80.4867,25.0528],[-80.4967,25.047],[-80.5159,25.0147],[-80.5438,25.014],[-80.5584,24.9713],[-80.5702,24.9627],[-80.5944,24.9679],[-80.6125,24.9533],[-80.5981,24.9474],[-80.5693,24.9548],[-80.5517,24.9715],[-80.5318,24.9983],[-80.5164,25.0038],[-80.4896,25.03],[-80.4936,25.0388],[-80.4615,25.0701],[-80.4432,25.0762],[-80.4239,25.1044],[-80.3997,25.1085],[-80.3771,25.1303],[-80.3695,25.1499],[-80.3582,25.1532],[-80.3604,25.1771],[-80.3435,25.1955],[-80.3346,25.2162],[-80.3159,25.2389],[-80.308,25.256],[-80.2874,25.2841],[-80.2697,25.3203],[-80.253,25.3405],[-80.267,25.3521],[-80.2906,25.3155],[-80.3254,25.2886],[-80.3395,25.291],[-80.3442,25.2766],[-80.3322,25.263],[-80.3344,25.2405],[-80.3528,25.2076],[-80.3719,25.2063],[-80.4017,25.1921],[-80.4167,25.1987],[-80.4205,25.212],[-80.4136,25.2355],[-80.3998,25.2384],[-80.3981,25.2768],[-80.3771,25.3022],[-80.3706,25.3232],[-80.3426,25.3316],[-80.3263,25.3571],[-80.3104,25.3731],[-80.3127,25.388],[-80.3279,25.3968],[-80.3261,25.4379],[-80.3401,25.4699],[-80.3398,25.5003],[-80.3315,25.5282],[-80.3144,25.5362],[-80.3026,25.5718],[-80.3089,25.6042],[-80.2983,25.6216],[-80.2863,25.6201],[-80.272,25.6392],[-80.2673,25.659],[-80.2451,25.6984],[-80.2491,25.7134],[-80.2379,25.7272],[-80.2085,25.7456],[-80.1751,25.7445],[-80.1546,25.7229],[-80.1761,25.7098],[-80.1672,25.7014],[-80.1783,25.6867],[-80.1529,25.6716],[-80.1559,25.6985],[-80.1451,25.7416],[-80.1307,25.7643],[-80.121,25.8132],[-80.1188,25.8457],[-80.1217,25.898],[-80.1173,25.9866],[-80.1088,26.0901],[-80.1049,26.0953],[-80.1029,26.1351],[-80.0873,26.2413],[-80.0802,26.2587],[-80.0753,26.3187],[-80.0706,26.3365],[-80.0616,26.433],[-80.0504,26.5096],[-80.0421,26.5455],[-80.0362,26.6026],[-80.037,26.646],[-80.0332,26.7148],[-80.0375,26.7663],[-80.0314,26.7963],[-80.0463,26.8592],[-80.0667,26.9248],[-80.0939,27.0186],[-80.1168,27.0724],[-80.1337,27.1019],[-80.1576,27.1631],[-80.1615,27.1928],[-80.1931,27.2496],[-80.2335,27.3413],[-80.2615,27.3944],[-80.2906,27.4665],[-80.2901,27.4733],[-80.3117,27.5256],[-80.331,27.5975],[-80.3439,27.6165],[-80.3644,27.6846],[-80.3835,27.74],[-80.4472,27.8597],[-80.447,27.862],[-80.5089,27.9705],[-80.5477,28.0488],[-80.572,28.1116],[-80.5942,28.1959],[-80.6033,28.2526],[-80.6068,28.2964],[-80.6062,28.339],[-80.602,28.368],[-80.589,28.4079],[-80.5638,28.4358],[-80.529,28.4497],[-80.5251,28.4595],[-80.561,28.5307],[-80.5742,28.5853],[-80.6168,28.6346],[-80.6473,28.6779],[-80.7097,28.7567],[-80.787,28.8753],[-80.878,29.0116],[-80.9096,29.0709],[-80.9444,29.1109],[-80.9662,29.148],[-81.0467,29.3079],[-81.1239,29.4745],[-81.1636,29.5553],[-81.2116,29.6671],[-81.2539,29.7769],[-81.2606,29.8063],[-81.2666,29.8604],[-81.2774,29.904],[-81.289,29.9152],[-81.309,29.9694],[-81.325,30.0325],[-81.3556,30.1626],[-81.3809,30.2568],[-81.3908,30.3048],[-81.3967,30.3552],[-81.3934,30.3968],[-81.4017,30.4036],[-81.4163,30.491],[-81.4333,30.488],[-81.4424,30.4987],[-81.4358,30.5261],[-81.4434,30.5705],[-81.4419,30.6014],[-81.4292,30.6708],[-81.4258,30.7005],[-81.4441,30.7097],[-81.4595,30.742],[-81.4601,30.7699],[-81.4469,30.8104],[-81.4286,30.8363],[-81.4041,30.9037],[-81.4034,30.9579],[-81.4201,30.9741],[-81.4269,30.9566],[-81.4668,30.9709],[-81.4758,30.966],[-81.4906,30.985],[-81.461,30.9991],[-81.4514,31.0155],[-81.4205,31.0167],[-81.4013,31.0728],[-81.4037,31.1071],[-81.4095,31.1206],[-81.3658,31.148],[-81.3311,31.197],[-81.3031,31.2169],[-81.2905,31.2177],[-81.2828,31.2443],[-81.2712,31.2659],[-81.2795,31.2717],[-81.2876,31.3105],[-81.2829,31.3265],[-81.2943,31.3686],[-81.2686,31.383],[-81.2469,31.4228],[-81.2049,31.4731],[-81.1896,31.5036],[-81.1766,31.5154],[-81.1983,31.537],[-81.2135,31.5282],[-81.2588,31.5291],[-81.2542,31.5559],[-81.2407,31.5523],[-81.2161,31.5584],[-81.2032,31.5697],[-81.1719,31.559],[-81.1604,31.5704],[-81.1288,31.6314],[-81.134,31.641],[-81.1356,31.6835],[-81.1311,31.6958],[-81.1519,31.6984],[-81.1611,31.6914],[-81.1863,31.7015],[-81.2036,31.7195],[-81.1928,31.7333],[-81.1306,31.7227],[-81.0951,31.7492],[-81.0704,31.7714],[-81.0359,31.8104],[-81.0758,31.829],[-81.0586,31.8578],[-81.0653,31.8771],[-81.0416,31.8762],[-80.9927,31.8576],[-80.9714,31.8779],[-80.9301,31.9081],[-80.9685,31.9158],[-80.9836,31.9317],[-80.9485,31.9572],[-80.9325,31.9619],[-80.9214,31.9387],[-80.8819,31.9567],[-80.8628,31.9694],[-80.8473,31.9876],[-80.8397,32.0115],[-80.8551,32.0255],[-80.876,32.0168],[-80.8855,32.0346],[-80.9178,32.0376],[-80.9336,32.0476],[-80.9432,32.0578],[-80.9545,32.0686],[-80.9594,32.0713],[-80.9788,32.0773],[-80.9943,32.0946],[-80.9998,32.099],[-81.0023,32.1001],[-81.0067,32.1012],[-81.012,32.1002],[-81.016,32.0974],[-81.0201,32.0927],[-81.0216,32.0909],[-81.0327,32.0855],[-81.0669,32.0904],[-81.0835,32.1008],[-81.0882,32.104],[-81.0909,32.107],[-81.0915,32.1108],[-81.0934,32.1112],[-81.1005,32.1112],[-81.1111,32.112],[-81.1133,32.1132],[-81.1172,32.1176],[-81.1172,32.1198],[-81.1152,32.1255],[-81.1161,32.1287],[-81.1183,32.1313],[-81.1185,32.1316],[-81.1199,32.134],[-81.122,32.1618],[-81.119,32.1771],[-81.1202,32.1797],[-81.1198,32.1812],[-81.1179,32.1853],[-81.1232,32.2013],[-81.1283,32.2086],[-81.136,32.2129],[-81.1436,32.2285],[-81.1456,32.2321],[-81.1535,32.2377],[-81.156,32.2415],[-81.1566,32.2439],[-81.1556,32.246],[-81.1529,32.2478],[-81.1471,32.2496],[-81.1483,32.2551],[-81.1357,32.2722],[-81.1293,32.2759],[-81.1234,32.2751],[-81.1232,32.2765],[-81.1264,32.2807],[-81.1262,32.2825],[-81.1236,32.2837],[-81.1214,32.2845],[-81.1203,32.2865],[-81.1196,32.2876],[-81.1196,32.2877],[-81.1198,32.2896],[-81.1222,32.2939],[-81.1227,32.2973],[-81.1223,32.3054],[-81.1298,32.3133],[-81.1315,32.3179],[-81.1307,32.3251],[-81.1376,32.3282],[-81.1286,32.337],[-81.1409,32.3494],[-81.1476,32.3494],[-81.1496,32.3451],[-81.1519,32.3427],[-81.1533,32.3413],[-81.1551,32.3414],[-81.1587,32.3399],[-81.1605,32.3418],[-81.1567,32.3426],[-81.1551,32.3445],[-81.1551,32.3472],[-81.155,32.3488],[-81.155,32.3501],[-81.1614,32.3505],[-81.1811,32.3804],[-81.1781,32.3846],[-81.1772,32.3917],[-81.1809,32.3965],[-81.1897,32.4073],[-81.1949,32.4115],[-81.1983,32.4156],[-81.2051,32.4238],[-81.2066,32.4475],[-81.2,32.468],[-81.2124,32.4787],[-81.2275,32.4939],[-81.2336,32.4985],[-81.2383,32.506],[-81.2387,32.5089],[-81.2384,32.5102],[-81.2367,32.5114],[-81.2348,32.5123],[-81.234,32.5138],[-81.2347,32.5163],[-81.2371,32.5173],[-81.245,32.5183],[-81.2479,32.5182],[-81.2498,32.5175],[-81.2529,32.5183],[-81.2797,32.5368],[-81.2752,32.5452],[-81.2791,32.5463],[-81.2807,32.5476],[-81.281,32.5497],[-81.2788,32.5523],[-81.2792,32.5546],[-81.2813,32.5564],[-81.2813,32.5565],[-81.2833,32.5568],[-81.2842,32.556],[-81.2843,32.5547],[-81.2847,32.5529],[-81.2865,32.5515],[-81.2948,32.5536],[-81.2967,32.5534],[-81.2979,32.5541],[-81.298,32.5558],[-81.2953,32.5608],[-81.3006,32.5628],[-81.3206,32.5595],[-81.3288,32.5612],[-81.3548,32.5711],[-81.3583,32.5745],[-81.3535,32.5785],[-81.356,32.581],[-81.3595,32.5822],[-81.3636,32.5818],[-81.3684,32.5842],[-81.3698,32.5851],[-81.3703,32.5867],[-81.369,32.59],[-81.3732,32.5921],[-81.3762,32.5892],[-81.381,32.5897],[-81.3893,32.5954],[-81.3939,32.6023],[-81.4119,32.6184],[-81.4051,32.6427],[-81.3946,32.6496],[-81.3938,32.6535],[-81.3983,32.6563],[-81.4053,32.6565],[-81.4072,32.6605],[-81.4073,32.6616],[-81.4066,32.6625],[-81.4045,32.6626],[-81.4033,32.6595],[-81.4003,32.6585],[-81.3975,32.6602],[-81.3975,32.6626],[-81.4005,32.6641],[-81.4043,32.6678],[-81.401,32.6775],[-81.4012,32.6799],[-81.4013,32.6802],[-81.4111,32.6936],[-81.4189,32.6972],[-81.4248,32.7005],[-81.4275,32.7019],[-81.4183,32.7309],[-81.417,32.7331],[-81.4147,32.7321],[-81.4125,32.7324],[-81.4116,32.7339],[-81.4135,32.7364],[-81.4139,32.7375],[-81.4127,32.7391],[-81.4099,32.7395],[-81.4076,32.7403],[-81.4058,32.7426],[-81.4052,32.745],[-81.4049,32.7462],[-81.4053,32.7488],[-81.4166,32.748],[-81.4197,32.7492],[-81.4185,32.7522],[-81.4151,32.7532],[-81.413,32.7548],[-81.4126,32.7608],[-81.4144,32.7789],[-81.428,32.7876],[-81.4252,32.7942],[-81.4269,32.8022],[-81.4222,32.8031],[-81.424,32.8055],[-81.4263,32.8099],[-81.426,32.8111],[-81.4238,32.8105],[-81.4198,32.8137],[-81.4216,32.8352],[-81.4387,32.8401],[-81.4429,32.8459],[-81.4427,32.8501],[-81.4483,32.8496],[-81.4568,32.8488],[-81.4514,32.8686],[-81.4525,32.8717],[-81.4529,32.873],[-81.4539,32.8741],[-81.4606,32.8752],[-81.4634,32.8794],[-81.4671,32.8806],[-81.468,32.8767],[-81.4704,32.8763],[-81.4759,32.8776],[-81.4794,32.8811],[-81.4771,32.8875],[-81.4717,32.8904],[-81.4708,32.8905],[-81.4647,32.896],[-81.4641,32.8978],[-81.4659,32.8999],[-81.4725,32.8964],[-81.4755,32.8967],[-81.4808,32.8986],[-81.4809,32.9002],[-81.4794,32.9023],[-81.4792,32.9056],[-81.48,32.9135],[-81.4832,32.9218],[-81.4951,32.9316],[-81.4998,32.9326],[-81.5024,32.9354],[-81.5027,32.9387],[-81.4996,32.9437],[-81.4994,32.945],[-81.504,32.9481],[-81.5086,32.9526],[-81.51,32.9573],[-81.5102,32.9585],[-81.51,32.961],[-81.5114,32.9667],[-81.5079,32.9689],[-81.5071,32.9648],[-81.5033,32.963],[-81.4998,32.9638],[-81.4995,32.9648],[-81.4947,32.979],[-81.4948,32.9806],[-81.4955,32.9818],[-81.4955,32.9835],[-81.4943,32.9863],[-81.4961,32.9909],[-81.4912,32.9978],[-81.4998,33.0007],[-81.4988,33.0051],[-81.4919,33.0067],[-81.4923,33.0093],[-81.4966,33.0102],[-81.4998,33.0123],[-81.502,33.0151],[-81.5041,33.0163],[-81.5106,33.0258],[-81.5401,33.0406],[-81.5438,33.0486],[-81.5518,33.0434],[-81.562,33.0459],[-81.5661,33.0488],[-81.565,33.0497],[-81.5603,33.05],[-81.5592,33.0518],[-81.5589,33.0529],[-81.5592,33.0541],[-81.5729,33.0542],[-81.5885,33.0709],[-81.6101,33.0829],[-81.6178,33.0953],[-81.6322,33.094],[-81.6372,33.093],[-81.6423,33.0932],[-81.6464,33.0946],[-81.6584,33.1032],[-81.6835,33.1127],[-81.6969,33.1166],[-81.7046,33.1165],[-81.7171,33.1241],[-81.7207,33.1267],[-81.7243,33.1295],[-81.7438,33.1415],[-81.7551,33.1516],[-81.7631,33.1595],[-81.7656,33.166],[-81.7671,33.17],[-81.7735,33.1805],[-81.7708,33.1814],[-81.7674,33.1781],[-81.7644,33.1801],[-81.7674,33.184],[-81.7662,33.1874],[-81.7628,33.1883],[-81.7606,33.1893],[-81.7569,33.1979],[-81.7582,33.2003],[-81.7616,33.2018],[-81.7635,33.2037],[-81.7676,33.2158],[-81.774,33.2212],[-81.7784,33.2219],[-81.781,33.2199],[-81.7773,33.215],[-81.7789,33.2099],[-81.7902,33.2085],[-81.8052,33.2115],[-81.8073,33.2127],[-81.8079,33.2138],[-81.8081,33.2195],[-81.8096,33.2227],[-81.8117,33.2239],[-81.8196,33.2267],[-81.8279,33.2288],[-81.8465,33.2418],[-81.8521,33.2476],[-81.853,33.2498],[-81.8518,33.2521],[-81.8396,33.2553],[-81.8463,33.2585],[-81.8482,33.2617],[-81.8478,33.2657],[-81.845,33.2669],[-81.8425,33.2666],[-81.8416,33.2637],[-81.8364,33.2665],[-81.8446,33.2835],[-81.8462,33.2843],[-81.8482,33.2839],[-81.8518,33.2836],[-81.8613,33.2863],[-81.8632,33.2889],[-81.8615,33.298],[-81.8573,33.2996],[-81.8496,33.298],[-81.8461,33.3038],[-81.8473,33.3068],[-81.8526,33.3104],[-81.8563,33.3096],[-81.8591,33.306],[-81.8612,33.3033],[-81.8645,33.3028],[-81.864,33.3116],[-81.8663,33.3135],[-81.8665,33.3137],[-81.8704,33.3129],[-81.9064,33.3242],[-81.9183,33.3328],[-81.9247,33.3453],[-81.9397,33.3449],[-81.9398,33.3477],[-81.9356,33.352],[-81.9348,33.356],[-81.9447,33.364],[-81.9467,33.3673],[-81.9463,33.3706],[-81.9437,33.3723],[-81.9396,33.3725],[-81.9306,33.3682],[-81.9257,33.3711],[-81.9248,33.3741],[-81.9309,33.3801],[-81.9355,33.3979],[-81.9421,33.4018],[-81.9449,33.408],[-81.9374,33.4075],[-81.9305,33.4068],[-81.9258,33.4117],[-81.9131,33.408],[-81.9096,33.4126],[-81.9136,33.416],[-81.9211,33.4174],[-81.9311,33.424],[-81.925,33.4293],[-81.9207,33.431],[-81.9162,33.4331],[-81.9135,33.4413],[-81.9208,33.452],[-81.9248,33.4599],[-81.9259,33.4622],[-81.9263,33.4629],[-81.967,33.4806],[-81.9806,33.484],[-81.9817,33.4846],[-81.9859,33.4865],[-81.9904,33.5008],[-82.0013,33.5201],[-82.0037,33.5216],[-82.0043,33.5219],[-82.0076,33.5233],[-82.01,33.5304],[-82.0198,33.535],[-82.0282,33.5449],[-82.033,33.5465],[-82.0374,33.5547],[-82.0463,33.5638],[-82.0731,33.5775],[-82.0941,33.5827],[-82.1062,33.5956],[-82.1094,33.5966],[-82.1165,33.5965],[-82.1335,33.5905],[-82.1583,33.6097],[-82.1744,33.6131],[-82.1862,33.6209],[-82.1966,33.6306],[-82.2012,33.6469],[-82.1999,33.6618],[-82.2346,33.7002],[-82.2404,33.7349],[-82.2462,33.7464],[-82.2475,33.7526],[-82.2553,33.7597],[-82.2581,33.7604],[-82.2595,33.7603],[-82.2632,33.762],[-82.265,33.7657],[-82.2704,33.7679],[-82.2777,33.772],[-82.2782,33.7726],[-82.2811,33.7761],[-82.2858,33.7801],[-82.2898,33.782],[-82.295,33.7819],[-82.2983,33.7835],[-82.2996,33.7865],[-82.2989,33.7958],[-82.3002,33.8006],[-82.3245,33.82],[-82.3378,33.8272],[-82.3469,33.8343],[-82.3519,33.8364],[-82.3691,33.8424],[-82.4084,33.8663],[-82.4179,33.8642],[-82.4228,33.8638],[-82.4551,33.8817],[-82.4801,33.9019],[-82.4929,33.9098],[-82.4961,33.9135],[-82.5036,33.9261],[-82.513,33.937],[-82.5245,33.9434],[-82.5431,33.941],[-82.5545,33.9438],[-82.5568,33.9454],[-82.5645,33.9557],[-82.5646,33.9558],[-82.5657,33.9587],[-82.5661,33.9639],[-82.5699,33.9707],[-82.5796,33.9798],[-82.58,33.987],[-82.5782,33.9887],[-82.5763,33.9897],[-82.5754,33.9909],[-82.5762,33.9931],[-82.5777,33.9937],[-82.5834,33.9953],[-82.5892,34.0001],[-82.5962,34.0305],[-82.6097,34.0399],[-82.6134,34.0468],[-82.6192,34.0513],[-82.621,34.0544],[-82.6213,34.0569],[-82.6222,34.0585],[-82.627,34.0635],[-82.631,34.0655],[-82.6336,34.0648],[-82.636,34.0649],[-82.6405,34.0676],[-82.644,34.0722],[-82.6457,34.0761],[-82.6455,34.0769],[-82.6452,34.0791],[-82.6442,34.08],[-82.6428,34.0813],[-82.6403,34.0863],[-82.6591,34.1036],[-82.6681,34.1202],[-82.6752,34.1298],[-82.6773,34.1317],[-82.7041,34.141],[-82.7154,34.1482],[-82.7175,34.1505],[-82.7233,34.1659],[-82.7308,34.1759],[-82.7319,34.1784],[-82.7324,34.1806],[-82.7467,34.2664],[-82.7499,34.2709],[-82.755,34.2761],[-82.762,34.2815],[-82.7629,34.282],[-82.7653,34.2815],[-82.7709,34.2854],[-82.7737,34.2888],[-82.7803,34.2967],[-82.7818,34.3029],[-82.7868,34.3104],[-82.7941,34.3398],[-82.835,34.3661],[-82.8352,34.3739],[-82.8366,34.3827],[-82.8474,34.4121],[-82.8487,34.4239],[-82.8558,34.444],[-82.8601,34.4497],[-82.8609,34.4515],[-82.8588,34.4552],[-82.8623,34.4583],[-82.8653,34.4603],[-82.8718,34.4612],[-82.8808,34.4691],[-82.8808,34.4709],[-82.8808,34.4719],[-82.8874,34.481],[-82.8926,34.4812],[-82.9016,34.4868],[-82.9113,34.4855],[-82.9207,34.4823],[-82.9258,34.4818],[-82.9308,34.4857],[-82.944,34.4855],[-82.9927,34.4791],[-82.9951,34.4725],[-82.9991,34.4723],[-83.0029,34.4721],[-83.0286,34.4838],[-83.0293,34.4842],[-83.0325,34.483],[-83.0347,34.4835],[-83.0443,34.4893],[-83.0535,34.4973],[-83.0774,34.5092],[-83.0849,34.531],[-83.0926,34.533],[-83.0969,34.5315],[-83.1022,34.5322],[-83.1057,34.5412],[-83.1105,34.546],[-83.1187,34.5528],[-83.1219,34.5523],[-83.1243,34.555],[-83.1221,34.558],[-83.1229,34.5601],[-83.1272,34.562],[-83.1297,34.5617],[-83.1334,34.5595],[-83.1405,34.5624],[-83.1589,34.5792],[-83.1794,34.608],[-83.1896,34.6055],[-83.1927,34.6033],[-83.1963,34.6037],[-83.197,34.606],[-83.1998,34.6084],[-83.2116,34.6109],[-83.2318,34.6113],[-83.2553,34.6377],[-83.2723,34.643],[-83.2799,34.647],[-83.2801,34.6471],[-83.2866,34.6509],[-83.2929,34.6542],[-83.3046,34.6696],[-83.3089,34.6703],[-83.3144,34.669],[-83.3164,34.6693],[-83.3185,34.6748],[-83.3194,34.676],[-83.3215,34.6775],[-83.3303,34.6813],[-83.3371,34.6801],[-83.3384,34.6869],[-83.3439,34.6943],[-83.3525,34.6967],[-83.3539,34.6992],[-83.3519,34.7017],[-83.3479,34.7029],[-83.3467,34.7042],[-83.3475,34.7053],[-83.3477,34.7055],[-83.3498,34.7083],[-83.351,34.7132],[-83.3514,34.7145],[-83.3525,34.716],[-83.3525,34.7161],[-83.3532,34.7287],[-83.3208,34.7584],[-83.321,34.7654],[-83.3199,34.7737],[-83.3239,34.7897],[-83.3012,34.804],[-83.2848,34.823],[-83.2832,34.8213],[-83.2757,34.8169],[-83.2712,34.8184],[-83.2682,34.8214],[-83.2673,34.8328],[-83.2724,34.8347],[-83.2667,34.8489],[-83.2565,34.8441],[-83.2469,34.855],[-83.2463,34.86],[-83.2481,34.8631],[-83.2467,34.867],[-83.2433,34.866],[-83.2386,34.8655],[-83.2379,34.8689],[-83.2347,34.8707],[-83.2405,34.8727],[-83.2431,34.8774],[-83.2403,34.8788],[-83.2324,34.8781],[-83.2292,34.8799],[-83.2281,34.8797],[-83.2215,34.8787],[-83.2183,34.8817],[-83.2172,34.8863],[-83.2097,34.8803],[-83.1591,34.9282],[-83.1433,34.9248],[-83.1406,34.9249],[-83.1306,34.9309],[-83.1299,34.9324],[-83.1304,34.9352],[-83.1281,34.9381],[-83.1252,34.9371],[-83.1198,34.9329],[-83.1181,34.936],[-83.1128,34.9347],[-83.1117,34.9359],[-83.1169,34.9427],[-83.1207,34.942],[-83.1229,34.9445],[-83.1268,34.9487],[-83.1204,34.9684],[-83.1079,34.9797],[-83.1029,34.9887],[-83.1029,34.9973],[-83.1086,35.0007],[-83.3228,34.9959],[-83.483,34.9935],[-83.5494,34.9925],[-83.5576,34.9925],[-83.6202,34.9921],[-83.62,34.9867],[-83.62,34.9866],[-83.8311,34.9873],[-83.892,34.9874],[-83.9224,34.9875],[-83.9364,34.9875],[-83.9367,34.9875],[-83.9633,34.9875],[-84.0053,34.9874],[-84.0214,34.9874],[-84.03,34.9873],[-84.1296,34.9875],[-84.2614,34.9881],[-84.3219,34.9884]]]]}},{"type":"Feature","properties":{"NAME":"EIGHTH CIRCUIT","CHIEF_JUDGE":"","ACTIVE_JUDGES":11,"SENIOR_ELIGIBLE_JUDGES":3,"VACANCIES":0,"DEMJUDGES":1,"GOPJUDGES":10,"PARTISANSHIP":-1,"DEMRETIRING":0,"GOPRETIRING":0},"geometry":{"type":"Polygon","coordinates":[[[-92.0153,46.7065],[-92.0506,46.732],[-92.0769,46.759],[-92.0941,46.7878],[-92.0621,46.804],[-92.0456,46.8188],[-91.9985,46.839],[-91.9521,46.8671],[-91.9122,46.8845],[-91.876,46.9077],[-91.8414,46.9252],[-91.812,46.9306],[-91.78,46.9434],[-91.7371,46.9829],[-91.7047,47.0053],[-91.6605,47.0153],[-91.6302,47.0475],[-91.595,47.0624],[-91.5738,47.0899],[-91.5209,47.1043],[-91.507,47.1185],[-91.4611,47.1345],[-91.4188,47.1722],[-91.3849,47.1872],[-91.353,47.2104],[-91.326,47.239],[-91.2492,47.2842],[-91.2387,47.305],[-91.184,47.3437],[-91.1758,47.359],[-91.1281,47.3996],[-91.0956,47.4147],[-91.0457,47.4565],[-91.033,47.4582],[-90.9513,47.508],[-90.9301,47.5175],[-90.8626,47.5603],[-90.7287,47.6279],[-90.6713,47.6464],[-90.585,47.6807],[-90.5513,47.6903],[-90.5371,47.7031],[-90.4413,47.7248],[-90.4377,47.7316],[-90.3908,47.741],[-90.3422,47.7449],[-90.2292,47.7762],[-90.188,47.7768],[-90.1608,47.7928],[-90.1173,47.7947],[-90.072,47.8111],[-90.0245,47.8179],[-89.9743,47.8305],[-89.9275,47.8508],[-89.9237,47.8621],[-89.8716,47.8742],[-89.854,47.874],[-89.7935,47.8914],[-89.7356,47.9177],[-89.6972,47.941],[-89.6761,47.9654],[-89.6169,47.9965],[-89.6092,47.98],[-89.5841,47.9814],[-89.581,47.9959],[-89.6251,48.0115],[-89.6889,48.0108],[-89.7014,48.0062],[-89.734,48.0219],[-89.7677,48.0226],[-89.8049,48.0138],[-89.8304,48.0003],[-89.8713,47.986],[-89.8974,47.9876],[-89.9931,48.0284],[-89.9938,48.049],[-90.0236,48.0847],[-90.0916,48.1046],[-90.1163,48.1043],[-90.1327,48.1118],[-90.2247,48.1082],[-90.2893,48.099],[-90.3056,48.1051],[-90.3384,48.0962],[-90.3823,48.0932],[-90.4032,48.1051],[-90.4385,48.0988],[-90.4677,48.1088],[-90.4871,48.0991],[-90.5568,48.096],[-90.5759,48.1209],[-90.6269,48.1119],[-90.6416,48.1035],[-90.7415,48.0946],[-90.7616,48.0983],[-90.7768,48.1241],[-90.7968,48.1395],[-90.8042,48.1778],[-90.8326,48.1738],[-90.8392,48.2395],[-90.8751,48.2378],[-90.8855,48.2458],[-90.9251,48.2299],[-90.977,48.2195],[-91.0316,48.1885],[-91.0827,48.1808],[-91.1149,48.1661],[-91.1377,48.1492],[-91.2144,48.1029],[-91.2501,48.0841],[-91.2902,48.074],[-91.3709,48.0694],[-91.3911,48.0571],[-91.4296,48.0486],[-91.4503,48.0688],[-91.4887,48.0681],[-91.5673,48.0437],[-91.5757,48.0488],[-91.5698,48.0934],[-91.589,48.1022],[-91.6402,48.0969],[-91.6536,48.1096],[-91.6769,48.1073],[-91.712,48.1147],[-91.6982,48.1417],[-91.7085,48.1527],[-91.7053,48.1708],[-91.7149,48.1991],[-91.7981,48.2028],[-91.8158,48.2118],[-91.8644,48.207],[-91.8679,48.2191],[-91.8935,48.2377],[-91.9158,48.2389],[-91.9578,48.233],[-91.9544,48.2517],[-92.0066,48.2654],[-92.013,48.2974],[-92.0001,48.3214],[-92.0309,48.3258],[-92.0466,48.3347],[-92.0552,48.3592],[-92.0835,48.3539],[-92.1436,48.3561],[-92.1622,48.3633],[-92.1784,48.3519],[-92.2068,48.3456],[-92.2623,48.3549],[-92.289,48.343],[-92.3015,48.2886],[-92.2904,48.2655],[-92.2737,48.2568],[-92.2807,48.2443],[-92.3147,48.2405],[-92.3532,48.2303],[-92.3692,48.2203],[-92.4163,48.2955],[-92.432,48.3051],[-92.47,48.3518],[-92.4768,48.3718],[-92.4564,48.4011],[-92.4563,48.4142],[-92.4756,48.4188],[-92.5073,48.4479],[-92.5372,48.4477],[-92.5756,48.4408],[-92.656,48.4367],[-92.688,48.4439],[-92.7126,48.463],[-92.6988,48.4949],[-92.6367,48.4994],[-92.6252,48.5131],[-92.6349,48.5429],[-92.6579,48.5463],[-92.7281,48.5393],[-92.9296,48.6069],[-92.9498,48.6083],[-92.9501,48.6304],[-92.985,48.6237],[-93.0884,48.6276],[-93.1781,48.6233],[-93.2074,48.6425],[-93.2549,48.6428],[-93.3475,48.6266],[-93.3554,48.6116],[-93.395,48.6033],[-93.4086,48.6084],[-93.4385,48.5934],[-93.4643,48.5918],[-93.4567,48.5618],[-93.4675,48.5457],[-93.5002,48.5412],[-93.5472,48.5287],[-93.5944,48.5288],[-93.6106,48.5217],[-93.6265,48.531],[-93.6454,48.5173],[-93.6947,48.5148],[-93.7092,48.518],[-93.7945,48.516],[-93.8183,48.5301],[-93.8053,48.5703],[-93.8227,48.6091],[-93.844,48.6294],[-93.9115,48.6347],[-93.927,48.6312],[-94.0069,48.6432],[-94.0295,48.6409],[-94.0658,48.6461],[-94.0913,48.6437],[-94.1574,48.6458],[-94.2444,48.6535],[-94.2547,48.6639],[-94.2512,48.6835],[-94.2645,48.6989],[-94.3085,48.7102],[-94.3428,48.7034],[-94.3889,48.712],[-94.4162,48.711],[-94.4387,48.6949],[-94.5386,48.7026],[-94.5558,48.7162],[-94.5896,48.7179],[-94.619,48.7374],[-94.6413,48.7413],[-94.652,48.7559],[-94.6944,48.7822],[-94.695,48.8092],[-94.7043,48.8243],[-94.6857,48.8401],[-94.6931,48.8534],[-94.6844,48.884],[-94.7189,49],[-94.7503,49.0993],[-94.7732,49.1207],[-94.7981,49.1979],[-94.7973,49.2143],[-94.8256,49.2944],[-94.8162,49.321],[-94.8543,49.3242],[-94.9575,49.3702],[-94.9889,49.3689],[-95.0144,49.3564],[-95.0584,49.3532],[-95.1265,49.3694],[-95.1533,49.3844],[-95.1533,49.1781],[-95.1537,48.9989],[-95.3687,48.9987],[-95.7664,48.9996],[-96.2088,49],[-96.6692,49],[-96.931,49],[-97.3902,49.0005],[-97.6882,49.0006],[-97.9502,49.0005],[-98.2064,49.0004],[-98.4748,49.0003],[-98.7371,49.0003],[-99.1331,48.9998],[-99.3761,48.9994],[-99.6585,48.9993],[-99.9138,48.9991],[-100.3146,48.9993],[-100.5772,48.9995],[-101.1254,48.9991],[-101.4567,48.9993],[-101.7591,48.9991],[-102.2113,48.9986],[-102.6766,48.9992],[-102.9388,48.9995],[-103.3755,48.999],[-103.5967,48.9992],[-104.0487,48.9999],[-104.0489,48.8474],[-104.0482,48.5991],[-104.0464,48.3742],[-104.0461,48.2568],[-104.0439,47.9715],[-104.0417,47.8623],[-104.0433,47.7471],[-104.0441,47.5236],[-104.0453,47.3435],[-104.0448,47.1274],[-104.0459,46.8308],[-104.0451,46.5098],[-104.0455,46.3669],[-104.0452,46.125],[-104.0468,46.0002],[-104.0438,45.8684],[-104.0426,45.75],[-104.0419,45.5579],[-104.0401,45.3742],[-104.0401,45.2129],[-104.0397,44.9981],[-104.0579,44.9976],[-104.0559,44.875],[-104.0558,44.6334],[-104.0555,44.3177],[-104.0546,44.1269],[-104.0555,43.8459],[-104.055,43.6732],[-104.0547,43.3972],[-104.054,43.2388],[-104.053,43.0006],[-104.0529,42.7546],[-104.0531,42.5],[-104.0526,42.125],[-104.053,41.8855],[-104.053,41.6229],[-104.0524,41.4179],[-104.0535,41.1573],[-104.0533,41.0014],[-103.7505,41.0021],[-103.4975,41.0016],[-103.0778,41.0023],[-102.8658,41.002],[-102.5568,41.0022],[-102.2914,41.0022],[-102.0516,41.0024],[-102.0513,40.7706],[-102.0517,40.5378],[-102.0513,40.3384],[-102.052,40.1484],[-102.0518,40.0031],[-101.841,40.0028],[-101.41,40.0024],[-100.9374,40.0022],[-100.4688,40.0017],[-100.197,40.0015],[-99.8134,40.0014],[-99.4034,40.002],[-99.1698,40.0019],[-98.7104,40.0022],[-98.3919,40.0024],[-98.0997,40.0022],[-97.8384,40.0019],[-97.5114,40.0019],[-97.2565,40.0016],[-97.0497,40.0013],[-96.6224,40.0012],[-96.3046,40.0006],[-95.8825,40.0005],[-95.5582,40.0002],[-95.3083,40],[-95.3025,39.9844],[-95.2699,39.9694],[-95.2414,39.945],[-95.2202,39.9444],[-95.2013,39.9342],[-95.2057,39.9083],[-95.1795,39.9001],[-95.1598,39.907],[-95.1438,39.9019],[-95.1406,39.8817],[-95.1282,39.8742],[-95.0815,39.8617],[-95.0378,39.8655],[-95.0279,39.8715],[-95.0188,39.8974],[-94.9593,39.9017],[-94.9279,39.8861],[-94.9426,39.8566],[-94.9169,39.8361],[-94.8869,39.8331],[-94.8764,39.8069],[-94.893,39.7911],[-94.9256,39.7898],[-94.9343,39.7736],[-94.9168,39.7609],[-94.8992,39.7613],[-94.8814,39.7713],[-94.8608,39.7631],[-94.863,39.743],[-94.8757,39.7305],[-94.9026,39.7242],[-94.9553,39.7457],[-94.9704,39.7321],[-94.969,39.693],[-94.9842,39.6779],[-95.009,39.6758],[-95.0277,39.6655],[-95.0495,39.6379],[-95.0552,39.6217],[-95.0465,39.6016],[-95.0569,39.5806],[-95.0895,39.581],[-95.1075,39.5739],[-95.1136,39.5539],[-95.1029,39.5334],[-95.0499,39.4944],[-95.0471,39.475],[-95.0334,39.4609],[-94.9902,39.4462],[-94.9766,39.4267],[-94.9463,39.4057],[-94.9456,39.3939],[-94.9231,39.3845],[-94.9018,39.3928],[-94.885,39.3898],[-94.8791,39.3757],[-94.9025,39.3604],[-94.9106,39.3483],[-94.9001,39.3002],[-94.8783,39.2811],[-94.8463,39.2685],[-94.8257,39.2417],[-94.8349,39.2238],[-94.8238,39.2099],[-94.7874,39.2077],[-94.7631,39.1799],[-94.7365,39.1692],[-94.7141,39.1704],[-94.6872,39.1835],[-94.6691,39.182],[-94.6614,39.1627],[-94.6398,39.1537],[-94.6087,39.1611],[-94.5884,39.1499],[-94.5899,39.139],[-94.6083,39.118],[-94.6076,38.8276],[-94.6119,38.6205],[-94.6134,38.4034],[-94.6127,38.2177],[-94.6139,38.1498],[-94.6146,37.9444],[-94.6177,37.773],[-94.6168,37.5215],[-94.6183,37.1888],[-94.6179,37.0568],[-94.6183,36.7666],[-94.6179,36.4994],[-94.5862,36.3],[-94.5612,36.1521],[-94.5227,35.9343],[-94.4633,35.5827],[-94.4497,35.4967],[-94.4307,35.3925],[-94.4389,35.1872],[-94.4493,34.8959],[-94.4575,34.635],[-94.4659,34.3521],[-94.4727,34.103],[-94.48,33.8513],[-94.4859,33.6379],[-94.4485,33.6345],[-94.4548,33.6152],[-94.4695,33.6073],[-94.454,33.5922],[-94.43,33.5911],[-94.3895,33.5468],[-94.356,33.5432],[-94.3527,33.5606],[-94.3096,33.5517],[-94.2984,33.5762],[-94.2822,33.573],[-94.2745,33.5587],[-94.2578,33.5825],[-94.2389,33.5767],[-94.2502,33.5568],[-94.2264,33.5529],[-94.2136,33.5631],[-94.211,33.5831],[-94.1965,33.5817],[-94.1839,33.5947],[-94.1623,33.5889],[-94.1485,33.5657],[-94.1199,33.567],[-94.0826,33.5755],[-94.0669,33.5689],[-94.0722,33.5539],[-94.0435,33.5523],[-94.0431,33.3588],[-94.0427,33.1603],[-94.043,33.0192],[-93.7233,33.0195],[-93.4909,33.0184],[-93.2386,33.018],[-93.0707,33.0178],[-92.8441,33.016],[-92.7965,33.0148],[-92.5038,33.0122],[-92.2228,33.0091],[-91.952,33.0074],[-91.8751,33.0077],[-91.6267,33.0066],[-91.5001,33.0068],[-91.1661,33.0041],[-91.1624,33.0197],[-91.1257,33.0383],[-91.1246,33.0641],[-91.1498,33.0816],[-91.1715,33.0878],[-91.2015,33.1096],[-91.2018,33.1251],[-91.1837,33.1417],[-91.1603,33.1412],[-91.1504,33.1307],[-91.1043,33.1316],[-91.0876,33.1452],[-91.0844,33.1809],[-91.0917,33.2208],[-91.0829,33.2216],[-91.0504,33.2512],[-91.0436,33.2746],[-91.067,33.2872],[-91.0861,33.2737],[-91.1001,33.2381],[-91.1106,33.2459],[-91.1255,33.2803],[-91.1416,33.2995],[-91.1422,33.349],[-91.1204,33.3638],[-91.1015,33.3872],[-91.0753,33.406],[-91.0582,33.4287],[-91.0576,33.4453],[-91.0676,33.4551],[-91.0865,33.4516],[-91.0975,33.4317],[-91.0952,33.4175],[-91.1138,33.3931],[-91.1409,33.3805],[-91.1663,33.3797],[-91.1911,33.3896],[-91.209,33.4036],[-91.1994,33.4183],[-91.1763,33.417],[-91.1319,33.4301],[-91.118,33.4538],[-91.1251,33.4728],[-91.164,33.4975],[-91.1772,33.4862],[-91.1694,33.4526],[-91.187,33.4386],[-91.2068,33.4339],[-91.2352,33.439],[-91.2317,33.4571],[-91.2085,33.4686],[-91.1831,33.4986],[-91.1874,33.5106],[-91.2157,33.5294],[-91.2323,33.5528],[-91.2285,33.5647],[-91.2032,33.5708],[-91.176,33.583],[-91.1522,33.5827],[-91.1316,33.5995],[-91.1392,33.6257],[-91.1712,33.6478],[-91.2191,33.6615],[-91.2282,33.6713],[-91.2206,33.6929],[-91.2054,33.7008],[-91.1609,33.7071],[-91.1305,33.6745],[-91.0841,33.6573],[-91.0346,33.673],[-91.0303,33.6816],[-91.0468,33.7063],[-91.0683,33.7165],[-91.0899,33.7074],[-91.1177,33.7053],[-91.1447,33.7268],[-91.1339,33.7828],[-91.1073,33.7706],[-91.0539,33.7787],[-91.0268,33.7636],[-91.0001,33.7692],[-90.9885,33.7845],[-91.0001,33.7996],[-91.0469,33.8154],[-91.0675,33.8404],[-91.0709,33.8667],[-91.0264,33.908],[-91.0108,33.9256],[-91.0201,33.9371],[-91.0467,33.9474],[-91.0785,33.9541],[-91.0879,33.9753],[-91.0712,33.9845],[-91.0484,33.9851],[-91.0189,34.0032],[-91.0001,33.9664],[-90.9769,33.9605],[-90.9616,33.98],[-90.98,34.0001],[-90.988,34.019],[-90.9503,34.0178],[-90.8995,34.0238],[-90.889,34.0298],[-90.8864,34.0586],[-90.8705,34.0827],[-90.8935,34.0978],[-90.9213,34.094],[-90.9463,34.1094],[-90.9593,34.1304],[-90.9543,34.1385],[-90.91,34.1655],[-90.8944,34.161],[-90.8646,34.1406],[-90.8472,34.1369],[-90.8226,34.1441],[-90.8078,34.1615],[-90.8166,34.183],[-90.8556,34.1869],[-90.8879,34.182],[-90.9161,34.1969],[-90.9327,34.2148],[-90.9364,34.2367],[-90.9232,34.2465],[-90.9071,34.2445],[-90.9001,34.2296],[-90.8791,34.2155],[-90.8478,34.2065],[-90.8395,34.2262],[-90.8324,34.2675],[-90.8029,34.2825],[-90.7652,34.2805],[-90.7409,34.3065],[-90.7489,34.3311],[-90.7652,34.3428],[-90.7671,34.3603],[-90.7562,34.3673],[-90.7121,34.3638],[-90.6786,34.3711],[-90.6931,34.3226],[-90.6781,34.313],[-90.6614,34.3154],[-90.6574,34.3273],[-90.6668,34.3558],[-90.6585,34.3757],[-90.6139,34.3907],[-90.5807,34.4106],[-90.5665,34.4295],[-90.574,34.4519],[-90.5837,34.4588],[-90.5899,34.4848],[-90.5811,34.5128],[-90.5457,34.5378],[-90.5459,34.5633],[-90.5701,34.5875],[-90.5872,34.6157],[-90.583,34.6427],[-90.5884,34.671],[-90.5673,34.6934],[-90.5556,34.698],[-90.5389,34.6825],[-90.5526,34.6597],[-90.5476,34.6317],[-90.5172,34.6309],[-90.4797,34.6599],[-90.466,34.6743],[-90.4671,34.6956],[-90.487,34.7015],[-90.5221,34.6966],[-90.5461,34.7021],[-90.5657,34.7211],[-90.5599,34.7408],[-90.5354,34.7501],[-90.5476,34.7846],[-90.5365,34.7986],[-90.5147,34.8018],[-90.5013,34.7699],[-90.5224,34.754],[-90.5202,34.7319],[-90.5017,34.7242],[-90.4699,34.727],[-90.4512,34.7478],[-90.4746,34.7932],[-90.4569,34.8234],[-90.4839,34.8613],[-90.484,34.8772],[-90.4662,34.891],[-90.4366,34.8827],[-90.4301,34.8712],[-90.4288,34.8414],[-90.4149,34.8319],[-90.3404,34.8604],[-90.3113,34.8442],[-90.3037,34.8597],[-90.3135,34.8717],[-90.2501,34.9073],[-90.2445,34.9376],[-90.2501,34.9512],[-90.2964,34.9764],[-90.3093,34.9957],[-90.3099,35.0098],[-90.292,35.0418],[-90.2094,35.0266],[-90.1961,35.0374],[-90.1951,35.0618],[-90.1736,35.1181],[-90.156,35.131],[-90.139,35.134],[-90.1006,35.1167],[-90.0834,35.1217],[-90.0666,35.136],[-90.0694,35.1537],[-90.0929,35.1572],[-90.1174,35.1879],[-90.0965,35.1949],[-90.0788,35.2278],[-90.0995,35.2514],[-90.1165,35.2558],[-90.1404,35.2523],[-90.1589,35.2626],[-90.1689,35.282],[-90.1638,35.2961],[-90.1091,35.305],[-90.1039,35.3324],[-90.1073,35.3431],[-90.075,35.3842],[-90.1169,35.4117],[-90.1435,35.4067],[-90.1435,35.3876],[-90.1355,35.3767],[-90.1663,35.3748],[-90.1793,35.3852],[-90.169,35.4219],[-90.1295,35.4419],[-90.1206,35.4657],[-90.1077,35.4769],[-90.085,35.4788],[-90.0678,35.4662],[-90.0741,35.434],[-90.0566,35.4038],[-90.0316,35.4277],[-90.0188,35.4648],[-90.035,35.4807],[-90.0485,35.5044],[-90.0491,35.5223],[-90.0397,35.548],[-90.0083,35.5601],[-89.9894,35.56],[-89.9585,35.5417],[-89.9577,35.5272],[-89.9193,35.5139],[-89.9039,35.5342],[-89.9132,35.5496],[-89.9414,35.5566],[-89.9568,35.5905],[-89.9454,35.6016],[-89.9107,35.6175],[-89.8944,35.6155],[-89.8566,35.6345],[-89.8535,35.663],[-89.8648,35.6704],[-89.887,35.6536],[-89.9154,35.6528],[-89.931,35.6601],[-89.9558,35.6906],[-89.9589,35.7238],[-89.9503,35.7385],[-89.9055,35.7591],[-89.8729,35.7413],[-89.8463,35.7557],[-89.8145,35.7599],[-89.7993,35.7754],[-89.7963,35.7928],[-89.7818,35.8051],[-89.7579,35.8104],[-89.743,35.8058],[-89.7061,35.8183],[-89.7093,35.8389],[-89.7643,35.8583],[-89.7729,35.8763],[-89.7657,35.8913],[-89.7412,35.9068],[-89.7149,35.9063],[-89.6881,35.897],[-89.666,35.8829],[-89.6448,35.9044],[-89.6562,35.9258],[-89.7146,35.963],[-89.7192,35.986],[-89.6873,36.0341],[-89.68,36.0825],[-89.6666,36.0958],[-89.6283,36.1069],[-89.594,36.1272],[-89.5922,36.1501],[-89.607,36.1712],[-89.6926,36.225],[-89.7053,36.2366],[-89.6952,36.2528],[-89.6781,36.2483],[-89.6525,36.2507],[-89.6112,36.2393],[-89.5873,36.2395],[-89.558,36.251],[-89.5348,36.2526],[-89.5355,36.2705],[-89.5785,36.2883],[-89.6118,36.3091],[-89.6203,36.323],[-89.6107,36.3404],[-89.5816,36.3424],[-89.5604,36.3378],[-89.5318,36.3393],[-89.519,36.3486],[-89.5097,36.3736],[-89.514,36.3849],[-89.5423,36.4201],[-89.5451,36.4349],[-89.5273,36.4516],[-89.5197,36.467],[-89.5603,36.5254],[-89.5712,36.5473],[-89.5668,36.5642],[-89.5526,36.5772],[-89.5276,36.5812],[-89.4848,36.5718],[-89.4733,36.5599],[-89.4655,36.5362],[-89.4687,36.5213],[-89.4943,36.476],[-89.4765,36.4579],[-89.4531,36.4613],[-89.4173,36.499],[-89.3987,36.5423],[-89.3959,36.5597],[-89.3828,36.5836],[-89.3755,36.6157],[-89.3565,36.6284],[-89.3267,36.6322],[-89.2946,36.5937],[-89.2583,36.565],[-89.2273,36.5694],[-89.2136,36.5801],[-89.2026,36.6016],[-89.1977,36.6289],[-89.1591,36.6664],[-89.1695,36.6889],[-89.1995,36.7161],[-89.1978,36.7394],[-89.1845,36.7536],[-89.1669,36.7596],[-89.1261,36.7517],[-89.1169,36.7756],[-89.1289,36.7877],[-89.1559,36.7891],[-89.1774,36.8073],[-89.1734,36.8398],[-89.138,36.8474],[-89.1176,36.8874],[-89.1008,36.944],[-89.0996,36.9645],[-89.1183,36.9819],[-89.1327,36.9822],[-89.17,36.9703],[-89.1921,36.98],[-89.1985,37.0117],[-89.2341,37.0373],[-89.2599,37.0641],[-89.3077,37.0697],[-89.3014,37.045],[-89.2777,37.0361],[-89.2576,37.0155],[-89.2662,36.9963],[-89.2921,36.9922],[-89.3172,37.0128],[-89.3624,37.0302],[-89.3783,37.0396],[-89.3852,37.0578],[-89.3756,37.0859],[-89.3842,37.1033],[-89.4145,37.1251],[-89.4352,37.1521],[-89.4619,37.1995],[-89.4675,37.2219],[-89.4607,37.2506],[-89.4899,37.2513],[-89.5183,37.2855],[-89.5118,37.3108],[-89.4912,37.3314],[-89.4746,37.3382],[-89.436,37.3444],[-89.4282,37.3562],[-89.4225,37.3971],[-89.4341,37.4269],[-89.451,37.4501],[-89.4712,37.4665],[-89.4921,37.494],[-89.5165,37.5356],[-89.5219,37.5607],[-89.5165,37.5845],[-89.4941,37.5801],[-89.4776,37.5859],[-89.4784,37.5989],[-89.5066,37.6251],[-89.5177,37.6412],[-89.512,37.6855],[-89.5257,37.6984],[-89.5833,37.7133],[-89.5966,37.7329],[-89.6173,37.7497],[-89.6495,37.7455],[-89.668,37.7595],[-89.6604,37.7863],[-89.6696,37.7999],[-89.7028,37.8168],[-89.7399,37.8469],[-89.7961,37.8595],[-89.798,37.8797],[-89.8448,37.9056],[-89.863,37.8969],[-89.8815,37.8796],[-89.9018,37.8698],[-89.9232,37.8707],[-89.9525,37.8832],[-89.9742,37.9192],[-89.9597,37.9402],[-89.9474,37.9403],[-89.9254,37.9541],[-89.9421,37.9701],[-89.9789,37.9628],[-90.0084,37.9702],[-90.0324,37.9953],[-90.0573,38.0144],[-90.0938,38.0178],[-90.1262,38.0407],[-90.1308,38.0623],[-90.1585,38.0747],[-90.1722,38.0696],[-90.2187,38.0944],[-90.2431,38.1127],[-90.2749,38.1576],[-90.2908,38.1705],[-90.3224,38.1816],[-90.3539,38.2139],[-90.3639,38.2364],[-90.3739,38.2819],[-90.3725,38.3234],[-90.3682,38.3403],[-90.3497,38.3776],[-90.2953,38.4268],[-90.2852,38.4435],[-90.2792,38.4725],[-90.2603,38.5284],[-90.2242,38.5751],[-90.1918,38.599],[-90.1788,38.6292],[-90.1826,38.6654],[-90.212,38.7118],[-90.2052,38.7322],[-90.1834,38.7469],[-90.1664,38.7727],[-90.1231,38.7981],[-90.1091,38.8375],[-90.1133,38.8493],[-90.1664,38.8764],[-90.1976,38.8877],[-90.223,38.9074],[-90.2503,38.9194],[-90.3095,38.9241],[-90.3831,38.9555],[-90.4064,38.9626],[-90.4508,38.9678],[-90.4721,38.9588],[-90.487,38.926],[-90.5075,38.9028],[-90.544,38.8751],[-90.5834,38.869],[-90.6251,38.8887],[-90.6399,38.9083],[-90.6614,38.925],[-90.676,38.9621],[-90.6782,38.9919],[-90.7116,39.0468],[-90.7125,39.0571],[-90.6828,39.0884],[-90.6861,39.1178],[-90.7092,39.1551],[-90.7171,39.2139],[-90.727,39.2512],[-90.7516,39.2654],[-90.7935,39.3095],[-90.8169,39.3205],[-90.8401,39.3404],[-90.8938,39.3674],[-90.908,39.3808],[-90.934,39.3921],[-90.9483,39.4075],[-90.9938,39.423],[-91.0383,39.4484],[-91.0594,39.4689],[-91.0643,39.4947],[-91.0753,39.5029],[-91.1003,39.5387],[-91.1483,39.5458],[-91.1684,39.5649],[-91.1747,39.5933],[-91.1859,39.6051],[-91.2166,39.6151],[-91.2412,39.6301],[-91.2761,39.6658],[-91.3528,39.7153],[-91.37,39.7325],[-91.3618,39.7851],[-91.378,39.8113],[-91.4295,39.8378],[-91.4479,39.878],[-91.4435,39.8936],[-91.4209,39.9149],[-91.4218,39.933],[-91.4472,39.9595],[-91.4949,40.0365],[-91.4896,40.0574],[-91.5103,40.128],[-91.5082,40.1577],[-91.513,40.1811],[-91.5045,40.1983],[-91.5065,40.2363],[-91.4905,40.2595],[-91.4927,40.2782],[-91.4621,40.3424],[-91.4448,40.3632],[-91.4157,40.3814],[-91.3758,40.3919],[-91.3737,40.4179],[-91.381,40.4354],[-91.3782,40.4564],[-91.3649,40.4842],[-91.3691,40.5125],[-91.3881,40.5331],[-91.4062,40.5427],[-91.4015,40.5595],[-91.3798,40.5745],[-91.3487,40.6097],[-91.3065,40.6262],[-91.2479,40.6384],[-91.187,40.6373],[-91.1239,40.6692],[-91.1119,40.697],[-91.1157,40.7252],[-91.1082,40.7509],[-91.0917,40.7797],[-91.0969,40.8116],[-91.0901,40.8246],[-91.0564,40.8484],[-91.0447,40.8684],[-91.0216,40.884],[-90.9985,40.9081],[-90.9629,40.925],[-90.952,40.9582],[-90.9581,40.9798],[-90.946,41.0065],[-90.9423,41.0347],[-90.9494,41.0727],[-90.9466,41.0966],[-90.9897,41.1557],[-91.0076,41.1662],[-91.0415,41.1661],[-91.0659,41.1995],[-91.1137,41.2414],[-91.1142,41.25],[-91.092,41.2869],[-91.0775,41.3018],[-91.0651,41.3691],[-91.0516,41.3853],[-91.0478,41.4109],[-91.0278,41.4236],[-90.9752,41.434],[-90.93,41.4214],[-90.9005,41.4312],[-90.8576,41.4528],[-90.8374,41.4556],[-90.7375,41.4501],[-90.6558,41.4621],[-90.6059,41.4942],[-90.5952,41.511],[-90.5409,41.5261],[-90.5006,41.518],[-90.4614,41.5235],[-90.4128,41.5653],[-90.3432,41.5878],[-90.3395,41.5986],[-90.3435,41.647],[-90.3345,41.6796],[-90.3147,41.6948],[-90.3152,41.7343],[-90.3028,41.75],[-90.2786,41.7674],[-90.2223,41.7931],[-90.188,41.8032],[-90.1806,41.812],[-90.184,41.8331],[-90.17,41.8764],[-90.1536,41.9066],[-90.1516,41.931],[-90.1639,41.9449],[-90.1621,41.9613],[-90.1462,41.9813],[-90.1401,42.0033],[-90.1516,42.0306],[-90.1645,42.0421],[-90.1684,42.0758],[-90.1629,42.1167],[-90.171,42.1252],[-90.2014,42.1309],[-90.2095,42.1527],[-90.2501,42.1715],[-90.2822,42.1789],[-90.3283,42.2011],[-90.357,42.2055],[-90.3911,42.2255],[-90.4193,42.2545],[-90.4309,42.2782],[-90.4159,42.3227],[-90.4439,42.3552],[-90.4773,42.3838],[-90.5001,42.3955],[-90.555,42.4161],[-90.5707,42.4417],[-90.6243,42.4589],[-90.654,42.4785],[-90.6559,42.4917],[-90.6367,42.5187],[-90.6456,42.5441],[-90.6615,42.568],[-90.687,42.5918],[-90.7027,42.6308],[-90.7202,42.6408],[-90.7695,42.6515],[-90.8525,42.6648],[-90.9003,42.6763],[-90.9212,42.6854],[-90.9524,42.6868],[-90.9806,42.6989],[-90.9955,42.7137],[-91.0513,42.737],[-91.0655,42.7571],[-91.0781,42.8065],[-91.0787,42.8277],[-91.0951,42.835],[-91.0914,42.8499],[-91.1006,42.8831],[-91.1462,42.9099],[-91.1498,42.9403],[-91.1466,42.9634],[-91.1747,43.0387],[-91.1795,43.0674],[-91.1752,43.1038],[-91.1779,43.1289],[-91.1433,43.1564],[-91.1191,43.2004],[-91.0793,43.2283],[-91.0579,43.254],[-91.0857,43.2919],[-91.1072,43.3137],[-91.1291,43.3264],[-91.1811,43.3459],[-91.2019,43.3491],[-91.2148,43.3659],[-91.1977,43.3953],[-91.2032,43.4198],[-91.2288,43.4455],[-91.2322,43.46],[-91.2153,43.4848],[-91.2174,43.5125],[-91.2329,43.524],[-91.2438,43.5491],[-91.2328,43.5648],[-91.2319,43.5818],[-91.2688,43.6154],[-91.2639,43.6477],[-91.2718,43.6549],[-91.2685,43.7098],[-91.2549,43.7335],[-91.2441,43.7747],[-91.2624,43.7922],[-91.2841,43.8471],[-91.311,43.8674],[-91.3206,43.8885],[-91.3381,43.8977],[-91.3574,43.9172],[-91.3647,43.9349],[-91.3858,43.9542],[-91.406,43.9639],[-91.4405,44.0015],[-91.4809,44.0082],[-91.5071,44.019],[-91.5826,44.0274],[-91.6073,44.0474],[-91.6447,44.0628],[-91.6815,44.0974],[-91.7075,44.1039],[-91.7106,44.1205],[-91.7307,44.1329],[-91.7518,44.1348],[-91.7745,44.1475],[-91.8173,44.1642],[-91.8292,44.1784],[-91.8752,44.2006],[-91.893,44.2352],[-91.8879,44.2464],[-91.8957,44.273],[-91.9203,44.2865],[-91.9135,44.3114],[-91.9256,44.3336],[-91.9595,44.3594],[-92.0382,44.3887],[-92.0536,44.4014],[-92.1111,44.414],[-92.1245,44.4221],[-92.2152,44.4385],[-92.2768,44.4737],[-92.3022,44.5003],[-92.3025,44.5165],[-92.3141,44.538],[-92.3476,44.5572],[-92.4151,44.5604],[-92.4311,44.5658],[-92.4551,44.5619],[-92.4938,44.5661],[-92.5184,44.5752],[-92.5406,44.5673],[-92.5694,44.6035],[-92.6215,44.615],[-92.6217,44.639],[-92.6321,44.649],[-92.6647,44.6634],[-92.701,44.6938],[-92.7373,44.7172],[-92.7879,44.7374],[-92.808,44.7515],[-92.8053,44.7684],[-92.7888,44.7878],[-92.7653,44.8411],[-92.7641,44.8759],[-92.7749,44.8928],[-92.7596,44.9079],[-92.7507,44.9373],[-92.7546,44.9558],[-92.7695,44.9722],[-92.7712,45.0014],[-92.7646,45.0288],[-92.7971,45.0507],[-92.8029,45.0654],[-92.7915,45.0797],[-92.7449,45.1083],[-92.7568,45.1519],[-92.7524,45.1739],[-92.7668,45.1855],[-92.7639,45.2049],[-92.7517,45.2187],[-92.7603,45.2496],[-92.7517,45.2617],[-92.7587,45.291],[-92.7371,45.3005],[-92.71,45.3213],[-92.699,45.3364],[-92.7041,45.3537],[-92.6792,45.3727],[-92.6641,45.3933],[-92.6504,45.3985],[-92.6466,45.4416],[-92.6527,45.4545],[-92.6802,45.4644],[-92.7022,45.4931],[-92.7267,45.5145],[-92.7261,45.5411],[-92.7702,45.5669],[-92.8233,45.5609],[-92.8711,45.5676],[-92.8838,45.5755],[-92.8825,45.6102],[-92.8879,45.639],[-92.8789,45.6656],[-92.8692,45.7176],[-92.8098,45.7442],[-92.7846,45.7642],[-92.7796,45.7826],[-92.758,45.8112],[-92.7657,45.8273],[-92.7393,45.8476],[-92.734,45.8681],[-92.7077,45.8949],[-92.6401,45.9325],[-92.5519,45.9517],[-92.5498,45.968],[-92.522,45.9842],[-92.491,45.9756],[-92.4645,45.9763],[-92.4423,46.0162],[-92.4207,46.0268],[-92.3621,46.0131],[-92.3438,46.0285],[-92.3435,46.043],[-92.3279,46.0662],[-92.294,46.0744],[-92.2929,46.4172],[-92.2916,46.6249],[-92.2922,46.6661],[-92.266,46.651],[-92.2124,46.6499],[-92.2055,46.6647],[-92.1765,46.6902],[-92.2057,46.7025],[-92.1891,46.7175],[-92.1463,46.7159],[-92.1379,46.7395],[-92.1166,46.7486],[-92.0895,46.7492],[-92.034,46.7089],[-92.0153,46.7065]]]}},{"type":"Feature","properties":{"NAME":"FIFTH CIRCUIT","CHIEF_JUDGE":"","ACTIVE_JUDGES":17,"SENIOR_ELIGIBLE_JUDGES":7,"VACANCIES":0,"DEMJUDGES":5,"GOPJUDGES":12,"PARTISANSHIP":-1,"DEMRETIRING":0,"GOPRETIRING":0},"geometry":{"type":"MultiPolygon","coordinates":[[[[-97.2791,26.5627],[-97.2882,26.5492],[-97.2657,26.5021],[-97.2431,26.432],[-97.243,26.4088],[-97.2363,26.4037],[-97.2195,26.3696],[-97.2255,26.3629],[-97.2123,26.3365],[-97.1973,26.278],[-97.1939,26.2438],[-97.1889,26.2326],[-97.179,26.1808],[-97.1821,26.147],[-97.1745,26.1292],[-97.1669,26.0928],[-97.161,26.0911],[-97.179,26.2193],[-97.1929,26.29],[-97.2179,26.3873],[-97.2456,26.4781],[-97.2662,26.5404],[-97.2699,26.5621],[-97.2791,26.5627]]],[[[-97.1818,27.652],[-97.1541,27.6969],[-97.1083,27.7631],[-97.0557,27.8252],[-97.0568,27.842],[-97.1277,27.8281],[-97.1197,27.8102],[-97.1253,27.7792],[-97.1456,27.7724],[-97.1841,27.6957],[-97.1968,27.6844],[-97.1971,27.6557],[-97.2035,27.6424],[-97.2207,27.6334],[-97.2401,27.6333],[-97.2656,27.5803],[-97.3043,27.5073],[-97.2978,27.4924],[-97.3075,27.4811],[-97.3305,27.4345],[-97.3363,27.4028],[-97.3618,27.3591],[-97.3663,27.3306],[-97.356,27.3087],[-97.371,27.2988],[-97.3612,27.2726],[-97.3704,27.2498],[-97.3825,27.2462],[-97.3793,27.2096],[-97.3873,27.1746],[-97.39,27.1295],[-97.3945,27.124],[-97.3859,27.0847],[-97.3906,27.0456],[-97.3895,27.0172],[-97.3935,26.9713],[-97.3869,26.9572],[-97.3941,26.9154],[-97.3914,26.8839],[-97.3984,26.8679],[-97.3888,26.8393],[-97.3909,26.8164],[-97.3814,26.7997],[-97.375,26.7735],[-97.3359,26.6687],[-97.329,26.6468],[-97.3121,26.6162],[-97.2946,26.5757],[-97.2848,26.5852],[-97.3122,26.6663],[-97.3376,26.7533],[-97.3636,26.866],[-97.3761,26.9604],[-97.3789,27.0101],[-97.3769,27.1026],[-97.3706,27.1656],[-97.3572,27.2407],[-97.3383,27.311],[-97.3189,27.3698],[-97.2751,27.4754],[-97.1992,27.6223],[-97.1818,27.652]]],[[[-97.05,27.8765],[-97.0536,27.9023],[-97.0661,27.9062],[-97.0808,27.894],[-97.09,27.8755],[-97.1014,27.8832],[-97.1269,27.8379],[-97.065,27.8447],[-97.05,27.8765]]],[[[-94.7497,29.3348],[-94.7666,29.3373],[-94.7747,29.321],[-94.7981,29.3085],[-94.8208,29.3096],[-94.8377,29.2998],[-94.8744,29.2899],[-94.8912,29.2705],[-94.921,29.2534],[-94.9453,29.2215],[-94.9623,29.2192],[-94.9895,29.1906],[-95.019,29.1757],[-95.0282,29.1566],[-95.0398,29.1543],[-95.0638,29.137],[-95.097,29.1189],[-95.088,29.1079],[-95.0288,29.1469],[-94.8918,29.229],[-94.7948,29.2844],[-94.7674,29.3056],[-94.7272,29.3314],[-94.7497,29.3348]]],[[[-94.7826,29.3344],[-94.8105,29.3521],[-94.8216,29.3453],[-94.822,29.3133],[-94.7984,29.3124],[-94.7818,29.324],[-94.7826,29.3344]]],[[[-89.5655,29.5459],[-89.5933,29.5468],[-89.6264,29.5295],[-89.5997,29.5076],[-89.5904,29.5239],[-89.5655,29.5459]]],[[[-91.9005,29.6345],[-91.9261,29.6289],[-91.9399,29.6103],[-91.965,29.608],[-91.9827,29.6142],[-92.0178,29.591],[-92.027,29.5688],[-91.9931,29.551],[-91.9535,29.5381],[-91.9153,29.5185],[-91.8782,29.5036],[-91.8625,29.5033],[-91.8465,29.4793],[-91.8216,29.4739],[-91.8036,29.4879],[-91.7862,29.4831],[-91.7683,29.4904],[-91.7742,29.505],[-91.7654,29.5248],[-91.7132,29.5555],[-91.7368,29.5623],[-91.7406,29.5742],[-91.7695,29.5744],[-91.7847,29.5941],[-91.8241,29.6029],[-91.8664,29.6297],[-91.8915,29.6282],[-91.9005,29.6345]]],[[[-94.9433,29.6138],[-94.9489,29.6336],[-94.9414,29.6534],[-94.9532,29.6775],[-94.9683,29.6671],[-94.9534,29.6187],[-94.9433,29.6138]]],[[[-88.8679,29.7623],[-88.8327,29.8241],[-88.8182,29.8891],[-88.817,29.9343],[-88.8242,29.9705],[-88.8355,29.9741],[-88.8374,29.9449],[-88.8283,29.9207],[-88.8312,29.8788],[-88.8433,29.8638],[-88.8363,29.8552],[-88.843,29.826],[-88.8638,29.7936],[-88.8679,29.7623]]],[[[-89.2431,30.1007],[-89.2002,30.1443],[-89.303,30.0916],[-89.3188,30.0651],[-89.3422,30.0592],[-89.3085,30.0398],[-89.2755,30.0371],[-89.2534,30.0605],[-89.2389,30.0529],[-89.238,30.0335],[-89.2131,30.0274],[-89.203,30.0346],[-89.184,30.0328],[-89.1734,30.0434],[-89.1768,30.0608],[-89.2208,30.0715],[-89.2291,30.0989],[-89.2431,30.1007]]],[[[-89.0686,30.2359],[-89.0775,30.2304],[-89.1213,30.2317],[-89.1104,30.215],[-89.0884,30.2147],[-89.0686,30.2359]]],[[[-94.4859,33.6379],[-94.4915,33.6251],[-94.5274,33.6158],[-94.5389,33.638],[-94.5526,33.6279],[-94.5659,33.639],[-94.5454,33.6462],[-94.5439,33.6571],[-94.5783,33.6575],[-94.5803,33.6784],[-94.603,33.6631],[-94.6282,33.6811],[-94.6373,33.6644],[-94.6659,33.6624],[-94.6664,33.6949],[-94.6848,33.6844],[-94.7055,33.688],[-94.7017,33.7034],[-94.7279,33.7156],[-94.7518,33.7343],[-94.7725,33.7262],[-94.8001,33.7334],[-94.8309,33.7581],[-94.8314,33.7401],[-94.8493,33.7396],[-94.8771,33.7522],[-94.8749,33.7674],[-94.896,33.7685],[-94.922,33.7916],[-94.9252,33.8087],[-94.94,33.8057],[-94.9535,33.8165],[-94.9438,33.8293],[-94.9644,33.837],[-94.9689,33.8609],[-94.9927,33.8525],[-95.0466,33.8626],[-95.0601,33.9019],[-95.0788,33.903],[-95.0806,33.8823],[-95.0989,33.8909],[-95.0891,33.9142],[-95.1171,33.9036],[-95.1316,33.916],[-95.1212,33.9313],[-95.1583,33.9375],[-95.1712,33.9465],[-95.2141,33.9621],[-95.2502,33.9385],[-95.2527,33.8942],[-95.2659,33.8954],[-95.2788,33.8779],[-95.3058,33.8748],[-95.3299,33.8855],[-95.3349,33.8768],[-95.3625,33.8666],[-95.4021,33.8642],[-95.4273,33.8705],[-95.4409,33.8664],[-95.4726,33.8803],[-95.5056,33.8772],[-95.5107,33.8979],[-95.5333,33.8812],[-95.5509,33.893],[-95.5545,33.9281],[-95.5967,33.9421],[-95.6164,33.9274],[-95.6268,33.9079],[-95.6601,33.9101],[-95.6848,33.8902],[-95.7105,33.885],[-95.733,33.8959],[-95.7564,33.8926],[-95.7626,33.8744],[-95.7517,33.8611],[-95.7706,33.8453],[-95.8008,33.8612],[-95.8217,33.8566],[-95.8283,33.8361],[-95.8453,33.8391],[-95.9258,33.885],[-95.9413,33.8616],[-95.9984,33.8511],[-96.0196,33.8406],[-96.0488,33.8365],[-96.1001,33.848],[-96.0994,33.8305],[-96.123,33.84],[-96.1481,33.8378],[-96.1488,33.8192],[-96.1648,33.8178],[-96.1628,33.7888],[-96.1781,33.7605],[-96.1999,33.7521],[-96.229,33.748],[-96.2636,33.7675],[-96.2883,33.7712],[-96.2965,33.7658],[-96.3074,33.735],[-96.31,33.7105],[-96.3211,33.6951],[-96.338,33.6887],[-96.3622,33.6918],[-96.3696,33.7168],[-96.4035,33.7463],[-96.4227,33.776],[-96.4481,33.781],[-96.4592,33.7752],[-96.5003,33.7726],[-96.5159,33.7878],[-96.5267,33.8209],[-96.5729,33.8191],[-96.6232,33.8415],[-96.629,33.8524],[-96.5974,33.8751],[-96.593,33.8956],[-96.6283,33.8945],[-96.6599,33.9167],[-96.6735,33.9123],[-96.681,33.8962],[-96.6822,33.8739],[-96.6907,33.85],[-96.7124,33.8316],[-96.7616,33.8244],[-96.7694,33.8275],[-96.7796,33.8579],[-96.7943,33.8689],[-96.8322,33.8748],[-96.8416,33.8529],[-96.8664,33.8532],[-96.883,33.868],[-96.8957,33.8964],[-96.8994,33.9337],[-96.9053,33.9472],[-96.9221,33.9596],[-96.9725,33.9358],[-96.995,33.932],[-96.9849,33.9049],[-96.9856,33.8865],[-97.0239,33.8442],[-97.0461,33.8396],[-97.0681,33.8605],[-97.0873,33.8535],[-97.0835,33.8405],[-97.0584,33.8368],[-97.0482,33.8175],[-97.0786,33.8128],[-97.0948,33.7985],[-97.0852,33.7655],[-97.0862,33.7439],[-97.0972,33.7278],[-97.1261,33.7169],[-97.1494,33.722],[-97.1722,33.7376],[-97.1908,33.7818],[-97.2057,33.8029],[-97.2035,33.8218],[-97.1814,33.8314],[-97.1666,33.8473],[-97.1796,33.8923],[-97.2109,33.9161],[-97.2265,33.9146],[-97.2462,33.9003],[-97.2492,33.8751],[-97.2703,33.8582],[-97.3056,33.8864],[-97.3144,33.867],[-97.3287,33.8554],[-97.3392,33.8621],[-97.3585,33.83],[-97.3729,33.8195],[-97.4265,33.8194],[-97.4531,33.8285],[-97.4629,33.8418],[-97.4515,33.8709],[-97.451,33.8914],[-97.4604,33.904],[-97.501,33.9196],[-97.5515,33.898],[-97.5811,33.8997],[-97.597,33.9202],[-97.5888,33.9519],[-97.6338,33.9813],[-97.6718,33.9914],[-97.6979,33.9773],[-97.7168,33.9477],[-97.7323,33.9367],[-97.7628,33.9344],[-97.7594,33.9188],[-97.802,33.8943],[-97.8026,33.88],[-97.8343,33.8577],[-97.8658,33.8494],[-97.8967,33.858],[-97.9368,33.8792],[-97.9678,33.8824],[-97.9845,33.9007],[-97.9572,33.9145],[-97.9604,33.9519],[-97.946,33.9884],[-97.9717,34.0054],[-98.0195,33.9938],[-98.0411,33.9935],[-98.0828,34.0024],[-98.0984,34.0239],[-98.0838,34.0417],[-98.1146,34.0623],[-98.1194,34.0845],[-98.1043,34.0982],[-98.0907,34.122],[-98.1032,34.1352],[-98.1095,34.1541],[-98.1368,34.145],[-98.1544,34.1227],[-98.1691,34.1142],[-98.2001,34.1168],[-98.231,34.134],[-98.2565,34.1295],[-98.3002,34.1346],[-98.3255,34.151],[-98.364,34.1571],[-98.3817,34.1492],[-98.395,34.1313],[-98.3984,34.1046],[-98.4114,34.1003],[-98.4204,34.0823],[-98.4428,34.0831],[-98.4863,34.0626],[-98.5042,34.0724],[-98.5363,34.1073],[-98.5606,34.1236],[-98.5602,34.1332],[-98.5771,34.149],[-98.5998,34.1606],[-98.6217,34.1572],[-98.6481,34.1644],[-98.6906,34.133],[-98.7343,34.1358],[-98.757,34.1246],[-98.7656,34.1364],[-98.8044,34.1539],[-98.8311,34.1622],[-98.8367,34.1565],[-98.8716,34.165],[-98.9207,34.1834],[-98.9504,34.2117],[-98.9741,34.2036],[-98.9814,34.2176],[-99.0008,34.2176],[-99.0131,34.2032],[-99.0363,34.2069],[-99.0435,34.1982],[-99.0795,34.2115],[-99.1192,34.2018],[-99.1479,34.2094],[-99.1895,34.2143],[-99.1972,34.2443],[-99.1963,34.2815],[-99.2078,34.2838],[-99.2135,34.3107],[-99.2066,34.317],[-99.2101,34.3377],[-99.2343,34.3535],[-99.2376,34.3667],[-99.2947,34.4154],[-99.3196,34.4089],[-99.3287,34.4224],[-99.3567,34.4421],[-99.3547,34.4519],[-99.381,34.4569],[-99.395,34.4421],[-99.3971,34.4194],[-99.3877,34.412],[-99.3968,34.3794],[-99.4072,34.3726],[-99.43,34.381],[-99.4383,34.3712],[-99.4664,34.3959],[-99.4872,34.398],[-99.4999,34.4096],[-99.5622,34.4173],[-99.5801,34.4167],[-99.5845,34.3912],[-99.6,34.3747],[-99.6242,34.3736],[-99.6482,34.3823],[-99.6627,34.3737],[-99.695,34.3783],[-99.7127,34.3909],[-99.7164,34.4028],[-99.7543,34.4213],[-99.7656,34.4375],[-99.7937,34.4539],[-99.8143,34.4762],[-99.8223,34.4981],[-99.8531,34.5116],[-99.8872,34.5491],[-99.9218,34.5703],[-99.9457,34.5793],[-99.9716,34.5622],[-100.0004,34.5605],[-100.0004,34.7464],[-100.0004,35.0304],[-100.0004,35.1827],[-100.0004,35.4285],[-100.0004,35.7462],[-100.0004,36.0426],[-100.0004,36.2735],[-100.0004,36.4997],[-100.3345,36.4994],[-100.5222,36.4993],[-100.8508,36.4997],[-101.0852,36.4993],[-101.3669,36.4994],[-101.583,36.4995],[-101.8266,36.4997],[-101.9303,36.5005],[-102.1625,36.5003],[-102.5707,36.5004],[-102.7922,36.5004],[-103.0419,36.5004],[-103.0418,36.3183],[-103.0408,36.0552],[-103.0413,35.8377],[-103.0416,35.6225],[-103.0421,35.3948],[-103.0424,35.1832],[-103.0426,34.9541],[-103.0428,34.6712],[-103.044,34.3796],[-103.0436,34.1709],[-103.0436,34.0036],[-103.0505,33.6724],[-103.0567,33.3884],[-103.0601,33.2192],[-103.0646,32.9999],[-103.0649,32.6827],[-103.0646,32.3347],[-103.0644,32.0005],[-103.3265,32.0004],[-103.7229,32.0002],[-104.0245,32],[-104.3296,32.0001],[-104.5318,32.0001],[-104.9184,32.0005],[-105.154,32.0005],[-105.4733,32.0007],[-105.7314,32.0016],[-106.1255,32.0025],[-106.2007,32.0018],[-106.6185,32.0005],[-106.6395,31.9804],[-106.6243,31.9611],[-106.6239,31.9253],[-106.6453,31.8949],[-106.6292,31.8837],[-106.6359,31.8662],[-106.602,31.8396],[-106.6053,31.8279],[-106.5773,31.8104],[-106.5472,31.8073],[-106.5283,31.7832],[-106.4896,31.7484],[-106.4725,31.7509],[-106.4511,31.7643],[-106.4179,31.752],[-106.381,31.7321],[-106.3738,31.7148],[-106.3495,31.6967],[-106.3347,31.6641],[-106.3081,31.6297],[-106.2887,31.5872],[-106.2812,31.5627],[-106.2451,31.5388],[-106.2375,31.5145],[-106.2254,31.5019],[-106.2196,31.4816],[-106.2033,31.464],[-106.1803,31.4571],[-106.1593,31.4392],[-106.1328,31.4254],[-106.1122,31.4236],[-106.0745,31.3976],[-106.0049,31.3925],[-105.9701,31.3659],[-105.9538,31.3648],[-105.9478,31.3399],[-105.9326,31.3131],[-105.9088,31.3128],[-105.8967,31.2931],[-105.8692,31.2888],[-105.8357,31.2468],[-105.7944,31.2022],[-105.7847,31.199],[-105.7733,31.1669],[-105.7416,31.1644],[-105.7095,31.1364],[-105.6488,31.1159],[-105.6426,31.0994],[-105.6274,31.0986],[-105.6061,31.085],[-105.5849,31.0563],[-105.5814,31.0269],[-105.5562,30.9889],[-105.5323,30.9843],[-105.5142,30.9661],[-105.5001,30.966],[-105.488,30.9433],[-105.4516,30.9248],[-105.4422,30.9093],[-105.4138,30.8996],[-105.4042,30.8797],[-105.394,30.8764],[-105.3954,30.8491],[-105.3777,30.849],[-105.3393,30.8405],[-105.3201,30.8275],[-105.317,30.811],[-105.2922,30.8263],[-105.2685,30.8094],[-105.258,30.7947],[-105.2177,30.806],[-105.1958,30.7922],[-105.1768,30.7682],[-105.1561,30.7696],[-105.162,30.7535],[-105.12,30.75],[-105.0982,30.7165],[-105.0692,30.7022],[-105.0485,30.6805],[-105.0074,30.6865],[-105.0012,30.6726],[-104.9863,30.6629],[-104.984,30.6352],[-104.9721,30.6103],[-104.9299,30.5992],[-104.9096,30.5852],[-104.899,30.5704],[-104.8719,30.5109],[-104.8738,30.4952],[-104.8661,30.4648],[-104.8676,30.4439],[-104.8574,30.409],[-104.8595,30.3904],[-104.8375,30.3739],[-104.8107,30.3628],[-104.8119,30.3336],[-104.7973,30.3303],[-104.7613,30.3006],[-104.7606,30.2723],[-104.7338,30.2612],[-104.7132,30.238],[-104.7114,30.2243],[-104.6867,30.1786],[-104.6964,30.1338],[-104.6944,30.1019],[-104.6858,30.0823],[-104.7069,30.0507],[-104.6958,30.0373],[-104.704,30.0242],[-104.6827,29.977],[-104.6827,29.9357],[-104.6741,29.9105],[-104.6587,29.8916],[-104.6333,29.8705],[-104.6301,29.8533],[-104.6138,29.846],[-104.6083,29.8282],[-104.591,29.7984],[-104.5657,29.7705],[-104.5701,29.7529],[-104.5498,29.7406],[-104.5395,29.6786],[-104.5259,29.668],[-104.5157,29.6406],[-104.4979,29.6397],[-104.476,29.628],[-104.4665,29.6093],[-104.4523,29.6037],[-104.3996,29.5723],[-104.3946,29.5561],[-104.3381,29.52],[-104.2968,29.5241],[-104.2618,29.5135],[-104.2335,29.4927],[-104.2311,29.4791],[-104.209,29.481],[-104.2112,29.4498],[-104.1938,29.4413],[-104.1684,29.3965],[-104.1349,29.3842],[-104.1213,29.3714],[-104.1096,29.3741],[-104.0822,29.3459],[-104.0194,29.3119],[-103.9752,29.296],[-103.9614,29.2987],[-103.9189,29.285],[-103.8993,29.2874],[-103.8633,29.2792],[-103.8383,29.2783],[-103.8052,29.2605],[-103.7841,29.2655],[-103.7628,29.2328],[-103.7438,29.2219],[-103.7422,29.2086],[-103.7192,29.1814],[-103.7043,29.1847],[-103.6398,29.1612],[-103.6105,29.1658],[-103.5924,29.1503],[-103.5505,29.1563],[-103.524,29.1364],[-103.5246,29.121],[-103.5002,29.1159],[-103.4844,29.0945],[-103.4702,29.0855],[-103.4736,29.0711],[-103.4499,29.0654],[-103.4154,29.0379],[-103.3881,29.0244],[-103.3603,29.0185],[-103.3449,29.0452],[-103.3312,29.0163],[-103.308,29.0189],[-103.303,29.0077],[-103.2663,28.996],[-103.2496,28.9805],[-103.2256,28.99],[-103.1708,28.9806],[-103.1546,28.9716],[-103.1349,28.9835],[-103.1153,28.9853],[-103.1172,29.0002],[-103.0979,29.027],[-103.1063,29.0376],[-103.1001,29.0607],[-103.0769,29.0761],[-103.0801,29.0869],[-103.0547,29.1006],[-103.036,29.0987],[-103.0084,29.1483],[-102.9957,29.1612],[-102.998,29.1757],[-102.9732,29.1857],[-102.9557,29.1782],[-102.9438,29.1912],[-102.9191,29.1982],[-102.9125,29.2063],[-102.878,29.2147],[-102.8685,29.2229],[-102.8714,29.2416],[-102.8879,29.2456],[-102.9064,29.2621],[-102.9031,29.2768],[-102.8883,29.292],[-102.893,29.3092],[-102.8845,29.3207],[-102.878,29.3545],[-102.8606,29.3515],[-102.8394,29.3589],[-102.8256,29.397],[-102.831,29.4443],[-102.8073,29.494],[-102.8087,29.5223],[-102.7761,29.5472],[-102.7773,29.5615],[-102.7622,29.5795],[-102.7683,29.5947],[-102.74,29.599],[-102.7422,29.6325],[-102.7129,29.658],[-102.7041,29.6713],[-102.6914,29.7214],[-102.674,29.7446],[-102.6613,29.7361],[-102.6225,29.7366],[-102.6129,29.7482],[-102.5885,29.7493],[-102.5721,29.7567],[-102.5483,29.7446],[-102.5134,29.7658],[-102.4873,29.7866],[-102.4664,29.7837],[-102.4583,29.7748],[-102.4351,29.7768],[-102.4098,29.7647],[-102.3869,29.7657],[-102.3897,29.7826],[-102.3773,29.8002],[-102.3625,29.8332],[-102.3646,29.8454],[-102.341,29.8693],[-102.3253,29.8629],[-102.3206,29.879],[-102.3014,29.8777],[-102.2635,29.8542],[-102.2235,29.8405],[-102.1917,29.8466],[-102.1788,29.8402],[-102.1596,29.8144],[-102.1423,29.8029],[-102.1232,29.8023],[-102.1088,29.7921],[-102.0844,29.795],[-102.0737,29.7869],[-102.0417,29.7897],[-102.0411,29.7996],[-102.0149,29.7975],[-101.9812,29.8154],[-101.9673,29.8131],[-101.9614,29.798],[-101.9467,29.8013],[-101.8829,29.7935],[-101.851,29.8079],[-101.8391,29.7947],[-101.8251,29.8083],[-101.8036,29.8035],[-101.811,29.7839],[-101.7881,29.7795],[-101.7711,29.7875],[-101.7543,29.7777],[-101.7121,29.7628],[-101.69,29.7712],[-101.6814,29.7608],[-101.6625,29.7713],[-101.6464,29.7543],[-101.6303,29.7687],[-101.608,29.7737],[-101.577,29.7691],[-101.5678,29.7987],[-101.5419,29.8108],[-101.535,29.7977],[-101.5392,29.7618],[-101.5032,29.7646],[-101.4752,29.7859],[-101.4616,29.7898],[-101.4504,29.7533],[-101.4356,29.7525],[-101.4098,29.7706],[-101.4002,29.7601],[-101.4156,29.7465],[-101.4006,29.7381],[-101.3984,29.717],[-101.3754,29.7018],[-101.3731,29.6802],[-101.3571,29.6493],[-101.3455,29.6622],[-101.315,29.6591],[-101.3001,29.6405],[-101.3131,29.611],[-101.3118,29.5855],[-101.291,29.5715],[-101.2779,29.5909],[-101.2805,29.6148],[-101.2692,29.63],[-101.2504,29.6242],[-101.2523,29.6042],[-101.2412,29.5654],[-101.2612,29.5368],[-101.2549,29.5203],[-101.2353,29.5249],[-101.1927,29.5203],[-101.1738,29.5146],[-101.1717,29.504],[-101.1519,29.477],[-101.13,29.4784],[-101.1153,29.4685],[-101.0872,29.4694],[-101.0602,29.4587],[-101.057,29.4408],[-101.0434,29.4299],[-101.0366,29.4061],[-101.0167,29.3873],[-101.0042,29.3648],[-100.949,29.3473],[-100.9406,29.3331],[-100.9183,29.3242],[-100.9048,29.312],[-100.8869,29.3079],[-100.8781,29.2809],[-100.8565,29.2757],[-100.834,29.2614],[-100.7977,29.2469],[-100.7745,29.2097],[-100.766,29.1859],[-100.7759,29.1733],[-100.7566,29.156],[-100.7397,29.1505],[-100.7378,29.1391],[-100.71,29.1197],[-100.6923,29.1152],[-100.6747,29.0998],[-100.664,29.0742],[-100.6632,29.048],[-100.6459,28.9864],[-100.6507,28.942],[-100.6392,28.9163],[-100.6136,28.9015],[-100.5905,28.8724],[-100.591,28.8631],[-100.573,28.8485],[-100.5747,28.8288],[-100.5473,28.8258],[-100.5358,28.8059],[-100.5365,28.7776],[-100.5076,28.7406],[-100.5101,28.6907],[-100.4981,28.6596],[-100.4796,28.6552],[-100.4629,28.6414],[-100.4458,28.6406],[-100.4473,28.6093],[-100.4319,28.5975],[-100.4004,28.5869],[-100.3973,28.5756],[-100.4114,28.5519],[-100.4051,28.5358],[-100.387,28.514],[-100.3349,28.5003],[-100.3371,28.4917],[-100.3676,28.4748],[-100.3415,28.4496],[-100.3362,28.4302],[-100.3496,28.4026],[-100.3419,28.385],[-100.3173,28.3574],[-100.3142,28.3459],[-100.2886,28.317],[-100.2943,28.2844],[-100.2578,28.2403],[-100.2462,28.2341],[-100.2236,28.2352],[-100.2176,28.2269],[-100.2121,28.1965],[-100.1744,28.1795],[-100.158,28.1675],[-100.1411,28.1682],[-100.1196,28.1556],[-100.0834,28.144],[-100.0778,28.1287],[-100.0556,28.1011],[-100.0531,28.0847],[-100.0179,28.0648],[-100.0075,28.0209],[-99.9898,27.9929],[-99.9628,27.9835],[-99.9318,27.981],[-99.9385,27.9541],[-99.9175,27.918],[-99.9001,27.9121],[-99.8941,27.893],[-99.904,27.8798],[-99.9015,27.8642],[-99.882,27.8504],[-99.8742,27.8157],[-99.878,27.8007],[-99.8509,27.794],[-99.843,27.7689],[-99.8351,27.7629],[-99.8131,27.774],[-99.8017,27.7418],[-99.7917,27.732],[-99.7707,27.7321],[-99.7575,27.7119],[-99.7378,27.6923],[-99.7215,27.6662],[-99.7046,27.655],[-99.6865,27.6615],[-99.6689,27.66],[-99.6582,27.6478],[-99.666,27.636],[-99.6389,27.6268],[-99.6035,27.642],[-99.5781,27.6192],[-99.58,27.6023],[-99.5587,27.6089],[-99.5419,27.606],[-99.5301,27.5802],[-99.5111,27.5645],[-99.5219,27.5441],[-99.5283,27.4989],[-99.4968,27.5001],[-99.4793,27.4786],[-99.4951,27.4515],[-99.4875,27.4124],[-99.4922,27.3805],[-99.5078,27.3543],[-99.5044,27.3399],[-99.5378,27.3176],[-99.5297,27.3061],[-99.4946,27.3035],[-99.4885,27.2871],[-99.4966,27.2717],[-99.4807,27.26],[-99.4633,27.2684],[-99.4416,27.2499],[-99.4452,27.2233],[-99.4333,27.2113],[-99.4264,27.1763],[-99.438,27.1541],[-99.4306,27.1266],[-99.4418,27.1054],[-99.4303,27.0949],[-99.4345,27.0785],[-99.4523,27.0627],[-99.4457,27.0434],[-99.4461,27.0233],[-99.435,27.0119],[-99.4155,27.0172],[-99.4037,26.9974],[-99.3773,26.9738],[-99.3931,26.964],[-99.3883,26.9442],[-99.3671,26.929],[-99.3373,26.9228],[-99.3218,26.9069],[-99.3289,26.8798],[-99.3168,26.8658],[-99.2952,26.8654],[-99.2686,26.8432],[-99.2622,26.8157],[-99.2425,26.7883],[-99.24,26.7459],[-99.2089,26.7248],[-99.21,26.6939],[-99.2005,26.6564],[-99.1781,26.6206],[-99.1674,26.56],[-99.1667,26.5361],[-99.1278,26.5252],[-99.105,26.5003],[-99.0916,26.477],[-99.1109,26.4263],[-99.082,26.3965],[-99.0621,26.3974],[-99.0372,26.4138],[-99.0219,26.4079],[-99.0117,26.3925],[-98.9863,26.3928],[-98.9752,26.4011],[-98.953,26.3917],[-98.9561,26.3776],[-98.9032,26.372],[-98.8967,26.3533],[-98.8647,26.3653],[-98.8416,26.3589],[-98.8274,26.3691],[-98.8074,26.3694],[-98.7982,26.3602],[-98.7898,26.3316],[-98.7682,26.3253],[-98.7566,26.331],[-98.7182,26.2873],[-98.7184,26.2714],[-98.6838,26.2644],[-98.679,26.2456],[-98.6542,26.236],[-98.6129,26.2527],[-98.5876,26.2578],[-98.58,26.235],[-98.565,26.2269],[-98.5474,26.2347],[-98.5219,26.2216],[-98.5009,26.2222],[-98.5003,26.2098],[-98.4627,26.2258],[-98.4403,26.2194],[-98.4425,26.1992],[-98.4181,26.1847],[-98.3839,26.1566],[-98.365,26.1592],[-98.3384,26.1513],[-98.3352,26.1376],[-98.3203,26.1179],[-98.2921,26.1207],[-98.2712,26.1142],[-98.2684,26.0932],[-98.2487,26.072],[-98.2207,26.0765],[-98.1923,26.0535],[-98.1763,26.0751],[-98.1448,26.0496],[-98.137,26.0617],[-98.1055,26.0675],[-98.091,26.0592],[-98.0766,26.068],[-98.07,26.0515],[-98.0392,26.0413],[-98.0223,26.0598],[-98.0013,26.065],[-97.9674,26.0517],[-97.9501,26.0618],[-97.928,26.0559],[-97.8937,26.0602],[-97.8874,26.0668],[-97.8496,26.0521],[-97.8003,26.0594],[-97.7976,26.0402],[-97.7778,26.0294],[-97.7025,26.0312],[-97.6749,26.0262],[-97.667,26.0189],[-97.6452,26.0278],[-97.6456,26.0068],[-97.6083,25.9766],[-97.6022,25.9574],[-97.5817,25.9609],[-97.5826,25.9379],[-97.5594,25.9323],[-97.5334,25.9128],[-97.5198,25.886],[-97.4964,25.8958],[-97.4975,25.8806],[-97.4582,25.8843],[-97.4447,25.8671],[-97.443,25.8481],[-97.4278,25.8423],[-97.3729,25.8401],[-97.3698,25.858],[-97.3591,25.872],[-97.3669,25.885],[-97.366,25.9025],[-97.3483,25.9311],[-97.3249,25.924],[-97.3044,25.9357],[-97.2772,25.9354],[-97.2767,25.9522],[-97.247,25.9482],[-97.2254,25.9591],[-97.1879,25.9545],[-97.1735,25.9646],[-97.1473,25.9533],[-97.1532,26.0389],[-97.1514,26.0601],[-97.165,26.0639],[-97.1957,26.0466],[-97.1983,26.0667],[-97.2081,26.0796],[-97.247,26.0804],[-97.2694,26.0861],[-97.2906,26.1048],[-97.2854,26.1284],[-97.2989,26.1476],[-97.3031,26.1708],[-97.2948,26.1923],[-97.3167,26.224],[-97.3089,26.229],[-97.2988,26.2607],[-97.2812,26.2805],[-97.297,26.2961],[-97.3234,26.3524],[-97.347,26.4078],[-97.3806,26.4806],[-97.4131,26.4812],[-97.4068,26.4995],[-97.421,26.5355],[-97.4336,26.5896],[-97.4457,26.6094],[-97.445,26.6335],[-97.4647,26.6942],[-97.4686,26.7409],[-97.4786,26.8067],[-97.4648,26.824],[-97.4407,26.8245],[-97.4603,26.8473],[-97.4542,26.8744],[-97.4121,26.8711],[-97.4124,26.8781],[-97.4569,26.8826],[-97.4441,26.9872],[-97.4344,27.1451],[-97.4416,27.1638],[-97.4223,27.2577],[-97.4382,27.2638],[-97.5002,27.2445],[-97.5296,27.2292],[-97.5566,27.2319],[-97.5969,27.2431],[-97.6311,27.2422],[-97.6474,27.2764],[-97.7098,27.2628],[-97.7004,27.2752],[-97.6614,27.2889],[-97.6549,27.3051],[-97.6758,27.3122],[-97.6921,27.3337],[-97.6978,27.3586],[-97.7117,27.3768],[-97.7088,27.3856],[-97.6798,27.3763],[-97.6601,27.3577],[-97.6682,27.3457],[-97.6514,27.3246],[-97.6332,27.3246],[-97.635,27.2987],[-97.6073,27.287],[-97.5838,27.3091],[-97.5337,27.34],[-97.5277,27.3495],[-97.4979,27.3722],[-97.4789,27.3721],[-97.4878,27.3523],[-97.4815,27.3405],[-97.5027,27.3223],[-97.4973,27.3109],[-97.5175,27.305],[-97.5322,27.2786],[-97.5083,27.275],[-97.4829,27.2979],[-97.4508,27.3137],[-97.4144,27.3216],[-97.4007,27.343],[-97.3694,27.4104],[-97.3676,27.4433],[-97.3511,27.4818],[-97.3447,27.513],[-97.3222,27.5691],[-97.2947,27.5927],[-97.2993,27.606],[-97.2676,27.6753],[-97.256,27.6917],[-97.2804,27.7046],[-97.3165,27.7127],[-97.3437,27.724],[-97.3752,27.7494],[-97.3933,27.7829],[-97.3918,27.814],[-97.3786,27.8325],[-97.3857,27.84],[-97.4098,27.8334],[-97.4167,27.8222],[-97.4356,27.8324],[-97.4629,27.8234],[-97.4809,27.8273],[-97.4879,27.8429],[-97.5151,27.8512],[-97.5166,27.8714],[-97.4966,27.8815],[-97.4819,27.8691],[-97.4629,27.863],[-97.455,27.872],[-97.416,27.8707],[-97.4022,27.8764],[-97.3612,27.876],[-97.3378,27.8836],[-97.3314,27.8733],[-97.2737,27.8816],[-97.2494,27.8762],[-97.2352,27.8502],[-97.221,27.8385],[-97.2217,27.8245],[-97.1899,27.8236],[-97.1623,27.8686],[-97.133,27.9025],[-97.0872,27.9708],[-97.0684,27.9652],[-97.062,27.9961],[-97.0437,28.0281],[-97.0252,28.0322],[-97.0369,28.0759],[-97.025,28.1133],[-97.0487,28.1166],[-97.0542,28.0928],[-97.0862,28.079],[-97.0996,28.0781],[-97.1389,28.0269],[-97.1541,28.0331],[-97.1619,28.0484],[-97.2228,28.0774],[-97.2069,28.0976],[-97.1459,28.1411],[-97.0754,28.1746],[-97.0302,28.189],[-97.0157,28.203],[-97.0244,28.149],[-97.0071,28.1349],[-96.9834,28.1249],[-96.9701,28.1701],[-96.9497,28.186],[-96.9459,28.1965],[-96.9685,28.22],[-96.9507,28.2353],[-96.9507,28.2448],[-96.9124,28.2639],[-96.9404,28.2234],[-96.9236,28.1993],[-96.9449,28.149],[-96.9607,28.1231],[-96.9316,28.1239],[-96.9143,28.1376],[-96.8889,28.148],[-96.8629,28.1725],[-96.8455,28.1798],[-96.8248,28.1989],[-96.8127,28.2177],[-96.7852,28.2295],[-96.7843,28.2437],[-96.7984,28.2756],[-96.8096,28.2903],[-96.7918,28.3122],[-96.7901,28.3227],[-96.7991,28.3648],[-96.826,28.3789],[-96.8578,28.4086],[-96.8571,28.4194],[-96.8381,28.4328],[-96.8187,28.4265],[-96.7868,28.4022],[-96.7648,28.4128],[-96.7707,28.4286],[-96.7936,28.4584],[-96.8107,28.4557],[-96.8274,28.4661],[-96.8,28.4819],[-96.7837,28.4555],[-96.7589,28.4413],[-96.7479,28.4095],[-96.7066,28.4046],[-96.6994,28.3808],[-96.7053,28.3488],[-96.6879,28.3281],[-96.6844,28.3145],[-96.6652,28.3096],[-96.6568,28.3178],[-96.6252,28.3162],[-96.5851,28.3508],[-96.55,28.3693],[-96.5115,28.3834],[-96.453,28.4187],[-96.42,28.4169],[-96.4206,28.4044],[-96.4475,28.3923],[-96.4528,28.3802],[-96.4337,28.3637],[-96.4406,28.343],[-96.4679,28.3329],[-96.5252,28.323],[-96.5474,28.3054],[-96.5821,28.3016],[-96.6036,28.2926],[-96.6064,28.2842],[-96.655,28.2464],[-96.674,28.2246],[-96.7026,28.2155],[-96.6976,28.2022],[-96.7446,28.1891],[-96.7864,28.1897],[-96.7984,28.1856],[-96.8214,28.1657],[-96.8098,28.1259],[-96.8436,28.1088],[-96.8739,28.1335],[-96.8873,28.1163],[-96.8805,28.106],[-96.9057,28.1007],[-96.9255,28.0884],[-96.9337,28.056],[-96.9678,28.0175],[-96.9844,27.9844],[-96.9842,27.9632],[-97.0025,27.94],[-97.005,27.9286],[-97.033,27.9128],[-97.0448,27.8912],[-97.043,27.8753],[-97.0552,27.8473],[-97.0461,27.8395],[-97.0252,27.8798],[-97.0072,27.9037],[-96.9619,27.9559],[-96.9276,27.9916],[-96.8514,28.0624],[-96.8129,28.0944],[-96.7522,28.1411],[-96.6933,28.183],[-96.632,28.2228],[-96.5606,28.264],[-96.5194,28.284],[-96.4429,28.3177],[-96.4128,28.3428],[-96.3894,28.3751],[-96.3904,28.3818],[-96.3425,28.4187],[-96.32,28.424],[-96.2704,28.4619],[-96.2054,28.4979],[-96.0833,28.5548],[-95.9886,28.5935],[-95.8903,28.6312],[-95.834,28.6556],[-95.772,28.6867],[-95.6329,28.7613],[-95.4868,28.8363],[-95.4655,28.8459],[-95.3837,28.87],[-95.3406,28.9085],[-95.2949,28.9372],[-95.2519,28.979],[-95.1901,29.0249],[-95.1238,29.0706],[-95.1503,29.0977],[-95.1607,29.1023],[-95.1673,29.1212],[-95.1552,29.1515],[-95.1499,29.1793],[-95.157,29.1951],[-95.1327,29.1923],[-95.1128,29.1957],[-95.1014,29.1743],[-95.0718,29.1941],[-95.0587,29.1967],[-95.0329,29.2125],[-95.0264,29.228],[-95.0058,29.2421],[-94.9724,29.28],[-94.9344,29.2844],[-94.9216,29.2816],[-94.8975,29.3048],[-94.8929,29.3253],[-94.899,29.3345],[-94.8916,29.3559],[-94.8664,29.3674],[-94.8869,29.387],[-94.892,29.4337],[-94.9356,29.4554],[-94.9519,29.4675],[-94.9284,29.4798],[-94.912,29.4963],[-94.9765,29.5113],[-94.9947,29.5198],[-95.0152,29.54],[-95.0183,29.5549],[-95.0115,29.5686],[-94.9827,29.6013],[-95.0152,29.6325],[-95.0011,29.6647],[-94.9822,29.6769],[-95.0007,29.6968],[-94.9991,29.7091],[-94.9427,29.6978],[-94.9225,29.6575],[-94.9082,29.6556],[-94.8726,29.6713],[-94.865,29.6953],[-94.8511,29.7214],[-94.8152,29.7585],[-94.7548,29.7811],[-94.733,29.7587],[-94.7189,29.7666],[-94.703,29.7542],[-94.6925,29.7239],[-94.6894,29.6933],[-94.6964,29.6813],[-94.7013,29.6394],[-94.715,29.6101],[-94.7497,29.5535],[-94.779,29.5302],[-94.7626,29.5242],[-94.7407,29.5269],[-94.7022,29.5388],[-94.6873,29.5382],[-94.6569,29.5477],[-94.6014,29.5596],[-94.561,29.5744],[-94.5451,29.5719],[-94.5287,29.5561],[-94.5215,29.5408],[-94.4707,29.5566],[-94.4762,29.5451],[-94.5081,29.5116],[-94.5301,29.5168],[-94.562,29.5309],[-94.5746,29.5276],[-94.5947,29.5072],[-94.6034,29.4859],[-94.6282,29.476],[-94.6654,29.4777],[-94.6922,29.4602],[-94.7035,29.4365],[-94.7207,29.43],[-94.7455,29.4085],[-94.755,29.4159],[-94.7743,29.3992],[-94.7672,29.3904],[-94.7787,29.3615],[-94.7472,29.3726],[-94.7361,29.366],[-94.7085,29.4031],[-94.6813,29.4246],[-94.6316,29.4518],[-94.5643,29.4814],[-94.4901,29.5112],[-94.2937,29.5854],[-94.185,29.6283],[-94.0958,29.6605],[-94.0565,29.6712],[-94.0014,29.6815],[-93.9526,29.6833],[-93.8613,29.679],[-93.8414,29.6878],[-93.8143,29.7083],[-93.78,29.7232],[-93.7397,29.7358],[-93.682,29.7465],[-93.5103,29.7674],[-93.4716,29.7693],[-93.3905,29.7667],[-93.3464,29.7626],[-93.2835,29.7753],[-93.2507,29.7779],[-93.1769,29.7705],[-93.0649,29.7456],[-92.966,29.7163],[-92.9351,29.7042],[-92.778,29.6367],[-92.7627,29.6345],[-92.7413,29.6221],[-92.6517,29.5938],[-92.6361,29.5965],[-92.6227,29.587],[-92.5755,29.5816],[-92.5314,29.571],[-92.4677,29.5626],[-92.417,29.5488],[-92.3235,29.5315],[-92.284,29.5343],[-92.2555,29.5402],[-92.2025,29.5673],[-92.147,29.5857],[-92.1048,29.5882],[-92.0778,29.5836],[-92.0588,29.6094],[-92.0841,29.6229],[-92.1058,29.6118],[-92.1363,29.6626],[-92.1355,29.6711],[-92.1032,29.6931],[-92.1039,29.6992],[-92.1691,29.7002],[-92.2001,29.7257],[-92.2089,29.7459],[-92.2033,29.7534],[-92.1711,29.7398],[-92.1573,29.753],[-92.1319,29.7658],[-92.1236,29.7535],[-92.131,29.737],[-92.1498,29.726],[-92.1444,29.7164],[-92.1159,29.7395],[-92.0837,29.7591],[-92.0357,29.7817],[-91.9775,29.8034],[-91.9856,29.8197],[-91.9617,29.826],[-91.9375,29.8168],[-91.9153,29.8194],[-91.9069,29.8309],[-91.882,29.8355],[-91.8625,29.8265],[-91.8308,29.8293],[-91.823,29.8004],[-91.826,29.7824],[-91.8365,29.7755],[-91.8548,29.7795],[-91.8792,29.7566],[-91.8602,29.7459],[-91.8563,29.7301],[-91.8783,29.7161],[-91.8518,29.7083],[-91.8337,29.7203],[-91.7729,29.7456],[-91.7371,29.7503],[-91.7138,29.7371],[-91.6729,29.7462],[-91.6279,29.7411],[-91.6168,29.7197],[-91.6249,29.6832],[-91.623,29.671],[-91.6371,29.6414],[-91.6261,29.6288],[-91.5781,29.6396],[-91.5546,29.6358],[-91.5356,29.5848],[-91.5375,29.5659],[-91.5258,29.546],[-91.535,29.5322],[-91.5012,29.5287],[-91.4864,29.5217],[-91.4856,29.4991],[-91.4744,29.4941],[-91.461,29.47],[-91.4232,29.489],[-91.4071,29.4877],[-91.3794,29.5124],[-91.3576,29.513],[-91.3408,29.4916],[-91.3331,29.463],[-91.3485,29.4599],[-91.3506,29.4229],[-91.3368,29.414],[-91.3341,29.3915],[-91.3019,29.4131],[-91.2874,29.4031],[-91.2707,29.4141],[-91.2518,29.4413],[-91.2416,29.431],[-91.2212,29.4364],[-91.212,29.4209],[-91.2196,29.3971],[-91.2001,29.3896],[-91.1983,29.3758],[-91.1774,29.3637],[-91.161,29.3611],[-91.1505,29.3449],[-91.1331,29.3411],[-91.1189,29.3062],[-91.133,29.2814],[-91.1177,29.2583],[-91.1293,29.2479],[-91.1655,29.2538],[-91.1724,29.2796],[-91.1688,29.3089],[-91.178,29.321],[-91.1993,29.3051],[-91.2404,29.3559],[-91.2412,29.3698],[-91.2655,29.361],[-91.2751,29.3322],[-91.2957,29.3095],[-91.3356,29.303],[-91.2883,29.2557],[-91.2152,29.227],[-91.1299,29.2207],[-91.0949,29.1924],[-91.0647,29.1841],[-91.0384,29.2104],[-91.0271,29.1879],[-91.0108,29.1758],[-90.9832,29.174],[-90.9597,29.1863],[-90.9165,29.1482],[-90.8992,29.1428],[-90.8889,29.1224],[-90.8678,29.1063],[-90.8515,29.0743],[-90.8361,29.0661],[-90.8037,29.0677],[-90.8022,29.0938],[-90.788,29.1076],[-90.7635,29.118],[-90.7448,29.1176],[-90.7358,29.1346],[-90.7232,29.136],[-90.7114,29.1164],[-90.6943,29.1251],[-90.6759,29.1741],[-90.6495,29.1718],[-90.6357,29.2139],[-90.6118,29.2148],[-90.5958,29.2399],[-90.5746,29.2294],[-90.5672,29.2384],[-90.5927,29.2459],[-90.588,29.2713],[-90.6001,29.2886],[-90.5976,29.3033],[-90.577,29.3132],[-90.5543,29.2852],[-90.5322,29.3032],[-90.5052,29.3051],[-90.4791,29.2922],[-90.4516,29.3215],[-90.4603,29.3375],[-90.4402,29.3494],[-90.4293,29.3458],[-90.4249,29.3292],[-90.3976,29.31],[-90.3952,29.2571],[-90.3726,29.2648],[-90.3767,29.2933],[-90.3541,29.3055],[-90.3443,29.2893],[-90.3221,29.273],[-90.3076,29.2707],[-90.2767,29.2108],[-90.2592,29.1996],[-90.2672,29.1777],[-90.2539,29.1437],[-90.2344,29.1288],[-90.2342,29.1103],[-90.2481,29.0966],[-90.2229,29.0871],[-90.1867,29.103],[-90.1706,29.1152],[-90.0956,29.1629],[-90.05,29.1887],[-90.022,29.2161],[-89.9587,29.2514],[-89.9499,29.2632],[-89.9848,29.2616],[-90.0006,29.2481],[-90.0062,29.2343],[-90.0409,29.2055],[-90.0734,29.2106],[-90.0826,29.2291],[-90.0995,29.2393],[-90.1081,29.265],[-90.0753,29.296],[-90.0569,29.2949],[-90.0324,29.2816],[-90.0186,29.2868],[-90.0163,29.3005],[-90.0348,29.3036],[-90.0384,29.3326],[-90.0175,29.3508],[-90.0074,29.3432],[-89.9827,29.3413],[-89.977,29.3532],[-89.9976,29.3705],[-90.0159,29.354],[-90.0384,29.3568],[-90.0428,29.368],[-90.0089,29.3792],[-90.0025,29.4034],[-89.9858,29.4121],[-89.9704,29.4318],[-89.9918,29.4506],[-89.9687,29.4633],[-89.9447,29.4589],[-89.9343,29.4397],[-89.9193,29.4484],[-89.891,29.4451],[-89.8838,29.4346],[-89.8643,29.455],[-89.863,29.4703],[-89.8364,29.4749],[-89.816,29.4603],[-89.8353,29.4523],[-89.8436,29.4217],[-89.8261,29.4156],[-89.8147,29.4001],[-89.7909,29.4109],[-89.7697,29.398],[-89.768,29.3894],[-89.7164,29.3881],[-89.6948,29.3925],[-89.6696,29.3902],[-89.6373,29.3972],[-89.6088,29.3875],[-89.5955,29.356],[-89.6233,29.3463],[-89.6468,29.3763],[-89.6886,29.3589],[-89.7259,29.358],[-89.7597,29.3502],[-89.7692,29.3363],[-89.7906,29.3283],[-89.8015,29.3533],[-89.8254,29.355],[-89.8426,29.3188],[-89.7262,29.304],[-89.6718,29.289],[-89.6397,29.2905],[-89.624,29.2692],[-89.606,29.2537],[-89.5366,29.2362],[-89.4828,29.2151],[-89.4469,29.1817],[-89.4274,29.1445],[-89.3997,29.1237],[-89.3506,29.1296],[-89.3319,29.1487],[-89.3257,29.1771],[-89.3285,29.1906],[-89.3186,29.2016],[-89.295,29.1989],[-89.2765,29.1736],[-89.2815,29.1599],[-89.2786,29.1376],[-89.2957,29.1337],[-89.3019,29.1206],[-89.3041,29.0886],[-89.3198,29.0575],[-89.343,29.0577],[-89.3515,29.0294],[-89.3704,29.0005],[-89.3996,28.9718],[-89.403,28.9557],[-89.4189,28.9333],[-89.4052,28.9316],[-89.3781,28.9565],[-89.3337,29.0038],[-89.3153,29.0177],[-89.2832,29.0533],[-89.2594,29.0584],[-89.2517,29.0832],[-89.2412,29.0845],[-89.2215,29.0646],[-89.2156,29.0456],[-89.2187,29.0225],[-89.1429,28.9916],[-89.1586,29.0218],[-89.148,29.041],[-89.147,29.071],[-89.1165,29.0741],[-89.1068,29.093],[-89.1037,29.1167],[-89.0787,29.1094],[-89.0666,29.0907],[-89.0395,29.1355],[-89.0654,29.1338],[-89.097,29.1388],[-89.1118,29.16],[-89.0802,29.171],[-89.0512,29.1705],[-89.0471,29.1845],[-89.0184,29.1764],[-89.0062,29.1863],[-89.026,29.2152],[-89.0711,29.1936],[-89.122,29.2021],[-89.1153,29.2127],[-89.1296,29.232],[-89.1151,29.2529],[-89.1297,29.2656],[-89.1403,29.2911],[-89.165,29.303],[-89.1821,29.3377],[-89.2004,29.3444],[-89.2354,29.3043],[-89.2536,29.3228],[-89.2579,29.3369],[-89.2929,29.3679],[-89.3208,29.3551],[-89.3386,29.3555],[-89.3605,29.3793],[-89.3837,29.3884],[-89.4381,29.388],[-89.4701,29.4015],[-89.5123,29.3823],[-89.5386,29.3867],[-89.544,29.4042],[-89.5196,29.4026],[-89.5344,29.423],[-89.5393,29.4419],[-89.5721,29.4752],[-89.5696,29.494],[-89.6092,29.4898],[-89.6402,29.5036],[-89.6573,29.5227],[-89.6572,29.5323],[-89.6772,29.5377],[-89.6845,29.5633],[-89.6637,29.5644],[-89.6418,29.5756],[-89.6504,29.5869],[-89.6711,29.5882],[-89.6747,29.6266],[-89.6493,29.6252],[-89.6294,29.5973],[-89.6092,29.5971],[-89.6344,29.6215],[-89.659,29.6372],[-89.6327,29.6442],[-89.6205,29.6361],[-89.5938,29.6435],[-89.5828,29.655],[-89.5654,29.6593],[-89.5286,29.6516],[-89.5188,29.7021],[-89.5249,29.7266],[-89.4975,29.718],[-89.4852,29.72],[-89.4676,29.699],[-89.4625,29.6798],[-89.4712,29.6732],[-89.4656,29.6517],[-89.4338,29.6564],[-89.4431,29.6712],[-89.4242,29.6976],[-89.4303,29.7126],[-89.4308,29.7408],[-89.4016,29.7697],[-89.3947,29.7902],[-89.3328,29.7799],[-89.3049,29.7587],[-89.2913,29.767],[-89.2925,29.7992],[-89.3184,29.7837],[-89.3365,29.7852],[-89.3587,29.8098],[-89.3623,29.8267],[-89.3794,29.8221],[-89.3836,29.8401],[-89.3408,29.8497],[-89.3275,29.8233],[-89.3152,29.8528],[-89.2933,29.8634],[-89.2764,29.8489],[-89.2644,29.867],[-89.2412,29.8851],[-89.2904,29.8795],[-89.3127,29.8811],[-89.3157,29.9023],[-89.2798,29.9273],[-89.2427,29.9311],[-89.2256,29.9671],[-89.2465,29.9738],[-89.2465,29.9926],[-89.2752,29.99],[-89.2836,29.9733],[-89.3176,29.9212],[-89.3344,29.9069],[-89.3701,29.8921],[-89.376,29.9064],[-89.3805,29.9416],[-89.3979,29.9548],[-89.4235,29.9634],[-89.434,29.9743],[-89.4334,29.9912],[-89.4578,29.9982],[-89.4445,30.0233],[-89.4235,30.0169],[-89.4052,30.0287],[-89.3817,30.035],[-89.3905,30.0521],[-89.4304,30.0338],[-89.4564,30.0589],[-89.4804,30.0745],[-89.4967,30.0606],[-89.4915,30.0375],[-89.5341,30.0155],[-89.5598,29.9986],[-89.5801,29.9905],[-89.5704,29.9615],[-89.5816,29.9459],[-89.5819,29.9294],[-89.5924,29.9173],[-89.5909,29.889],[-89.5964,29.8796],[-89.6348,29.8632],[-89.6654,29.8628],[-89.7053,29.8743],[-89.7449,29.9079],[-89.7472,29.9308],[-89.7148,29.9471],[-89.7294,29.9575],[-89.7473,29.9455],[-89.7901,29.933],[-89.8193,29.9331],[-89.8385,29.9458],[-89.8523,29.9777],[-89.8576,30.0044],[-89.8459,30.0212],[-89.8183,30.0457],[-89.7679,30.0457],[-89.7333,30.0221],[-89.7172,30.0284],[-89.733,30.0527],[-89.7209,30.0684],[-89.6849,30.0752],[-89.6807,30.1046],[-89.657,30.1184],[-89.6241,30.1574],[-89.5871,30.1507],[-89.5721,30.1604],[-89.5576,30.1798],[-89.5305,30.1847],[-89.4974,30.1815],[-89.4867,30.1912],[-89.4682,30.1938],[-89.4555,30.1811],[-89.4443,30.1878],[-89.4488,30.2021],[-89.4208,30.2294],[-89.4194,30.2543],[-89.3838,30.2678],[-89.3658,30.2849],[-89.33,30.3029],[-89.3224,30.3193],[-89.3326,30.3379],[-89.3653,30.3531],[-89.3533,30.3688],[-89.3151,30.3754],[-89.2973,30.3671],[-89.2687,30.3406],[-89.2918,30.3281],[-89.2914,30.3033],[-89.2718,30.3055],[-89.1868,30.3312],[-89.0851,30.3674],[-88.9989,30.3874],[-88.922,30.3938],[-88.8685,30.3915],[-88.8702,30.4242],[-88.8578,30.4302],[-88.8413,30.4096],[-88.8102,30.3947],[-88.747,30.3476],[-88.7289,30.3427],[-88.7006,30.3437],[-88.6638,30.3621],[-88.6377,30.3599],[-88.6182,30.3726],[-88.6108,30.3551],[-88.5928,30.3612],[-88.5795,30.3442],[-88.5269,30.3424],[-88.5041,30.3201],[-88.4801,30.3184],[-88.4538,30.3296],[-88.4487,30.3531],[-88.4366,30.3578],[-88.4012,30.3444],[-88.395,30.3694],[-88.4039,30.5434],[-88.4186,30.8665],[-88.439,31.2469],[-88.4511,31.4595],[-88.4595,31.6217],[-88.4644,31.6979],[-88.4732,31.8939],[-88.4387,32.1728],[-88.4283,32.2501],[-88.4138,32.3739],[-88.4039,32.4488],[-88.3733,32.7118],[-88.3309,33.0731],[-88.3125,33.2209],[-88.2774,33.5124],[-88.2523,33.7196],[-88.2107,34.0292],[-88.2002,34.116],[-88.1656,34.3831],[-88.1563,34.4632],[-88.1343,34.6227],[-88.1184,34.7243],[-88.0979,34.8922],[-88.1367,34.9076],[-88.1546,34.9224],[-88.1761,34.9625],[-88.2001,34.9956],[-88.4628,34.996],[-88.6844,34.9955],[-88.9252,34.9948],[-89.1568,34.9939],[-89.2174,34.9947],[-89.435,34.9938],[-89.5112,34.9948],[-89.7418,34.9952],[-89.7952,34.9943],[-89.9559,34.9946],[-90.3093,34.9957],[-90.2964,34.9764],[-90.2501,34.9512],[-90.2445,34.9376],[-90.2501,34.9073],[-90.3135,34.8717],[-90.3037,34.8597],[-90.3113,34.8442],[-90.3404,34.8604],[-90.4149,34.8319],[-90.4288,34.8414],[-90.4301,34.8712],[-90.4366,34.8827],[-90.4662,34.891],[-90.484,34.8772],[-90.4839,34.8613],[-90.4569,34.8234],[-90.4746,34.7932],[-90.4512,34.7478],[-90.4699,34.727],[-90.5017,34.7242],[-90.5202,34.7319],[-90.5224,34.754],[-90.5013,34.7699],[-90.5147,34.8018],[-90.5365,34.7986],[-90.5476,34.7846],[-90.5354,34.7501],[-90.5599,34.7408],[-90.5657,34.7211],[-90.5461,34.7021],[-90.5221,34.6966],[-90.487,34.7015],[-90.4671,34.6956],[-90.466,34.6743],[-90.4797,34.6599],[-90.5172,34.6309],[-90.5476,34.6317],[-90.5526,34.6597],[-90.5389,34.6825],[-90.5556,34.698],[-90.5673,34.6934],[-90.5884,34.671],[-90.583,34.6427],[-90.5872,34.6157],[-90.5701,34.5875],[-90.5459,34.5633],[-90.5457,34.5378],[-90.5811,34.5128],[-90.5899,34.4848],[-90.5837,34.4588],[-90.574,34.4519],[-90.5665,34.4295],[-90.5807,34.4106],[-90.6139,34.3907],[-90.6585,34.3757],[-90.6668,34.3558],[-90.6574,34.3273],[-90.6614,34.3154],[-90.6781,34.313],[-90.6931,34.3226],[-90.6786,34.3711],[-90.7121,34.3638],[-90.7562,34.3673],[-90.7671,34.3603],[-90.7652,34.3428],[-90.7489,34.3311],[-90.7409,34.3065],[-90.7652,34.2805],[-90.8029,34.2825],[-90.8324,34.2675],[-90.8395,34.2262],[-90.8478,34.2065],[-90.8791,34.2155],[-90.9001,34.2296],[-90.9071,34.2445],[-90.9232,34.2465],[-90.9364,34.2367],[-90.9327,34.2148],[-90.9161,34.1969],[-90.8879,34.182],[-90.8556,34.1869],[-90.8166,34.183],[-90.8078,34.1615],[-90.8226,34.1441],[-90.8472,34.1369],[-90.8646,34.1406],[-90.8944,34.161],[-90.91,34.1655],[-90.9543,34.1385],[-90.9593,34.1304],[-90.9463,34.1094],[-90.9213,34.094],[-90.8935,34.0978],[-90.8705,34.0827],[-90.8864,34.0586],[-90.889,34.0298],[-90.8995,34.0238],[-90.9503,34.0178],[-90.988,34.019],[-90.98,34.0001],[-90.9616,33.98],[-90.9769,33.9605],[-91.0001,33.9664],[-91.0189,34.0032],[-91.0484,33.9851],[-91.0712,33.9845],[-91.0879,33.9753],[-91.0785,33.9541],[-91.0467,33.9474],[-91.0201,33.9371],[-91.0108,33.9256],[-91.0264,33.908],[-91.0709,33.8667],[-91.0675,33.8404],[-91.0469,33.8154],[-91.0001,33.7996],[-90.9885,33.7845],[-91.0001,33.7692],[-91.0268,33.7636],[-91.0539,33.7787],[-91.1073,33.7706],[-91.1339,33.7828],[-91.1447,33.7268],[-91.1177,33.7053],[-91.0899,33.7074],[-91.0683,33.7165],[-91.0468,33.7063],[-91.0303,33.6816],[-91.0346,33.673],[-91.0841,33.6573],[-91.1305,33.6745],[-91.1609,33.7071],[-91.2054,33.7008],[-91.2206,33.6929],[-91.2282,33.6713],[-91.2191,33.6615],[-91.1712,33.6478],[-91.1392,33.6257],[-91.1316,33.5995],[-91.1522,33.5827],[-91.176,33.583],[-91.2032,33.5708],[-91.2285,33.5647],[-91.2323,33.5528],[-91.2157,33.5294],[-91.1874,33.5106],[-91.1831,33.4986],[-91.2085,33.4686],[-91.2317,33.4571],[-91.2352,33.439],[-91.2068,33.4339],[-91.187,33.4386],[-91.1694,33.4526],[-91.1772,33.4862],[-91.164,33.4975],[-91.1251,33.4728],[-91.118,33.4538],[-91.1319,33.4301],[-91.1763,33.417],[-91.1994,33.4183],[-91.209,33.4036],[-91.1911,33.3896],[-91.1663,33.3797],[-91.1409,33.3805],[-91.1138,33.3931],[-91.0952,33.4175],[-91.0975,33.4317],[-91.0865,33.4516],[-91.0676,33.4551],[-91.0576,33.4453],[-91.0582,33.4287],[-91.0753,33.406],[-91.1015,33.3872],[-91.1204,33.3638],[-91.1422,33.349],[-91.1416,33.2995],[-91.1255,33.2803],[-91.1106,33.2459],[-91.1001,33.2381],[-91.0861,33.2737],[-91.067,33.2872],[-91.0436,33.2746],[-91.0504,33.2512],[-91.0829,33.2216],[-91.0917,33.2208],[-91.0844,33.1809],[-91.0876,33.1452],[-91.1043,33.1316],[-91.1504,33.1307],[-91.1603,33.1412],[-91.1837,33.1417],[-91.2018,33.1251],[-91.2015,33.1096],[-91.1715,33.0878],[-91.1498,33.0816],[-91.1246,33.0641],[-91.1257,33.0383],[-91.1624,33.0197],[-91.1661,33.0041],[-91.5001,33.0068],[-91.6267,33.0066],[-91.8751,33.0077],[-91.952,33.0074],[-92.2228,33.0091],[-92.5038,33.0122],[-92.7965,33.0148],[-92.8441,33.016],[-93.0707,33.0178],[-93.2386,33.018],[-93.4909,33.0184],[-93.7233,33.0195],[-94.043,33.0192],[-94.0427,33.1603],[-94.0431,33.3588],[-94.0435,33.5523],[-94.0722,33.5539],[-94.0669,33.5689],[-94.0826,33.5755],[-94.1199,33.567],[-94.1485,33.5657],[-94.1623,33.5889],[-94.1839,33.5947],[-94.1965,33.5817],[-94.211,33.5831],[-94.2136,33.5631],[-94.2264,33.5529],[-94.2502,33.5568],[-94.2389,33.5767],[-94.2578,33.5825],[-94.2745,33.5587],[-94.2822,33.573],[-94.2984,33.5762],[-94.3096,33.5517],[-94.3527,33.5606],[-94.356,33.5432],[-94.3895,33.5468],[-94.43,33.5911],[-94.454,33.5922],[-94.4695,33.6073],[-94.4548,33.6152],[-94.4485,33.6345],[-94.4859,33.6379]]]]}},{"type":"Feature","properties":{"NAME":"THIRD CIRCUIT","CHIEF_JUDGE":"","ACTIVE_JUDGES":14,"SENIOR_ELIGIBLE_JUDGES":0,"VACANCIES":0,"DEMJUDGES":6,"GOPJUDGES":8,"PARTISANSHIP":-1,"DEMRETIRING":0,"GOPRETIRING":0},"geometry":{"type":"MultiPolygon","coordinates":[[[[-64.7709,17.781],[-64.7823,17.7838],[-64.8083,17.7775],[-64.8226,17.7663],[-64.8399,17.7616],[-64.8708,17.7708],[-64.8885,17.7609],[-64.8937,17.7427],[-64.8846,17.7198],[-64.8849,17.6855],[-64.8261,17.6861],[-64.7846,17.6965],[-64.7309,17.7044],[-64.7174,17.6995],[-64.6649,17.7143],[-64.6499,17.7237],[-64.6378,17.7221],[-64.6086,17.7372],[-64.6034,17.7451],[-64.5772,17.7458],[-64.585,17.759],[-64.6031,17.7546],[-64.6153,17.7617],[-64.6398,17.7589],[-64.6802,17.7603],[-64.7081,17.7469],[-64.7363,17.7672],[-64.7483,17.7836],[-64.7709,17.781]]],[[[-64.7339,18.3674],[-64.757,18.353],[-64.7788,18.3522],[-64.7979,18.3372],[-64.7919,18.3167],[-64.7739,18.3206],[-64.7335,18.3148],[-64.6998,18.3031],[-64.7005,18.3305],[-64.7123,18.3362],[-64.6948,18.3619],[-64.7339,18.3674]]],[[[-64.8969,18.3613],[-64.923,18.3675],[-64.9273,18.3588],[-64.9521,18.3693],[-64.9913,18.3713],[-64.9943,18.3613],[-65.0269,18.3622],[-65.0286,18.3422],[-64.9959,18.351],[-64.9642,18.3344],[-64.9414,18.3345],[-64.9301,18.3405],[-64.9218,18.3222],[-64.8983,18.3098],[-64.8801,18.3077],[-64.8449,18.3295],[-64.8675,18.3503],[-64.8969,18.3613]]],[[[-74.0245,40.7094],[-74.0138,40.7566],[-73.9632,40.8269],[-73.929,40.8896],[-73.8965,40.9817],[-73.9027,40.9973],[-74.1824,41.1216],[-74.302,41.1726],[-74.3789,41.209],[-74.4576,41.2482],[-74.6949,41.3574],[-74.6911,41.3673],[-74.7134,41.3898],[-74.7361,41.3984],[-74.7409,41.4312],[-74.7586,41.4233],[-74.7954,41.424],[-74.8057,41.4421],[-74.8369,41.4316],[-74.8586,41.4444],[-74.8887,41.4383],[-74.8951,41.4582],[-74.9092,41.4724],[-74.9326,41.4823],[-74.9583,41.4764],[-74.9817,41.48],[-74.9844,41.5066],[-74.9996,41.5074],[-75.0039,41.5241],[-75.0248,41.5398],[-75.0185,41.5518],[-75.0405,41.5697],[-75.0468,41.5833],[-75.0746,41.6057],[-75.0442,41.618],[-75.0499,41.6626],[-75.0588,41.6744],[-75.0527,41.6884],[-75.0688,41.7082],[-75.0497,41.7151],[-75.0534,41.7525],[-75.0759,41.7715],[-75.1046,41.7742],[-75.0858,41.8116],[-75.1133,41.8228],[-75.1144,41.8436],[-75.1402,41.8521],[-75.1615,41.8498],[-75.1681,41.8671],[-75.1839,41.8605],[-75.1978,41.8688],[-75.2237,41.8575],[-75.2638,41.8708],[-75.2713,41.8874],[-75.2676,41.9071],[-75.2791,41.9389],[-75.2937,41.9546],[-75.3104,41.949],[-75.3425,41.9743],[-75.3411,41.9928],[-75.3596,41.9995],[-75.6103,41.999],[-75.7422,41.9979],[-75.8707,41.9988],[-76.3437,41.9984],[-76.4622,41.9989],[-76.7497,42.0017],[-76.9208,42.0018],[-77.1247,41.9994],[-77.5053,42.0001],[-77.832,41.9985],[-77.9975,41.9988],[-78.1247,42.0005],[-78.2712,41.999],[-78.5967,41.9999],[-78.7498,41.9981],[-78.8748,41.9976],[-78.9831,41.999],[-79.1786,41.9995],[-79.4725,41.9983],[-79.7614,41.9991],[-79.762,42.2699],[-79.7777,42.2654],[-79.8447,42.2355],[-79.8732,42.232],[-79.9011,42.2167],[-79.9313,42.2067],[-79.9858,42.1788],[-80.0611,42.1449],[-80.08,42.1636],[-80.0999,42.1719],[-80.1356,42.1494],[-80.1541,42.1148],[-80.1659,42.1059],[-80.2152,42.0829],[-80.2404,42.0763],[-80.2676,42.0604],[-80.33,42.0362],[-80.3633,42.028],[-80.5194,41.9775],[-80.5194,41.6698],[-80.519,41.4355],[-80.5187,41.2489],[-80.5191,40.9211],[-80.519,40.6388],[-80.519,40.6375],[-80.519,40.6164],[-80.5191,40.6164],[-80.519,40.4737],[-80.5177,40.4625],[-80.518,40.368],[-80.518,40.3676],[-80.5187,40.3498],[-80.519,40.3421],[-80.5191,40.1597],[-80.5193,39.937],[-80.5189,39.891],[-80.5193,39.7214],[-80.4579,39.7213],[-80.4214,39.7212],[-80.3095,39.7213],[-80.1744,39.7213],[-80.0848,39.7214],[-80.076,39.7214],[-79.8529,39.7207],[-79.5485,39.7208],[-79.335,39.7217],[-79.0456,39.7229],[-78.9607,39.7228],[-78.9312,39.7228],[-78.7235,39.7231],[-78.5377,39.7225],[-78.0991,39.7223],[-78.0758,39.7223],[-78.0597,39.7223],[-77.9956,39.7223],[-77.9374,39.7223],[-77.876,39.7222],[-77.8747,39.7222],[-77.8476,39.722],[-77.79,39.7215],[-77.7685,39.7214],[-77.7241,39.7209],[-77.4691,39.72],[-77.293,39.72],[-76.9909,39.7198],[-76.9748,39.7201],[-76.9579,39.7204],[-76.9366,39.7207],[-76.8901,39.7204],[-76.7156,39.7211],[-76.6854,39.7211],[-76.6579,39.7211],[-76.655,39.7212],[-76.5694,39.7212],[-76.4188,39.7212],[-76.3956,39.7212],[-76.3806,39.7213],[-76.3324,39.7213],[-76.2333,39.7213],[-75.9987,39.7216],[-75.8752,39.7218],[-75.8419,39.7219],[-75.8215,39.7219],[-75.8101,39.7219],[-75.7996,39.7219],[-75.7886,39.7222],[-75.7886,39.7197],[-75.7884,39.7003],[-75.7884,39.7],[-75.7885,39.6942],[-75.7887,39.6819],[-75.7887,39.6582],[-75.7884,39.6543],[-75.7881,39.6486],[-75.7875,39.6375],[-75.7808,39.5503],[-75.7698,39.416],[-75.7494,39.1648],[-75.7458,39.1149],[-75.7454,39.1107],[-75.7443,39.0997],[-75.7438,39.0947],[-75.7329,38.9574],[-75.7176,38.7656],[-75.7129,38.7056],[-75.7123,38.698],[-75.7074,38.6354],[-75.6937,38.4601],[-75.6917,38.46],[-75.6656,38.4589],[-75.6628,38.4588],[-75.5599,38.4556],[-75.5338,38.455],[-75.5227,38.4547],[-75.5213,38.4547],[-75.503,38.4542],[-75.5001,38.4542],[-75.4287,38.4527],[-75.3711,38.4521],[-75.3413,38.452],[-75.3315,38.4519],[-75.2731,38.4516],[-75.2604,38.4515],[-75.1854,38.451],[-75.0489,38.4513],[-75.0491,38.4564],[-75.0493,38.4675],[-75.0497,38.4864],[-75.0655,38.661],[-75.0792,38.7382],[-75.0822,38.7722],[-75.0971,38.7887],[-75.134,38.7822],[-75.159,38.7902],[-75.1906,38.8069],[-75.232,38.8443],[-75.2631,38.8774],[-75.3041,38.9132],[-75.3171,38.9334],[-75.3116,38.9676],[-75.3184,38.9882],[-75.3409,39.02],[-75.3963,39.0579],[-75.4031,39.0786],[-75.3998,39.0991],[-75.4134,39.1533],[-75.4083,39.1746],[-75.3958,39.1916],[-75.3969,39.2161],[-75.4084,39.2647],[-75.434,39.2897],[-75.439,39.3134],[-75.4941,39.3466],[-75.513,39.3662],[-75.5158,39.3784],[-75.5385,39.4165],[-75.5718,39.4389],[-75.5894,39.4608],[-75.5931,39.4792],[-75.5877,39.4964],[-75.5724,39.5171],[-75.563,39.5622],[-75.6119,39.5974],[-75.6149,39.616],[-75.5871,39.651],[-75.5622,39.6567],[-75.5091,39.7201],[-75.4902,39.7548],[-75.4685,39.7865],[-75.4234,39.8066],[-75.4054,39.7964],[-75.4383,39.7844],[-75.4594,39.7658],[-75.4742,39.7355],[-75.4789,39.7138],[-75.5072,39.697],[-75.5146,39.6686],[-75.5351,39.6472],[-75.5708,39.6268],[-75.5619,39.6052],[-75.5115,39.5772],[-75.511,39.5681],[-75.534,39.5407],[-75.5277,39.5353],[-75.5278,39.4981],[-75.5427,39.4966],[-75.5429,39.4705],[-75.5364,39.4606],[-75.5084,39.4591],[-75.4989,39.4488],[-75.4652,39.4389],[-75.4424,39.4023],[-75.4278,39.3878],[-75.4021,39.3813],[-75.3827,39.3545],[-75.3337,39.3453],[-75.3152,39.3106],[-75.2883,39.2916],[-75.283,39.3055],[-75.2517,39.3003],[-75.2416,39.2741],[-75.2059,39.2626],[-75.1919,39.2457],[-75.1704,39.2347],[-75.163,39.2143],[-75.1674,39.2033],[-75.1425,39.1867],[-75.1278,39.1904],[-75.1186,39.2122],[-75.0485,39.2152],[-75.0264,39.2132],[-75.0262,39.1936],[-74.9632,39.192],[-74.8999,39.1733],[-74.8872,39.1588],[-74.8925,39.1132],[-74.9037,39.0874],[-74.9383,39.0352],[-74.9554,39.0013],[-74.972,38.9404],[-74.9673,38.9334],[-74.9336,38.9285],[-74.9071,38.932],[-74.8839,38.9424],[-74.8645,38.9404],[-74.8507,38.9545],[-74.7927,38.992],[-74.7922,39.0125],[-74.7788,39.0231],[-74.7374,39.075],[-74.7059,39.1029],[-74.7141,39.1146],[-74.6949,39.1479],[-74.6714,39.1798],[-74.6135,39.2447],[-74.58,39.2706],[-74.5605,39.2778],[-74.5526,39.3002],[-74.5348,39.3028],[-74.4921,39.3298],[-74.4599,39.345],[-74.4236,39.3554],[-74.367,39.402],[-74.3286,39.4397],[-74.3281,39.4544],[-74.3131,39.4737],[-74.3233,39.4999],[-74.3112,39.5083],[-74.295,39.5018],[-74.2405,39.5549],[-74.191,39.6251],[-74.1417,39.6894],[-74.1131,39.7396],[-74.094,39.758],[-74.0964,39.7681],[-74.076,39.9109],[-74.0678,39.9429],[-74.0638,39.9789],[-74.0298,40.1227],[-73.9933,40.2377],[-73.9774,40.2994],[-73.9714,40.3542],[-73.981,40.4431],[-73.9925,40.4696],[-74.0061,40.4646],[-73.9917,40.4429],[-73.9955,40.4195],[-74.0064,40.4111],[-74.0479,40.4189],[-74.0762,40.4337],[-74.1379,40.457],[-74.152,40.4481],[-74.1807,40.458],[-74.1939,40.441],[-74.2619,40.4647],[-74.2727,40.4884],[-74.2492,40.5233],[-74.2546,40.5486],[-74.2318,40.5623],[-74.2145,40.565],[-74.2069,40.5929],[-74.2022,40.6311],[-74.1812,40.6473],[-74.1617,40.6459],[-74.1586,40.6447],[-74.1276,40.6441],[-74.0933,40.6489],[-74.0702,40.6608],[-74.0512,40.6958],[-74.0245,40.7094]]]]}},{"type":"Feature","properties":{"NAME":"FIRST CIRCUIT","CHIEF_JUDGE":"","ACTIVE_JUDGES":6,"SENIOR_ELIGIBLE_JUDGES":0,"VACANCIES":0,"DEMJUDGES":5,"GOPJUDGES":1,"PARTISANSHIP":1,"DEMRETIRING":0,"GOPRETIRING":0},"geometry":{"type":"MultiPolygon","coordinates":[[[[-67.8532,18.1131],[-67.8619,18.1222],[-67.8875,18.1128],[-67.9133,18.1194],[-67.933,18.1132],[-67.9377,18.0901],[-67.9447,18.0846],[-67.925,18.0665],[-67.8968,18.0533],[-67.8686,18.0611],[-67.8443,18.0848],[-67.8532,18.1131]]],[[[-65.3789,18.159],[-65.3978,18.1627],[-65.437,18.1588],[-65.4451,18.147],[-65.5119,18.1334],[-65.5445,18.12],[-65.5781,18.1196],[-65.5781,18.1021],[-65.5602,18.0861],[-65.5245,18.0823],[-65.5039,18.093],[-65.4792,18.0962],[-65.4734,18.0867],[-65.4523,18.0861],[-65.4271,18.0935],[-65.412,18.1058],[-65.3879,18.1123],[-65.3705,18.124],[-65.356,18.1123],[-65.2747,18.1352],[-65.291,18.1475],[-65.3045,18.1426],[-65.3789,18.159]]],[[[-65.3195,18.3297],[-65.3173,18.3097],[-65.2859,18.2769],[-65.2688,18.2966],[-65.2603,18.2897],[-65.2441,18.3042],[-65.252,18.3191],[-65.2776,18.3327],[-65.3103,18.3384],[-65.3195,18.3297]]],[[[-67.0836,18.5144],[-67.1205,18.5128],[-67.1378,18.5076],[-67.1697,18.4751],[-67.1554,18.4244],[-67.1639,18.4129],[-67.1891,18.4007],[-67.1948,18.3926],[-67.2265,18.3793],[-67.2612,18.3709],[-67.269,18.3554],[-67.2545,18.3387],[-67.2364,18.3014],[-67.2013,18.2926],[-67.1903,18.2827],[-67.1891,18.2656],[-67.1742,18.2448],[-67.1732,18.2267],[-67.159,18.217],[-67.1537,18.1985],[-67.1801,18.1685],[-67.1782,18.1441],[-67.1865,18.1366],[-67.1839,18.1039],[-67.2001,18.091],[-67.1989,18.0492],[-67.2103,18.0356],[-67.1739,18.025],[-67.1744,18.011],[-67.2079,17.9986],[-67.2153,17.9875],[-67.2131,17.9525],[-67.1908,17.9477],[-67.1858,17.9617],[-67.1699,17.9658],[-67.1585,17.9538],[-67.1285,17.9468],[-67.1014,17.9459],[-67.0896,17.9511],[-67.0722,17.9703],[-67.0349,17.9724],[-67.013,17.9672],[-66.9843,17.9665],[-66.9816,17.952],[-66.9681,17.9473],[-66.9565,17.9314],[-66.9305,17.9432],[-66.8842,17.9527],[-66.8652,17.9452],[-66.8554,17.9563],[-66.8414,17.9497],[-66.8222,17.9543],[-66.8074,17.966],[-66.7872,17.9721],[-66.7851,17.9959],[-66.7649,18.0058],[-66.7513,17.9868],[-66.7266,17.9918],[-66.6729,17.9672],[-66.6556,17.9766],[-66.6275,17.9828],[-66.6073,17.9685],[-66.5947,17.9703],[-66.579,17.9617],[-66.4965,17.9898],[-66.4647,17.9909],[-66.4457,17.9791],[-66.4267,17.9595],[-66.4167,17.9597],[-66.3867,17.9373],[-66.3546,17.9662],[-66.3378,17.9766],[-66.3152,17.9785],[-66.2883,17.9439],[-66.2643,17.9445],[-66.2479,17.9307],[-66.2408,17.9129],[-66.2244,17.9124],[-66.1921,17.9375],[-66.1538,17.9301],[-66.1305,17.9463],[-66.1122,17.9493],[-66.087,17.9649],[-66.069,17.966],[-66.0471,17.9527],[-66.0164,17.98],[-65.9938,17.9787],[-65.9817,17.9678],[-65.9696,17.9739],[-65.9382,17.9721],[-65.9123,17.9785],[-65.9012,17.9879],[-65.8855,17.9884],[-65.8691,18.0067],[-65.8574,18.0051],[-65.8303,18.0198],[-65.8337,18.0436],[-65.8182,18.0628],[-65.8023,18.0578],[-65.7951,18.0872],[-65.7776,18.115],[-65.7807,18.1206],[-65.7669,18.1493],[-65.7424,18.164],[-65.7372,18.1777],[-65.7193,18.1897],[-65.6948,18.1789],[-65.6894,18.1931],[-65.6582,18.2046],[-65.6321,18.2005],[-65.6357,18.2197],[-65.624,18.2324],[-65.6119,18.2191],[-65.6014,18.229],[-65.61,18.261],[-65.6221,18.2726],[-65.6314,18.292],[-65.6264,18.3319],[-65.6333,18.3475],[-65.6193,18.3673],[-65.6364,18.37],[-65.6742,18.3639],[-65.7143,18.3763],[-65.7186,18.3919],[-65.741,18.3806],[-65.7716,18.4016],[-65.8016,18.4129],[-65.8144,18.41],[-65.8322,18.4302],[-65.8791,18.4397],[-65.904,18.4532],[-65.9161,18.4451],[-65.9387,18.4476],[-65.9919,18.4616],[-65.9965,18.4503],[-66.0217,18.4442],[-66.0977,18.4665],[-66.1386,18.474],[-66.141,18.465],[-66.1624,18.4532],[-66.189,18.4681],[-66.2201,18.4661],[-66.2417,18.4695],[-66.2696,18.4801],[-66.2864,18.4724],[-66.3178,18.476],[-66.3361,18.4862],[-66.3801,18.4846],[-66.4046,18.4889],[-66.4409,18.4848],[-66.4495,18.4711],[-66.4664,18.469],[-66.535,18.4821],[-66.5621,18.4904],[-66.5785,18.4844],[-66.6104,18.4913],[-66.6743,18.4898],[-66.7021,18.4751],[-66.7366,18.4744],[-66.7896,18.4929],[-66.8276,18.4875],[-66.8676,18.4916],[-66.9049,18.4837],[-66.9417,18.4913],[-66.9541,18.4891],[-66.9876,18.4979],[-67.0202,18.511],[-67.0513,18.515],[-67.0836,18.5144]]],[[[-71.5703,41.2254],[-71.6131,41.1603],[-71.6,41.1469],[-71.5471,41.1537],[-71.5444,41.1649],[-71.5664,41.1882],[-71.5541,41.213],[-71.5703,41.2254]]],[[[-69.9752,41.3011],[-70.0204,41.369],[-70.0313,41.3393],[-70.0461,41.3217],[-70.0821,41.2991],[-70.1245,41.2939],[-70.187,41.2945],[-70.1939,41.2803],[-70.2213,41.277],[-70.1704,41.2574],[-70.1187,41.2424],[-70.0532,41.244],[-70.0152,41.238],[-69.975,41.2465],[-69.9641,41.2554],[-69.9603,41.2787],[-69.9752,41.3011]]],[[[-70.8486,41.4329],[-70.8637,41.4426],[-70.9019,41.4213],[-70.8712,41.4221],[-70.8486,41.4329]]],[[[-70.5978,41.4547],[-70.6036,41.4824],[-70.6422,41.4623],[-70.6597,41.4607],[-70.6719,41.4424],[-70.701,41.434],[-70.7124,41.4089],[-70.7319,41.3978],[-70.7404,41.3828],[-70.7689,41.3533],[-70.7833,41.3478],[-70.8123,41.3558],[-70.8388,41.3472],[-70.8021,41.3142],[-70.7757,41.301],[-70.7642,41.3187],[-70.7333,41.3362],[-70.6911,41.3443],[-70.5792,41.35],[-70.4633,41.3475],[-70.4483,41.3537],[-70.4462,41.3965],[-70.4504,41.4207],[-70.473,41.4088],[-70.4717,41.3962],[-70.4908,41.3836],[-70.507,41.4003],[-70.5476,41.4158],[-70.5556,41.4309],[-70.5533,41.453],[-70.5633,41.4691],[-70.5978,41.4547]]],[[[-70.6982,41.5209],[-70.7842,41.478],[-70.8071,41.4586],[-70.7904,41.4465],[-70.7679,41.4577],[-70.7344,41.4869],[-70.7123,41.4906],[-70.6899,41.5045],[-70.6982,41.5209]]],[[[-71.3652,41.512],[-71.3636,41.5709],[-71.3845,41.5567],[-71.391,41.5146],[-71.3789,41.505],[-71.3994,41.493],[-71.3944,41.4672],[-71.3587,41.4771],[-71.3652,41.512]]],[[[-71.3393,41.655],[-71.3538,41.6475],[-71.3507,41.6339],[-71.3256,41.6241],[-71.3359,41.5859],[-71.3167,41.5831],[-71.3026,41.6055],[-71.3081,41.6262],[-71.3447,41.6425],[-71.3393,41.655]]],[[[-70.096,43.7494],[-70.1036,43.7569],[-70.1276,43.7459],[-70.1427,43.7176],[-70.1063,43.7258],[-70.096,43.7494]]],[[[-69.4381,43.9095],[-69.4242,43.9341],[-69.4394,43.9391],[-69.4381,43.9095]]],[[[-68.6013,44.0863],[-68.6222,44.0955],[-68.63,44.084],[-68.6711,44.0759],[-68.6507,44.0651],[-68.661,44.0171],[-68.6278,44.0216],[-68.6128,44.0129],[-68.6011,44.0453],[-68.6013,44.0863]]],[[[-68.4983,44.1246],[-68.5187,44.1132],[-68.5083,44.1016],[-68.4915,44.1098],[-68.4983,44.1246]]],[[[-68.3451,44.1261],[-68.3626,44.1284],[-68.3766,44.1122],[-68.3621,44.1037],[-68.3317,44.1057],[-68.3451,44.1261]]],[[[-68.8403,44.1193],[-68.899,44.1234],[-68.9109,44.1047],[-68.9055,44.0898],[-68.8798,44.0751],[-68.8705,44.0509],[-68.87,44.0318],[-68.8549,44.0271],[-68.8441,44.0405],[-68.8147,44.0324],[-68.7745,44.0644],[-68.7721,44.0789],[-68.8061,44.1168],[-68.8403,44.1193]]],[[[-68.8247,44.1861],[-68.8461,44.1844],[-68.8869,44.1606],[-68.9159,44.149],[-68.9318,44.1241],[-68.8931,44.1393],[-68.8841,44.1294],[-68.8296,44.1507],[-68.8128,44.1501],[-68.8247,44.1861]]],[[[-68.4479,44.1847],[-68.4619,44.1909],[-68.4757,44.1703],[-68.487,44.1707],[-68.504,44.1507],[-68.4808,44.1464],[-68.4584,44.1552],[-68.4555,44.1369],[-68.4385,44.1162],[-68.3925,44.1421],[-68.3833,44.1559],[-68.4082,44.1763],[-68.4358,44.1681],[-68.4479,44.1847]]],[[[-68.2506,44.2576],[-68.2747,44.2587],[-68.2769,44.2408],[-68.2447,44.2374],[-68.2506,44.2576]]],[[[-68.9473,44.2781],[-68.9668,44.2509],[-68.9459,44.2483],[-68.9473,44.2781]]],[[[-68.6566,44.2697],[-68.6787,44.2647],[-68.6973,44.2471],[-68.6984,44.233],[-68.7316,44.2227],[-68.7139,44.1997],[-68.7213,44.171],[-68.7091,44.1574],[-68.668,44.1523],[-68.6414,44.1579],[-68.6136,44.1843],[-68.6205,44.2002],[-68.5794,44.1853],[-68.5641,44.1917],[-68.5649,44.2056],[-68.6026,44.223],[-68.6092,44.2445],[-68.639,44.2641],[-68.6566,44.2697]]],[[[-68.7329,44.3095],[-68.7418,44.2989],[-68.7246,44.2817],[-68.7002,44.271],[-68.682,44.288],[-68.7032,44.293],[-68.7329,44.3095]]],[[[-68.4146,44.3572],[-68.4258,44.372],[-68.4501,44.3573],[-68.4569,44.3443],[-68.4457,44.3249],[-68.4146,44.3572]]],[[[-68.4788,44.3249],[-68.5014,44.3823],[-68.5186,44.381],[-68.5207,44.3584],[-68.5335,44.33],[-68.5251,44.324],[-68.4788,44.3249]]],[[[-68.8684,44.3814],[-68.9035,44.3786],[-68.9116,44.365],[-68.9088,44.3454],[-68.9195,44.3376],[-68.9026,44.3245],[-68.9282,44.3032],[-68.9312,44.2934],[-68.9137,44.2518],[-68.9031,44.2799],[-68.8864,44.3044],[-68.8997,44.3119],[-68.8907,44.3364],[-68.8641,44.3549],[-68.8684,44.3814]]],[[[-67.8506,44.424],[-67.863,44.4545],[-67.8761,44.4404],[-67.8661,44.423],[-67.8506,44.424]]],[[[-67.531,44.5185],[-67.5606,44.5138],[-67.5452,44.4956],[-67.5431,44.4738],[-67.5106,44.4964],[-67.531,44.5185]]],[[[-67.6049,44.5155],[-67.6032,44.485],[-67.5858,44.4481],[-67.5697,44.4573],[-67.5802,44.4907],[-67.5906,44.4942],[-67.5773,44.5217],[-67.6049,44.5155]]],[[[-67.5079,44.5929],[-67.5416,44.578],[-67.5333,44.5644],[-67.5115,44.5661],[-67.5079,44.5929]]],[[[-67.3014,44.6236],[-67.3226,44.6116],[-67.3142,44.5975],[-67.2923,44.5991],[-67.2805,44.6098],[-67.3014,44.6236]]],[[[-71.8605,41.3203],[-71.8574,41.3063],[-71.8153,41.3202],[-71.7737,41.328],[-71.7517,41.3254],[-71.716,41.3311],[-71.6881,41.3428],[-71.6165,41.363],[-71.5315,41.3765],[-71.4842,41.3719],[-71.453,41.4097],[-71.4558,41.433],[-71.4311,41.4473],[-71.4184,41.4727],[-71.4214,41.4986],[-71.4149,41.5163],[-71.4177,41.5363],[-71.4426,41.5651],[-71.4388,41.5814],[-71.4038,41.5893],[-71.4086,41.622],[-71.4086,41.6632],[-71.4413,41.6865],[-71.3906,41.6841],[-71.3779,41.6667],[-71.3644,41.7047],[-71.3811,41.7273],[-71.3811,41.7557],[-71.3917,41.7811],[-71.3715,41.7834],[-71.3599,41.7451],[-71.3395,41.7248],[-71.3071,41.7217],[-71.2912,41.7027],[-71.3026,41.6818],[-71.305,41.6594],[-71.2534,41.6606],[-71.2346,41.6775],[-71.241,41.6978],[-71.2248,41.7105],[-71.1956,41.6751],[-71.208,41.6531],[-71.2365,41.6384],[-71.2511,41.6388],[-71.2719,41.624],[-71.2734,41.607],[-71.3105,41.5469],[-71.3081,41.5394],[-71.3308,41.5184],[-71.3165,41.4776],[-71.3615,41.4648],[-71.356,41.4493],[-71.3114,41.4508],[-71.2959,41.4686],[-71.2962,41.4847],[-71.2467,41.4943],[-71.228,41.5283],[-71.2366,41.5359],[-71.2361,41.5748],[-71.2436,41.5875],[-71.2407,41.6192],[-71.212,41.623],[-71.2054,41.5943],[-71.2156,41.5467],[-71.2008,41.5144],[-71.2064,41.4992],[-71.1902,41.4843],[-71.194,41.4564],[-71.1391,41.4835],[-71.1369,41.494],[-71.0857,41.5093],[-71.041,41.4975],[-71.0033,41.5119],[-70.984,41.5089],[-70.9801,41.5276],[-70.9479,41.5298],[-70.9346,41.5488],[-70.9378,41.5652],[-70.9274,41.5941],[-70.9305,41.6133],[-70.8727,41.6278],[-70.8567,41.5837],[-70.8432,41.5966],[-70.8551,41.6218],[-70.8103,41.6249],[-70.8047,41.6412],[-70.809,41.6584],[-70.7767,41.6508],[-70.7693,41.6412],[-70.7491,41.6804],[-70.7142,41.7017],[-70.7285,41.7229],[-70.7187,41.7357],[-70.664,41.7162],[-70.6265,41.713],[-70.6254,41.6987],[-70.646,41.6938],[-70.6538,41.6671],[-70.6307,41.6502],[-70.6533,41.639],[-70.64,41.6246],[-70.6524,41.6052],[-70.642,41.5831],[-70.6539,41.5652],[-70.6543,41.5499],[-70.6681,41.5329],[-70.6566,41.5148],[-70.6336,41.5383],[-70.5468,41.5514],[-70.5286,41.5467],[-70.4932,41.5521],[-70.4613,41.5718],[-70.4372,41.6053],[-70.4006,41.6064],[-70.3699,41.6159],[-70.3604,41.6311],[-70.3381,41.6363],[-70.3166,41.6255],[-70.2906,41.6352],[-70.2745,41.6329],[-70.2676,41.6109],[-70.2459,41.6285],[-70.1952,41.6479],[-70.1409,41.6504],[-70.0892,41.6628],[-70.0293,41.6678],[-69.9964,41.6672],[-69.9705,41.6455],[-69.9922,41.6033],[-69.9672,41.612],[-69.9437,41.6648],[-69.9337,41.6786],[-69.9284,41.7085],[-69.9287,41.7413],[-69.938,41.8095],[-69.9453,41.8452],[-69.9686,41.9117],[-69.9861,41.9496],[-70.0335,42.0177],[-70.0585,42.0404],[-70.0826,42.0547],[-70.116,42.0676],[-70.1893,42.0823],[-70.2256,42.0786],[-70.2454,42.0637],[-70.2187,42.0459],[-70.2087,42.0308],[-70.1868,42.0505],[-70.1554,42.0624],[-70.123,42.0517],[-70.0956,42.0328],[-70.0838,42.012],[-70.0774,41.9855],[-70.0772,41.9434],[-70.0616,41.9235],[-70.045,41.9301],[-70.0134,41.906],[-70.0242,41.8964],[-70.0002,41.8869],[-70.009,41.8766],[-70.0038,41.8085],[-70.0247,41.7874],[-70.0643,41.7729],[-70.122,41.7588],[-70.1415,41.7601],[-70.2161,41.743],[-70.2592,41.714],[-70.291,41.7343],[-70.3753,41.7388],[-70.4125,41.7444],[-70.4716,41.7616],[-70.5174,41.791],[-70.541,41.8158],[-70.5421,41.8313],[-70.5256,41.8587],[-70.5321,41.8896],[-70.5459,41.9072],[-70.544,41.9263],[-70.5836,41.95],[-70.6082,41.9407],[-70.6532,41.9525],[-70.6822,41.9799],[-70.699,41.9871],[-70.6958,42.0134],[-70.6675,42.0123],[-70.6694,42.0371],[-70.6443,42.0459],[-70.6473,42.0763],[-70.6402,42.0886],[-70.6639,42.1083],[-70.6853,42.133],[-70.7187,42.1849],[-70.713,42.2044],[-70.7306,42.2109],[-70.7602,42.235],[-70.7628,42.2504],[-70.7887,42.2539],[-70.8311,42.2674],[-70.8511,42.2683],[-70.8709,42.2857],[-70.8828,42.2681],[-70.8835,42.2463],[-70.9171,42.2726],[-70.9275,42.2593],[-70.9546,42.2544],[-70.9914,42.2658],[-71.0207,42.2866],[-71.015,42.3029],[-71.0413,42.3029],[-71.0328,42.3284],[-71.0157,42.3305],[-71.0027,42.3548],[-70.9742,42.3696],[-70.9725,42.3851],[-70.9906,42.4071],[-70.9755,42.4316],[-70.9442,42.4578],[-70.9364,42.4181],[-70.9199,42.4236],[-70.9375,42.4401],[-70.935,42.4579],[-70.922,42.4667],[-70.8943,42.4609],[-70.8797,42.4788],[-70.8474,42.4939],[-70.8456,42.5175],[-70.864,42.5186],[-70.8681,42.5484],[-70.8233,42.5515],[-70.7944,42.5645],[-70.7775,42.5594],[-70.7401,42.5748],[-70.7103,42.5726],[-70.6808,42.5935],[-70.6356,42.6003],[-70.6322,42.6168],[-70.6056,42.6349],[-70.5971,42.6518],[-70.6228,42.6609],[-70.6207,42.6767],[-70.6301,42.6927],[-70.6451,42.6894],[-70.6912,42.6558],[-70.7278,42.6659],[-70.7446,42.6813],[-70.7761,42.6913],[-70.7723,42.7111],[-70.7929,42.7471],[-70.8052,42.7818],[-70.8085,42.815],[-70.8177,42.8506],[-70.8107,42.9069],[-70.7982,42.9209],[-70.794,42.9399],[-70.7756,42.9572],[-70.7567,42.9913],[-70.75,42.9917],[-70.7284,43.0276],[-70.7121,43.0437],[-70.7115,43.058],[-70.6731,43.0703],[-70.663,43.0884],[-70.6345,43.1203],[-70.619,43.1636],[-70.5938,43.1891],[-70.5758,43.2219],[-70.5939,43.2493],[-70.5628,43.3106],[-70.5352,43.3368],[-70.5177,43.344],[-70.4752,43.3466],[-70.4163,43.3611],[-70.4277,43.3893],[-70.3892,43.4052],[-70.3766,43.4277],[-70.362,43.4391],[-70.3388,43.4435],[-70.3373,43.4573],[-70.3722,43.4551],[-70.3829,43.4697],[-70.3849,43.496],[-70.3612,43.5292],[-70.3418,43.5405],[-70.3142,43.5353],[-70.2992,43.5506],[-70.2725,43.5626],[-70.2443,43.5519],[-70.2234,43.564],[-70.1969,43.5652],[-70.2171,43.5967],[-70.2075,43.6235],[-70.2214,43.6329],[-70.2252,43.6502],[-70.241,43.6591],[-70.2514,43.6852],[-70.1938,43.7417],[-70.1976,43.7532],[-70.1869,43.7734],[-70.1539,43.7748],[-70.1363,43.7942],[-70.1258,43.7899],[-70.0944,43.8151],[-70.0441,43.835],[-70.0192,43.8587],[-69.9956,43.8521],[-69.9545,43.8482],[-69.977,43.8275],[-69.9813,43.8122],[-70.0186,43.778],[-70.0433,43.748],[-69.9837,43.7444],[-69.9556,43.7719],[-69.9319,43.7837],[-69.9018,43.7716],[-69.8734,43.7784],[-69.8615,43.7593],[-69.8687,43.7427],[-69.8487,43.7422],[-69.8579,43.7239],[-69.8551,43.7048],[-69.8335,43.7178],[-69.7903,43.7326],[-69.79,43.7394],[-69.7541,43.7439],[-69.741,43.7693],[-69.7216,43.782],[-69.7149,43.8103],[-69.7058,43.8204],[-69.6916,43.9172],[-69.6851,43.897],[-69.6875,43.8677],[-69.6859,43.8101],[-69.6533,43.791],[-69.6457,43.8194],[-69.6498,43.8363],[-69.6131,43.8375],[-69.6046,43.858],[-69.5755,43.842],[-69.5517,43.8346],[-69.545,43.8613],[-69.5495,43.88],[-69.5254,43.8772],[-69.5133,43.8448],[-69.5033,43.8377],[-69.4822,43.8786],[-69.4625,43.8981],[-69.4377,43.9758],[-69.3995,43.9824],[-69.379,43.9954],[-69.3624,43.9939],[-69.3301,43.9718],[-69.3646,43.9435],[-69.3222,43.9511],[-69.3253,43.971],[-69.2885,43.9577],[-69.2675,43.9437],[-69.2798,43.9224],[-69.2739,43.9142],[-69.2037,43.9418],[-69.1847,43.9597],[-69.1773,43.9856],[-69.1353,43.997],[-69.1132,43.9946],[-69.1281,44.0173],[-69.0942,44.039],[-69.0533,44.0773],[-69.0563,44.0952],[-69.0982,44.0831],[-69.1056,44.1017],[-69.1008,44.1169],[-69.0819,44.1155],[-69.0759,44.1346],[-69.081,44.1568],[-69.0733,44.1759],[-69.0571,44.183],[-69.0592,44.2079],[-69.0428,44.2152],[-69.0402,44.2337],[-69.0051,44.2741],[-68.9951,44.2976],[-68.9802,44.2948],[-68.9545,44.3241],[-68.9482,44.3559],[-68.9815,44.3988],[-68.9945,44.4222],[-68.9501,44.4305],[-68.9319,44.4387],[-68.9216,44.4566],[-68.8971,44.4507],[-68.8843,44.4281],[-68.8313,44.458],[-68.8351,44.4814],[-68.8144,44.4967],[-68.8059,44.5243],[-68.7857,44.5121],[-68.7778,44.485],[-68.7995,44.4489],[-68.8016,44.4348],[-68.817,44.4254],[-68.8199,44.3814],[-68.8097,44.374],[-68.8254,44.3346],[-68.8272,44.3122],[-68.7951,44.3079],[-68.762,44.3296],[-68.7393,44.3332],[-68.7257,44.3216],[-68.6652,44.2926],[-68.63,44.2862],[-68.6034,44.2747],[-68.5772,44.2542],[-68.5487,44.2436],[-68.5192,44.2591],[-68.5363,44.2913],[-68.564,44.308],[-68.5632,44.333],[-68.5454,44.355],[-68.5664,44.3945],[-68.5551,44.4037],[-68.5278,44.3985],[-68.5145,44.4133],[-68.4997,44.4142],[-68.4869,44.445],[-68.4728,44.4041],[-68.4584,44.4201],[-68.4712,44.4403],[-68.4584,44.4471],[-68.4684,44.4684],[-68.4669,44.4903],[-68.4256,44.4786],[-68.427,44.4415],[-68.4339,44.414],[-68.4308,44.397],[-68.4132,44.3995],[-68.383,44.433],[-68.3685,44.4206],[-68.3564,44.3922],[-68.398,44.3762],[-68.3966,44.364],[-68.4172,44.3446],[-68.412,44.3223],[-68.4309,44.3126],[-68.4309,44.2986],[-68.413,44.2744],[-68.4045,44.2539],[-68.3517,44.2371],[-68.3395,44.2229],[-68.3106,44.2282],[-68.291,44.2462],[-68.2953,44.2617],[-68.32,44.288],[-68.2946,44.2867],[-68.2243,44.2902],[-68.1889,44.3073],[-68.1745,44.3452],[-68.1969,44.3864],[-68.2155,44.3905],[-68.2395,44.4094],[-68.2474,44.4333],[-68.2685,44.4398],[-68.2943,44.433],[-68.312,44.4443],[-68.3474,44.4223],[-68.3673,44.4311],[-68.3538,44.4542],[-68.3293,44.4498],[-68.3231,44.4623],[-68.2982,44.4498],[-68.2806,44.4516],[-68.2941,44.4717],[-68.2433,44.4727],[-68.2186,44.4934],[-68.2114,44.5201],[-68.2017,44.52],[-68.1896,44.4754],[-68.171,44.4702],[-68.1608,44.4957],[-68.1415,44.492],[-68.1394,44.4785],[-68.1152,44.4679],[-68.1198,44.4457],[-68.1097,44.4169],[-68.1123,44.4016],[-68.0942,44.3873],[-68.0776,44.3885],[-68.0761,44.3479],[-68.067,44.3357],[-68.043,44.3437],[-68.0458,44.3579],[-68.0279,44.3676],[-68.0142,44.3859],[-68.0196,44.3989],[-68.0039,44.4109],[-67.9837,44.3844],[-67.9588,44.3989],[-67.9716,44.4109],[-67.9928,44.4608],[-67.9704,44.4708],[-67.9588,44.454],[-67.9473,44.4159],[-67.9315,44.4119],[-67.9329,44.4432],[-67.9096,44.4522],[-67.9124,44.4174],[-67.8897,44.4085],[-67.8858,44.4718],[-67.8613,44.4735],[-67.8497,44.4957],[-67.8585,44.5193],[-67.8292,44.5591],[-67.8025,44.5239],[-67.7798,44.5227],[-67.774,44.5474],[-67.7589,44.549],[-67.7444,44.5312],[-67.7434,44.4974],[-67.7131,44.4936],[-67.698,44.5095],[-67.6964,44.5338],[-67.6731,44.5395],[-67.6531,44.5258],[-67.5647,44.5321],[-67.56,44.5399],[-67.5751,44.5607],[-67.5562,44.5993],[-67.5614,44.6093],[-67.5434,44.6266],[-67.5058,44.6368],[-67.4809,44.6111],[-67.4485,44.6003],[-67.4297,44.6133],[-67.4055,44.5942],[-67.3891,44.6145],[-67.3683,44.6247],[-67.362,44.6402],[-67.374,44.663],[-67.3872,44.6654],[-67.3834,44.6889],[-67.3591,44.6996],[-67.3085,44.7075],[-67.308,44.6614],[-67.2925,44.6485],[-67.2873,44.624],[-67.2652,44.6308],[-67.2728,44.6641],[-67.2408,44.6658],[-67.2451,44.6409],[-67.2343,44.6372],[-67.1894,44.6455],[-67.1866,44.6627],[-67.1551,44.6694],[-67.1392,44.6939],[-67.1188,44.7022],[-67.1044,44.7169],[-67.0925,44.7427],[-67.0734,44.742],[-67.0566,44.7717],[-67.0261,44.7682],[-66.9763,44.8083],[-66.9965,44.8447],[-66.98,44.856],[-66.9948,44.8918],[-66.9845,44.9126],[-67.0145,44.9259],[-67.0335,44.9399],[-67.0546,44.9868],[-67.0683,45.001],[-67.0821,45.0296],[-67.1177,45.0567],[-67.0908,45.0687],[-67.1124,45.1123],[-67.1579,45.161],[-67.2039,45.1714],[-67.2273,45.1637],[-67.2467,45.1808],[-67.2711,45.1911],[-67.2898,45.1887],[-67.3017,45.1571],[-67.3216,45.1314],[-67.3542,45.1298],[-67.3802,45.1518],[-67.4046,45.1599],[-67.4003,45.1774],[-67.4278,45.2017],[-67.44,45.2271],[-67.4636,45.2441],[-67.4766,45.2749],[-67.4893,45.2813],[-67.4606,45.3004],[-67.4454,45.3302],[-67.4289,45.3442],[-67.4215,45.3741],[-67.427,45.3902],[-67.4613,45.4223],[-67.4726,45.4233],[-67.4824,45.4608],[-67.4998,45.4781],[-67.4629,45.5087],[-67.4494,45.4996],[-67.4242,45.5059],[-67.4322,45.541],[-67.421,45.55],[-67.4297,45.5838],[-67.4554,45.6047],[-67.4853,45.6016],[-67.4994,45.587],[-67.546,45.5974],[-67.5614,45.5949],[-67.5898,45.6068],[-67.6085,45.6062],[-67.6389,45.6251],[-67.6458,45.6136],[-67.6754,45.631],[-67.713,45.6812],[-67.7308,45.6782],[-67.7339,45.6645],[-67.7686,45.6776],[-67.8033,45.6779],[-67.8098,45.7293],[-67.7819,45.7312],[-67.8091,45.7675],[-67.802,45.8036],[-67.7551,45.8237],[-67.7897,45.8518],[-67.8039,45.8829],[-67.7678,45.8986],[-67.7504,45.9179],[-67.7776,45.9342],[-67.7811,45.943],[-67.7821,46.2794],[-67.7845,46.4376],[-67.7884,46.6018],[-67.7898,46.7949],[-67.7892,46.881],[-67.7905,47.0679],[-67.8889,47.1101],[-67.89,47.1247],[-67.9104,47.1482],[-67.9274,47.155],[-67.9515,47.1836],[-67.9523,47.1962],[-67.9898,47.2101],[-68.0161,47.2345],[-68.0618,47.2565],[-68.0829,47.2719],[-68.1371,47.2961],[-68.1525,47.3215],[-68.2229,47.3445],[-68.2346,47.355],[-68.2651,47.3526],[-68.2841,47.3604],[-68.3007,47.3561],[-68.3299,47.3602],[-68.3552,47.3571],[-68.3786,47.3432],[-68.3846,47.3223],[-68.377,47.2956],[-68.3835,47.2862],[-68.4166,47.2874],[-68.4287,47.2815],[-68.4583,47.2846],[-68.4749,47.2975],[-68.518,47.2961],[-68.5539,47.2823],[-68.5786,47.2876],[-68.5987,47.2699],[-68.5933,47.2595],[-68.6124,47.2448],[-68.6641,47.2368],[-68.6759,47.2426],[-68.7179,47.2409],[-68.7643,47.2221],[-68.8122,47.2155],[-68.8632,47.1886],[-68.9075,47.1849],[-68.9425,47.2064],[-68.9611,47.2056],[-68.9804,47.2201],[-69.0415,47.2456],[-69.0549,47.3153],[-69.0545,47.378],[-69.0464,47.3839],[-69.0357,47.4144],[-69.0439,47.4276],[-69.0642,47.433],[-69.0807,47.4241],[-69.1073,47.4312],[-69.1225,47.4424],[-69.1784,47.4566],[-69.2061,47.4541],[-69.2244,47.4597],[-69.4392,47.25],[-69.5664,47.125],[-69.8186,46.875],[-69.9971,46.6952],[-70.057,46.4152],[-70.0892,46.4107],[-70.1485,46.3589],[-70.172,46.3593],[-70.2074,46.3313],[-70.2057,46.2999],[-70.2313,46.2912],[-70.2484,46.2671],[-70.2709,46.2119],[-70.2927,46.1916],[-70.2396,46.1428],[-70.2551,46.1102],[-70.2898,46.0943],[-70.3011,46.0833],[-70.3067,46.0614],[-70.2797,46.0522],[-70.3176,46.0195],[-70.303,45.999],[-70.3097,45.9802],[-70.3053,45.9649],[-70.2762,45.9669],[-70.2402,45.9437],[-70.2633,45.9238],[-70.2537,45.903],[-70.2842,45.872],[-70.3062,45.8597],[-70.3424,45.8522],[-70.3595,45.8354],[-70.3879,45.8191],[-70.3959,45.7989],[-70.4169,45.7953],[-70.4057,45.7765],[-70.4065,45.7618],[-70.3885,45.7497],[-70.4004,45.7198],[-70.4389,45.7044],[-70.466,45.7063],[-70.5268,45.6665],[-70.5584,45.6667],[-70.5923,45.6299],[-70.6198,45.612],[-70.6447,45.6071],[-70.6593,45.5869],[-70.6887,45.5616],[-70.6876,45.5491],[-70.7108,45.5201],[-70.7178,45.4902],[-70.6921,45.4747],[-70.6749,45.4524],[-70.6507,45.4449],[-70.6275,45.4216],[-70.6238,45.406],[-70.6512,45.3771],[-70.678,45.3944],[-70.7123,45.3906],[-70.73,45.3994],[-70.7556,45.4284],[-70.7815,45.4312],[-70.8256,45.4003],[-70.8062,45.3766],[-70.8101,45.3485],[-70.819,45.3351],[-70.8064,45.3206],[-70.8123,45.302],[-70.8297,45.2904],[-70.8486,45.2633],[-70.857,45.2292],[-70.885,45.2349],[-70.8985,45.2441],[-70.8986,45.2585],[-70.9217,45.2795],[-70.9121,45.2962],[-70.9179,45.3119],[-70.9452,45.3257],[-70.9524,45.3391],[-70.9856,45.3322],[-71.0048,45.3454],[-71.0091,45.319],[-71.0325,45.3101],[-71.0593,45.3138],[-71.0978,45.3019],[-71.134,45.2442],[-71.1628,45.2503],[-71.1786,45.2414],[-71.203,45.2543],[-71.228,45.2497],[-71.263,45.2774],[-71.2649,45.2935],[-71.2837,45.302],[-71.3364,45.2731],[-71.3832,45.2349],[-71.4026,45.2426],[-71.4203,45.2327],[-71.3978,45.2036],[-71.4358,45.1397],[-71.4288,45.1239],[-71.4481,45.1121],[-71.4683,45.0841],[-71.4984,45.0696],[-71.4911,45.0418],[-71.5011,45.0134],[-71.5301,44.9997],[-71.5378,44.9843],[-71.5148,44.9588],[-71.5152,44.9273],[-71.496,44.9089],[-71.5568,44.8488],[-71.5522,44.8378],[-71.5751,44.8136],[-71.5717,44.7948],[-71.6179,44.7559],[-71.6252,44.744],[-71.583,44.6748],[-71.5866,44.6595],[-71.5676,44.6536],[-71.5521,44.6301],[-71.5566,44.617],[-71.5479,44.5969],[-71.5346,44.5874],[-71.5586,44.5656],[-71.5902,44.5657],[-71.5981,44.5554],[-71.573,44.5363],[-71.5869,44.5147],[-71.5839,44.5032],[-71.5995,44.4865],[-71.6393,44.4778],[-71.6618,44.4403],[-71.708,44.412],[-71.765,44.4066],[-71.7907,44.4003],[-71.8144,44.3819],[-71.8125,44.3585],[-71.8699,44.337],[-71.9023,44.3475],[-71.9291,44.3376],[-71.9811,44.3375],[-72.01,44.322],[-72.0331,44.3204],[-72.037,44.2978],[-72.0589,44.2862],[-72.0678,44.271],[-72.0479,44.2385],[-72.0662,44.1898],[-72.0411,44.1543],[-72.0523,44.1199],[-72.0483,44.0969],[-72.0362,44.0885],[-72.0755,44.0346],[-72.1053,44.0127],[-72.117,43.9945],[-72.1147,43.9695],[-72.0962,43.9681],[-72.1044,43.9505],[-72.1178,43.9468],[-72.121,43.919],[-72.1513,43.9017],[-72.1736,43.8797],[-72.1879,43.8561],[-72.1822,43.834],[-72.1848,43.8047],[-72.2041,43.7861],[-72.2048,43.7713],[-72.2327,43.7483],[-72.2712,43.7341],[-72.3029,43.7027],[-72.3058,43.6665],[-72.3152,43.6412],[-72.3274,43.6368],[-72.3324,43.5994],[-72.3731,43.5794],[-72.3828,43.5625],[-72.3804,43.5409],[-72.3986,43.5134],[-72.3809,43.4934],[-72.3926,43.4651],[-72.4038,43.3919],[-72.416,43.3765],[-72.4134,43.3627],[-72.3909,43.355],[-72.4104,43.3317],[-72.3955,43.313],[-72.4078,43.2829],[-72.4216,43.2635],[-72.4352,43.2585],[-72.4377,43.2028],[-72.4503,43.1925],[-72.4569,43.1466],[-72.433,43.1197],[-72.4431,43.1008],[-72.4352,43.0866],[-72.4674,43.0527],[-72.463,43.0285],[-72.4446,43.0106],[-72.46,43.0001],[-72.4616,42.9829],[-72.4738,42.9721],[-72.5184,42.9632],[-72.5346,42.9499],[-72.5242,42.9185],[-72.5315,42.898],[-72.5528,42.885],[-72.5572,42.853],[-72.5486,42.842],[-72.5396,42.8048],[-72.4759,42.7577],[-72.4585,42.7269],[-72.8091,42.7366],[-73.265,42.7459],[-73.3821,42.4294],[-73.5081,42.0863],[-73.4969,42.0497],[-73.4328,42.0506],[-73.2298,42.0449],[-72.9996,42.0387],[-72.8135,42.0365],[-72.8167,41.9976],[-72.7667,42.003],[-72.7517,42.0302],[-72.6959,42.0368],[-72.6079,42.0308],[-72.5823,42.0247],[-72.5732,42.0301],[-72.5281,42.0343],[-72.3171,42.0319],[-72.1357,42.0303],[-72.0635,42.0274],[-71.8007,42.0236],[-71.7979,41.9354],[-71.787,41.656],[-71.7977,41.4167],[-71.8203,41.4194],[-71.8435,41.4058],[-71.8327,41.3872],[-71.8376,41.3655],[-71.8294,41.3424],[-71.8605,41.3203]]]]}},{"type":"Feature","properties":{"NAME":"SIXTH CIRCUIT","CHIEF_JUDGE":"","ACTIVE_JUDGES":16,"SENIOR_ELIGIBLE_JUDGES":4,"VACANCIES":0,"DEMJUDGES":6,"GOPJUDGES":10,"PARTISANSHIP":-1,"DEMRETIRING":0,"GOPRETIRING":0},"geometry":{"type":"MultiPolygon","coordinates":[[[[-82.6784,41.6155],[-82.7002,41.6122],[-82.7188,41.6196],[-82.7357,41.6034],[-82.7258,41.5952],[-82.6807,41.5946],[-82.6784,41.6155]]],[[[-82.7975,41.6582],[-82.8341,41.6571],[-82.8347,41.6293],[-82.7975,41.6582]]],[[[-86.0778,45.0324],[-86.1179,45.0485],[-86.1381,45.043],[-86.1546,45.0181],[-86.1543,45.0027],[-86.1348,44.997],[-86.096,45.0064],[-86.1019,45.0228],[-86.0778,45.0324]]],[[[-85.9636,45.0636],[-85.9841,45.0871],[-85.9768,45.1384],[-85.9894,45.1511],[-86.0444,45.1596],[-86.0645,45.1396],[-86.0587,45.1008],[-86.0412,45.0904],[-85.9995,45.0541],[-85.9636,45.0636]]],[[[-85.8338,45.3796],[-85.8265,45.4059],[-85.832,45.4205],[-85.8521,45.437],[-85.8847,45.4448],[-85.8338,45.3796]]],[[[-86.6504,45.5834],[-86.6606,45.5786],[-86.6489,45.5444],[-86.6275,45.5495],[-86.6268,45.5729],[-86.6504,45.5834]]],[[[-85.6815,45.7475],[-85.6979,45.7388],[-85.6871,45.7198],[-85.6976,45.6977],[-85.6805,45.6961],[-85.6548,45.7159],[-85.6535,45.7403],[-85.6815,45.7475]]],[[[-85.5438,45.7514],[-85.568,45.7586],[-85.5622,45.7355],[-85.5723,45.7115],[-85.6049,45.6819],[-85.6103,45.6643],[-85.6045,45.6393],[-85.6199,45.6246],[-85.6292,45.5962],[-85.6218,45.5842],[-85.5616,45.5722],[-85.5411,45.5751],[-85.5269,45.5916],[-85.4917,45.6075],[-85.487,45.6212],[-85.4903,45.6521],[-85.5061,45.6812],[-85.494,45.6985],[-85.4988,45.7263],[-85.5136,45.7366],[-85.5067,45.7552],[-85.5438,45.7514]]],[[[-80.5194,41.9775],[-80.5475,41.9711],[-80.5819,41.9576],[-80.6305,41.9435],[-80.6466,41.9422],[-80.7208,41.9198],[-80.7533,41.9161],[-80.7731,41.9082],[-80.8021,41.9091],[-80.825,41.8934],[-80.8459,41.8891],[-80.9003,41.8689],[-81.0037,41.8528],[-81.086,41.8246],[-81.1129,41.8176],[-81.2275,41.7678],[-81.2642,41.7582],[-81.2869,41.7603],[-81.3016,41.7506],[-81.3532,41.7278],[-81.4419,41.6741],[-81.4886,41.6314],[-81.5297,41.6146],[-81.5998,41.5607],[-81.6568,41.5295],[-81.6651,41.5316],[-81.6964,41.5115],[-81.7448,41.4872],[-81.7823,41.4961],[-81.8202,41.4941],[-81.8603,41.4838],[-81.8774,41.4835],[-81.9447,41.4924],[-81.9673,41.5049],[-82.012,41.5156],[-82.1179,41.4895],[-82.1779,41.4716],[-82.2548,41.4346],[-82.2916,41.4285],[-82.3639,41.4281],[-82.4313,41.3969],[-82.4812,41.3814],[-82.5138,41.3843],[-82.5999,41.419],[-82.6257,41.4237],[-82.66,41.4396],[-82.6723,41.4534],[-82.7007,41.4643],[-82.7547,41.444],[-82.7663,41.4458],[-82.8127,41.4698],[-82.8585,41.4411],[-82.8811,41.4431],[-82.8889,41.4348],[-82.9227,41.4212],[-82.9422,41.4198],[-82.9586,41.4305],[-82.9714,41.4494],[-82.9868,41.4516],[-83.0032,41.4372],[-83.0392,41.4597],[-83.0074,41.4643],[-82.9931,41.4595],[-82.9745,41.4674],[-82.9538,41.4883],[-82.883,41.4886],[-82.8445,41.5017],[-82.8241,41.4903],[-82.8072,41.506],[-82.7656,41.5024],[-82.754,41.5104],[-82.7265,41.5116],[-82.7115,41.5282],[-82.7179,41.5419],[-82.7499,41.5465],[-82.7855,41.5407],[-82.8202,41.5707],[-82.8341,41.5876],[-82.8602,41.5746],[-82.8515,41.5613],[-82.8694,41.534],[-82.9123,41.5159],[-82.9371,41.5168],[-82.9696,41.5242],[-83.0281,41.5557],[-83.0666,41.5953],[-83.1039,41.6136],[-83.1459,41.6179],[-83.2364,41.6451],[-83.2376,41.651],[-83.3356,41.706],[-83.3524,41.6874],[-83.3926,41.692],[-83.423,41.6894],[-83.428,41.7121],[-83.4611,41.6959],[-83.4771,41.6985],[-83.4695,41.7187],[-83.4529,41.7406],[-83.4287,41.7509],[-83.442,41.7813],[-83.4417,41.8087],[-83.4096,41.8303],[-83.382,41.8709],[-83.3563,41.874],[-83.336,41.8897],[-83.3316,41.9141],[-83.3203,41.9326],[-83.296,41.9448],[-83.2705,41.9393],[-83.2536,41.9449],[-83.2504,41.9728],[-83.2285,41.9873],[-83.1939,41.9977],[-83.1734,42.0145],[-83.1911,42.0646],[-83.1688,42.0736],[-83.1576,42.0856],[-83.1335,42.0882],[-83.1192,42.1253],[-83.1344,42.1746],[-83.1264,42.2384],[-83.0996,42.2871],[-83.0636,42.3169],[-83.0262,42.3289],[-82.9886,42.3324],[-82.924,42.3521],[-82.9288,42.3594],[-82.9151,42.3781],[-82.8892,42.396],[-82.8677,42.4537],[-82.8802,42.4791],[-82.8823,42.501],[-82.8744,42.5235],[-82.8493,42.5557],[-82.8342,42.5679],[-82.784,42.5737],[-82.7888,42.604],[-82.812,42.6108],[-82.8201,42.6263],[-82.8135,42.6408],[-82.7924,42.6551],[-82.7603,42.6566],[-82.747,42.6728],[-82.701,42.6896],[-82.6743,42.6871],[-82.6353,42.6756],[-82.6238,42.6654],[-82.6309,42.6421],[-82.6529,42.6506],[-82.6647,42.6321],[-82.6837,42.623],[-82.6871,42.6064],[-82.713,42.5979],[-82.7012,42.586],[-82.6771,42.5974],[-82.6581,42.5909],[-82.6876,42.5661],[-82.6613,42.5686],[-82.6479,42.5594],[-82.6091,42.549],[-82.5898,42.5507],[-82.5792,42.5653],[-82.5482,42.5919],[-82.5254,42.6057],[-82.5099,42.6373],[-82.5109,42.665],[-82.4839,42.718],[-82.4836,42.7336],[-82.4675,42.7619],[-82.4826,42.8087],[-82.4682,42.8591],[-82.4699,42.8875],[-82.4556,42.9269],[-82.4286,42.952],[-82.4135,42.9769],[-82.425,42.9934],[-82.4228,43.008],[-82.486,43.1025],[-82.4942,43.1437],[-82.5089,43.1968],[-82.5231,43.2254],[-82.5324,43.3058],[-82.5308,43.3381],[-82.5375,43.3532],[-82.5331,43.3837],[-82.539,43.3977],[-82.5371,43.4331],[-82.5658,43.4928],[-82.5762,43.5287],[-82.5857,43.544],[-82.6006,43.6119],[-82.6101,43.6983],[-82.6057,43.71],[-82.6172,43.7468],[-82.6148,43.7795],[-82.6243,43.7879],[-82.6336,43.8312],[-82.6551,43.8692],[-82.6786,43.8837],[-82.6843,43.9109],[-82.6998,43.927],[-82.739,43.9895],[-82.7667,44.0087],[-82.7832,44.0094],[-82.7932,44.0233],[-82.8139,44.0324],[-82.8759,44.0451],[-82.895,44.0575],[-82.9289,44.0694],[-82.9474,44.0622],[-82.97,44.066],[-82.9907,44.0489],[-83.0277,44.0462],[-83.0438,44.019],[-83.0587,44.0062],[-83.0793,44.0011],[-83.1124,44.0047],[-83.1513,43.9878],[-83.2625,43.9753],[-83.269,43.9561],[-83.2887,43.9345],[-83.341,43.9045],[-83.3318,43.8939],[-83.3428,43.8722],[-83.3633,43.8579],[-83.3845,43.8543],[-83.4053,43.8413],[-83.4338,43.8459],[-83.4466,43.8411],[-83.4658,43.8127],[-83.4285,43.8179],[-83.4198,43.8096],[-83.4431,43.7624],[-83.4671,43.7292],[-83.4988,43.711],[-83.5242,43.7169],[-83.5512,43.6981],[-83.6249,43.6236],[-83.6678,43.5903],[-83.6852,43.5844],[-83.703,43.601],[-83.7372,43.619],[-83.7957,43.6351],[-83.8161,43.6374],[-83.8382,43.6544],[-83.8511,43.6459],[-83.8813,43.658],[-83.9126,43.6774],[-83.9393,43.7154],[-83.9523,43.7607],[-83.9305,43.7753],[-83.9164,43.8109],[-83.9179,43.8446],[-83.9115,43.8694],[-83.9086,43.9156],[-83.8929,43.9218],[-83.8767,43.9583],[-83.8564,43.9651],[-83.8331,43.9881],[-83.756,43.9857],[-83.7304,44.0015],[-83.7182,43.9932],[-83.6857,43.9889],[-83.6797,44.0364],[-83.6501,44.0524],[-83.6105,44.0563],[-83.5799,44.0494],[-83.5904,44.0696],[-83.5885,44.0857],[-83.5691,44.1048],[-83.5677,44.1559],[-83.5553,44.1899],[-83.5491,44.2273],[-83.5377,44.2482],[-83.5088,44.2737],[-83.4795,44.2801],[-83.4258,44.2725],[-83.4143,44.2946],[-83.3643,44.3326],[-83.3405,44.3311],[-83.3325,44.3405],[-83.3338,44.3725],[-83.3205,44.4069],[-83.3268,44.4444],[-83.3176,44.4861],[-83.3183,44.5144],[-83.307,44.5422],[-83.3131,44.5599],[-83.3156,44.5951],[-83.3075,44.6298],[-83.2872,44.6574],[-83.2734,44.7139],[-83.2943,44.7368],[-83.291,44.7655],[-83.2967,44.7871],[-83.2937,44.8083],[-83.3001,44.8288],[-83.3215,44.8585],[-83.3151,44.8806],[-83.364,44.8902],[-83.394,44.9031],[-83.4046,44.9188],[-83.4253,44.9267],[-83.4437,44.9523],[-83.446,44.9808],[-83.4538,44.9991],[-83.4353,45.0119],[-83.4555,45.0251],[-83.4338,45.0576],[-83.3771,45.0761],[-83.3559,45.05],[-83.3403,45.0416],[-83.2666,45.0228],[-83.2784,45.0458],[-83.3063,45.0497],[-83.2885,45.0704],[-83.3199,45.1208],[-83.322,45.1339],[-83.3487,45.1615],[-83.3681,45.1725],[-83.3803,45.2038],[-83.4123,45.2398],[-83.4156,45.2558],[-83.3916,45.2524],[-83.3814,45.2695],[-83.4081,45.2877],[-83.4224,45.2908],[-83.476,45.3324],[-83.5203,45.3472],[-83.5383,45.3582],[-83.5686,45.3475],[-83.5968,45.3521],[-83.6307,45.365],[-83.6642,45.3838],[-83.6973,45.3962],[-83.716,45.4149],[-83.7601,45.4123],[-83.7712,45.407],[-83.8108,45.4206],[-83.8415,45.4353],[-83.8818,45.4679],[-83.9095,45.4858],[-83.9393,45.4932],[-83.9898,45.4916],[-84.0367,45.4978],[-84.0561,45.4894],[-84.0898,45.4944],[-84.1128,45.5083],[-84.1373,45.5724],[-84.167,45.5922],[-84.196,45.6215],[-84.2153,45.6348],[-84.2702,45.6448],[-84.3295,45.6644],[-84.3764,45.6556],[-84.4136,45.6694],[-84.4305,45.645],[-84.4424,45.6548],[-84.4616,45.6531],[-84.4905,45.6639],[-84.498,45.6728],[-84.5367,45.6879],[-84.5571,45.7089],[-84.5736,45.7104],[-84.6325,45.7326],[-84.6805,45.7555],[-84.723,45.7681],[-84.7262,45.7869],[-84.7516,45.7827],[-84.7728,45.7893],[-84.7918,45.7821],[-84.7814,45.7611],[-84.811,45.7467],[-84.841,45.7448],[-84.8787,45.7562],[-84.9078,45.7475],[-84.9247,45.7569],[-84.9948,45.7583],[-84.9623,45.7446],[-84.9421,45.7285],[-84.9446,45.709],[-84.9808,45.6814],[-84.993,45.68],[-85.0012,45.6612],[-85.0153,45.6516],[-85.0615,45.6395],[-85.0749,45.6293],[-85.0935,45.6001],[-85.1119,45.5858],[-85.1197,45.569],[-85.1155,45.5394],[-85.0937,45.4816],[-85.0625,45.4513],[-85.037,45.4349],[-85,45.4268],[-84.981,45.4294],[-84.922,45.4219],[-84.913,45.4098],[-84.9159,45.3931],[-84.9939,45.3682],[-85.013,45.3711],[-85.0431,45.3615],[-85.1093,45.3667],[-85.1379,45.3735],[-85.1928,45.3602],[-85.2036,45.3619],[-85.2738,45.3155],[-85.3039,45.3186],[-85.3128,45.3061],[-85.3716,45.2708],[-85.3857,45.2385],[-85.3881,45.1915],[-85.3805,45.1809],[-85.3789,45.1516],[-85.3635,45.1116],[-85.3705,45.0744],[-85.3807,45.0463],[-85.3817,45.0184],[-85.3759,45.0033],[-85.3958,44.931],[-85.4258,44.8817],[-85.4514,44.854],[-85.4715,44.8166],[-85.4994,44.8044],[-85.5093,44.7873],[-85.5067,44.7658],[-85.5272,44.7475],[-85.5543,44.7488],[-85.5766,44.7602],[-85.5595,44.7875],[-85.5559,44.8183],[-85.5399,44.8342],[-85.4998,44.8561],[-85.4999,44.8723],[-85.4886,44.9017],[-85.4913,44.9276],[-85.4799,44.9623],[-85.4655,44.9652],[-85.4749,44.9917],[-85.4907,44.9905],[-85.52,44.974],[-85.5202,44.9604],[-85.5397,44.9168],[-85.5329,44.8732],[-85.5489,44.8632],[-85.5685,44.8254],[-85.5791,44.8177],[-85.5993,44.7659],[-85.6281,44.7672],[-85.6408,44.7756],[-85.6333,44.8004],[-85.6514,44.8316],[-85.6455,44.8837],[-85.6255,44.9211],[-85.6007,44.9245],[-85.6048,44.9384],[-85.6024,44.9743],[-85.6301,44.9669],[-85.6483,44.9717],[-85.6298,45.0025],[-85.5997,45.0218],[-85.5966,45.0442],[-85.5829,45.0716],[-85.5984,45.0915],[-85.6143,45.1276],[-85.5998,45.1493],[-85.5702,45.1552],[-85.5315,45.1773],[-85.5267,45.1893],[-85.5408,45.2109],[-85.586,45.1804],[-85.6175,45.1871],[-85.656,45.1458],[-85.6757,45.1154],[-85.6811,45.0927],[-85.7123,45.0656],[-85.7408,45.0556],[-85.763,45.0226],[-85.78,45.0096],[-85.7783,44.9831],[-85.8074,44.9498],[-85.8362,44.9403],[-85.8699,44.939],[-85.8915,44.9578],[-85.9316,44.9688],[-85.9527,44.9408],[-85.9672,44.9295],[-85.9802,44.9061],[-85.9925,44.9],[-86.0215,44.9028],[-86.0438,44.9147],[-86.0668,44.9057],[-86.0725,44.8848],[-86.0665,44.8199],[-86.0786,44.7944],[-86.074,44.7699],[-86.0896,44.742],[-86.1211,44.728],[-86.1548,44.7321],[-86.1806,44.7187],[-86.2325,44.7061],[-86.2568,44.6868],[-86.259,44.6637],[-86.2441,44.6271],[-86.2255,44.5946],[-86.2238,44.5491],[-86.2387,44.5017],[-86.2489,44.483],[-86.2518,44.4516],[-86.2481,44.421],[-86.2687,44.3453],[-86.3003,44.3082],[-86.3273,44.2631],[-86.3438,44.2496],[-86.3629,44.2081],[-86.3851,44.1845],[-86.4137,44.1385],[-86.4469,44.106],[-86.5005,44.0756],[-86.5147,44.0581],[-86.5017,44.0219],[-86.4631,43.971],[-86.4604,43.9484],[-86.4479,43.9181],[-86.4455,43.8897],[-86.4339,43.8556],[-86.4302,43.8276],[-86.4336,43.8018],[-86.4451,43.7716],[-86.4616,43.7467],[-86.5292,43.6779],[-86.5385,43.6588],[-86.5385,43.6175],[-86.5202,43.5767],[-86.4793,43.5153],[-86.4651,43.4847],[-86.4487,43.432],[-86.4218,43.3672],[-86.3958,43.3162],[-86.3256,43.2101],[-86.2808,43.136],[-86.2547,43.0834],[-86.2263,42.9883],[-86.2162,42.919],[-86.2107,42.8591],[-86.2112,42.7765],[-86.2066,42.7095],[-86.2179,42.6594],[-86.2291,42.6377],[-86.2256,42.5948],[-86.2406,42.54],[-86.2471,42.491],[-86.2616,42.4439],[-86.2769,42.4133],[-86.2972,42.3582],[-86.3218,42.3108],[-86.3562,42.2542],[-86.4042,42.1964],[-86.4663,42.1344],[-86.4852,42.1182],[-86.5165,42.0601],[-86.5531,42.0062],[-86.5822,41.9422],[-86.5979,41.9183],[-86.6218,41.8919],[-86.669,41.8557],[-86.6845,41.8402],[-86.7772,41.7847],[-86.8248,41.7602],[-86.5193,41.7595],[-86.1278,41.7606],[-85.7914,41.7591],[-85.6076,41.7591],[-85.3081,41.7601],[-84.9728,41.7594],[-84.8059,41.7602],[-84.8062,41.6746],[-84.8047,41.5302],[-84.8035,41.2525],[-84.8033,40.9892],[-84.8022,40.8006],[-84.8026,40.5018],[-84.8045,40.4116],[-84.8039,40.3101],[-84.8112,39.9953],[-84.8142,39.8142],[-84.8143,39.6558],[-84.8158,39.4774],[-84.8195,39.3052],[-84.8202,39.1055],[-84.8607,39.0781],[-84.8889,39.0664],[-84.8967,39.0533],[-84.8371,38.9881],[-84.8299,38.9694],[-84.8352,38.958],[-84.8708,38.9292],[-84.8793,38.9161],[-84.8701,38.9004],[-84.8305,38.8973],[-84.8003,38.8911],[-84.7864,38.8822],[-84.7883,38.8643],[-84.8234,38.8392],[-84.8271,38.8186],[-84.8116,38.7928],[-84.8378,38.7849],[-84.8873,38.7948],[-84.933,38.7775],[-84.9919,38.7785],[-85.011,38.767],[-85.0719,38.7416],[-85.0977,38.7275],[-85.1367,38.7002],[-85.1731,38.688],[-85.2133,38.6955],[-85.2465,38.7318],[-85.2685,38.7402],[-85.3053,38.7416],[-85.3723,38.7305],[-85.4102,38.7371],[-85.4363,38.7285],[-85.4524,38.7082],[-85.4555,38.6821],[-85.4387,38.6593],[-85.4397,38.6115],[-85.4158,38.5636],[-85.4224,38.5329],[-85.4669,38.5108],[-85.4989,38.4682],[-85.5248,38.4576],[-85.586,38.4501],[-85.6183,38.4264],[-85.6329,38.3957],[-85.6387,38.364],[-85.6554,38.3239],[-85.6836,38.2955],[-85.7409,38.2679],[-85.7609,38.272],[-85.7723,38.2856],[-85.7869,38.2885],[-85.8174,38.2824],[-85.8362,38.2653],[-85.8391,38.2397],[-85.8524,38.2219],[-85.8803,38.2034],[-85.9039,38.1741],[-85.9088,38.1338],[-85.9053,38.0889],[-85.9163,38.0609],[-85.9257,38.0218],[-85.9471,38.0051],[-85.9774,38.0034],[-86.0256,37.9945],[-86.0354,37.9814],[-86.0344,37.9646],[-86.05,37.9605],[-86.0649,37.9756],[-86.0794,38.0006],[-86.1042,38.0126],[-86.1283,38.0162],[-86.1766,38.0102],[-86.2207,38.0282],[-86.2333,38.0396],[-86.2672,38.0568],[-86.2777,38.0825],[-86.2791,38.1008],[-86.2703,38.1298],[-86.2871,38.1579],[-86.3171,38.1729],[-86.3477,38.1954],[-86.3738,38.1934],[-86.3774,38.1714],[-86.3661,38.1615],[-86.328,38.1548],[-86.3212,38.147],[-86.3406,38.1277],[-86.3753,38.1306],[-86.4051,38.1058],[-86.4295,38.1253],[-86.4498,38.1272],[-86.4661,38.1144],[-86.4588,38.096],[-86.4341,38.0868],[-86.4328,38.0672],[-86.4522,38.0505],[-86.5173,38.0426],[-86.525,38.0279],[-86.5252,37.9682],[-86.507,37.9364],[-86.511,37.9261],[-86.5342,37.917],[-86.5886,37.9212],[-86.5999,37.9068],[-86.5981,37.8674],[-86.6046,37.8583],[-86.6383,37.8427],[-86.6583,37.8442],[-86.6625,37.857],[-86.6448,37.8948],[-86.6501,37.9106],[-86.686,37.9131],[-86.7185,37.8931],[-86.7315,37.8943],[-86.751,37.9129],[-86.7799,37.9555],[-86.7955,37.9895],[-86.8235,37.9989],[-86.856,37.9873],[-86.902,37.9465],[-86.9258,37.9351],[-86.979,37.9302],[-87.0124,37.9187],[-87.0452,37.8943],[-87.0433,37.8686],[-87.0567,37.8275],[-87.0697,37.8015],[-87.0893,37.7879],[-87.111,37.7824],[-87.1296,37.7866],[-87.1415,37.8163],[-87.1648,37.8414],[-87.2203,37.8491],[-87.2565,37.8684],[-87.2804,37.8856],[-87.3198,37.9055],[-87.3449,37.9112],[-87.3854,37.9377],[-87.4133,37.9447],[-87.4378,37.9442],[-87.4655,37.9337],[-87.4969,37.9112],[-87.5115,37.9064],[-87.5513,37.9254],[-87.5765,37.9521],[-87.5757,37.9678],[-87.6016,37.9713],[-87.6065,37.9489],[-87.6279,37.9223],[-87.6208,37.9077],[-87.5871,37.8849],[-87.5903,37.8586],[-87.6154,37.832],[-87.6459,37.8259],[-87.6724,37.8291],[-87.6816,37.8559],[-87.6654,37.8795],[-87.665,37.8935],[-87.684,37.9035],[-87.7107,37.8939],[-87.7623,37.8909],[-87.7952,37.8753],[-87.8306,37.8765],[-87.8572,37.9007],[-87.8656,37.9151],[-87.8925,37.9279],[-87.9048,37.9249],[-87.9384,37.8908],[-87.9362,37.8679],[-87.9149,37.8496],[-87.9038,37.8178],[-87.9068,37.8076],[-87.9349,37.7952],[-87.9445,37.7753],[-87.96,37.7732],[-87.9764,37.788],[-88.0151,37.8019],[-88.0358,37.7919],[-88.0426,37.7671],[-88.0638,37.7387],[-88.125,37.7071],[-88.1582,37.6645],[-88.1584,37.64],[-88.1422,37.6037],[-88.1334,37.5742],[-88.1056,37.5562],[-88.0881,37.5351],[-88.069,37.5253],[-88.0626,37.496],[-88.0818,37.473],[-88.1351,37.4716],[-88.1753,37.4638],[-88.2817,37.4526],[-88.3126,37.4406],[-88.3616,37.4029],[-88.4088,37.4252],[-88.456,37.4085],[-88.4766,37.3869],[-88.487,37.3396],[-88.5115,37.2985],[-88.5159,37.284],[-88.5093,37.2621],[-88.485,37.2408],[-88.4718,37.2202],[-88.4478,37.2035],[-88.4315,37.1603],[-88.4244,37.1524],[-88.459,37.0738],[-88.4761,37.0682],[-88.5214,37.0656],[-88.5733,37.08],[-88.5768,37.0898],[-88.6114,37.1128],[-88.6878,37.1394],[-88.7321,37.144],[-88.8057,37.1886],[-88.9169,37.2243],[-88.9503,37.2249],[-88.9747,37.2297],[-89.001,37.2244],[-89.03,37.2112],[-89.0762,37.1751],[-89.0929,37.1564],[-89.1112,37.1191],[-89.1545,37.0889],[-89.1757,37.0621],[-89.1825,37.0373],[-89.1665,37.0033],[-89.1327,36.9822],[-89.1183,36.9819],[-89.0996,36.9645],[-89.1008,36.944],[-89.1176,36.8874],[-89.138,36.8474],[-89.1734,36.8398],[-89.1774,36.8073],[-89.1559,36.7891],[-89.1289,36.7877],[-89.1169,36.7756],[-89.1261,36.7517],[-89.1669,36.7596],[-89.1845,36.7536],[-89.1978,36.7394],[-89.1995,36.7161],[-89.1695,36.6889],[-89.1591,36.6664],[-89.1977,36.6289],[-89.2026,36.6016],[-89.2136,36.5801],[-89.2273,36.5694],[-89.2583,36.565],[-89.2946,36.5937],[-89.3267,36.6322],[-89.3565,36.6284],[-89.3755,36.6157],[-89.3828,36.5836],[-89.3959,36.5597],[-89.3987,36.5423],[-89.4173,36.499],[-89.4531,36.4613],[-89.4765,36.4579],[-89.4943,36.476],[-89.4687,36.5213],[-89.4655,36.5362],[-89.4733,36.5599],[-89.4848,36.5718],[-89.5276,36.5812],[-89.5526,36.5772],[-89.5668,36.5642],[-89.5712,36.5473],[-89.5603,36.5254],[-89.5197,36.467],[-89.5273,36.4516],[-89.5451,36.4349],[-89.5423,36.4201],[-89.514,36.3849],[-89.5097,36.3736],[-89.519,36.3486],[-89.5318,36.3393],[-89.5604,36.3378],[-89.5816,36.3424],[-89.6107,36.3404],[-89.6203,36.323],[-89.6118,36.3091],[-89.5785,36.2883],[-89.5355,36.2705],[-89.5348,36.2526],[-89.558,36.251],[-89.5873,36.2395],[-89.6112,36.2393],[-89.6525,36.2507],[-89.6781,36.2483],[-89.6952,36.2528],[-89.7053,36.2366],[-89.6926,36.225],[-89.607,36.1712],[-89.5922,36.1501],[-89.594,36.1272],[-89.6283,36.1069],[-89.6666,36.0958],[-89.68,36.0825],[-89.6873,36.0341],[-89.7192,35.986],[-89.7146,35.963],[-89.6562,35.9258],[-89.6448,35.9044],[-89.666,35.8829],[-89.6881,35.897],[-89.7149,35.9063],[-89.7412,35.9068],[-89.7657,35.8913],[-89.7729,35.8763],[-89.7643,35.8583],[-89.7093,35.8389],[-89.7061,35.8183],[-89.743,35.8058],[-89.7579,35.8104],[-89.7818,35.8051],[-89.7963,35.7928],[-89.7993,35.7754],[-89.8145,35.7599],[-89.8463,35.7557],[-89.8729,35.7413],[-89.9055,35.7591],[-89.9503,35.7385],[-89.9589,35.7238],[-89.9558,35.6906],[-89.931,35.6601],[-89.9154,35.6528],[-89.887,35.6536],[-89.8648,35.6704],[-89.8535,35.663],[-89.8566,35.6345],[-89.8944,35.6155],[-89.9107,35.6175],[-89.9454,35.6016],[-89.9568,35.5905],[-89.9414,35.5566],[-89.9132,35.5496],[-89.9039,35.5342],[-89.9193,35.5139],[-89.9577,35.5272],[-89.9585,35.5417],[-89.9894,35.56],[-90.0083,35.5601],[-90.0397,35.548],[-90.0491,35.5223],[-90.0485,35.5044],[-90.035,35.4807],[-90.0188,35.4648],[-90.0316,35.4277],[-90.0566,35.4038],[-90.0741,35.434],[-90.0678,35.4662],[-90.085,35.4788],[-90.1077,35.4769],[-90.1206,35.4657],[-90.1295,35.4419],[-90.169,35.4219],[-90.1793,35.3852],[-90.1663,35.3748],[-90.1355,35.3767],[-90.1435,35.3876],[-90.1435,35.4067],[-90.1169,35.4117],[-90.075,35.3842],[-90.1073,35.3431],[-90.1039,35.3324],[-90.1091,35.305],[-90.1638,35.2961],[-90.1689,35.282],[-90.1589,35.2626],[-90.1404,35.2523],[-90.1165,35.2558],[-90.0995,35.2514],[-90.0788,35.2278],[-90.0965,35.1949],[-90.1174,35.1879],[-90.0929,35.1572],[-90.0694,35.1537],[-90.0666,35.136],[-90.0834,35.1217],[-90.1006,35.1167],[-90.139,35.134],[-90.156,35.131],[-90.1736,35.1181],[-90.1951,35.0618],[-90.1961,35.0374],[-90.2094,35.0266],[-90.292,35.0418],[-90.3099,35.0098],[-90.3093,34.9957],[-89.9559,34.9946],[-89.7952,34.9943],[-89.7418,34.9952],[-89.5112,34.9948],[-89.435,34.9938],[-89.2174,34.9947],[-89.1568,34.9939],[-88.9252,34.9948],[-88.6844,34.9955],[-88.4628,34.996],[-88.2001,34.9956],[-88.203,35.008],[-88,35.0059],[-87.8519,35.0057],[-87.6641,35.0035],[-87.4286,35.0028],[-87.2992,35.0009],[-86.8622,34.992],[-86.6767,34.9921],[-86.5285,34.9907],[-86.3972,34.9917],[-86.0616,34.9896],[-85.8244,34.9881],[-85.6052,34.9847],[-85.4667,34.983],[-85.385,34.983],[-85.2776,34.985],[-84.9393,34.9879],[-84.8081,34.9876],[-84.5099,34.988],[-84.3219,34.9884],[-84.3175,35.022],[-84.3109,35.0726],[-84.31,35.0789],[-84.3048,35.1217],[-84.2952,35.1824],[-84.2923,35.2067],[-84.2902,35.2256],[-84.2825,35.2279],[-84.2754,35.2348],[-84.2603,35.2419],[-84.2402,35.2552],[-84.2318,35.2648],[-84.2278,35.2679],[-84.2237,35.2691],[-84.2163,35.268],[-84.2118,35.2661],[-84.1991,35.2437],[-84.1067,35.2515],[-84.0557,35.2682],[-84.0427,35.2784],[-84.036,35.2887],[-84.0291,35.2922],[-84.0279,35.2928],[-84.0235,35.2958],[-84.0214,35.3014],[-84.0265,35.3093],[-84.035,35.312],[-84.0355,35.3178],[-84.0325,35.3253],[-84.0322,35.3286],[-84.0304,35.3305],[-84.0294,35.3332],[-84.0313,35.3364],[-84.0324,35.3369],[-84.0362,35.3377],[-84.0383,35.3478],[-84.0325,35.3526],[-84.0291,35.3536],[-84.0235,35.3542],[-84.0151,35.3649],[-84.0077,35.3716],[-84.0076,35.3717],[-84.0082,35.3904],[-84.0181,35.3991],[-84.0147,35.412],[-84.0117,35.4154],[-84.0053,35.4209],[-84.0023,35.4226],[-83.9992,35.4261],[-83.9982,35.4308],[-83.9966,35.4338],[-83.9926,35.4381],[-83.9731,35.4489],[-83.9652,35.4554],[-83.9614,35.4595],[-83.9611,35.4641],[-83.9554,35.4635],[-83.9529,35.4606],[-83.9494,35.4612],[-83.943,35.4651],[-83.9422,35.4673],[-83.937,35.4715],[-83.9118,35.476],[-83.9014,35.4966],[-83.8826,35.5172],[-83.8726,35.5212],[-83.8593,35.5219],[-83.8539,35.5211],[-83.8485,35.5193],[-83.8256,35.5238],[-83.8024,35.5416],[-83.7868,35.5472],[-83.7801,35.5504],[-83.7731,35.5575],[-83.7717,35.5621],[-83.7235,35.5619],[-83.7208,35.5634],[-83.7072,35.5685],[-83.6297,35.5679],[-83.6153,35.574],[-83.6089,35.5795],[-83.6048,35.5793],[-83.6019,35.5782],[-83.5878,35.567],[-83.5871,35.564],[-83.5856,35.5629],[-83.582,35.5627],[-83.5661,35.566],[-83.5593,35.5648],[-83.5522,35.5644],[-83.5205,35.5656],[-83.4983,35.563],[-83.4917,35.5669],[-83.4855,35.5682],[-83.4714,35.5903],[-83.4458,35.6118],[-83.4323,35.6099],[-83.4204,35.6135],[-83.4036,35.6213],[-83.3966,35.6227],[-83.3927,35.6251],[-83.3669,35.6387],[-83.3582,35.6473],[-83.3562,35.65],[-83.3554,35.6523],[-83.3555,35.6546],[-83.3538,35.6575],[-83.3516,35.6599],[-83.3493,35.6609],[-83.3473,35.6605],[-83.3377,35.6631],[-83.335,35.6655],[-83.3211,35.6628],[-83.3179,35.659],[-83.3128,35.6548],[-83.3105,35.6545],[-83.2972,35.6578],[-83.2892,35.6745],[-83.2812,35.6778],[-83.2755,35.6795],[-83.2714,35.6815],[-83.2556,35.6961],[-83.2542,35.7095],[-83.2545,35.7124],[-83.2555,35.715],[-83.2555,35.7151],[-83.2554,35.7162],[-83.2513,35.7199],[-83.2435,35.7225],[-83.2421,35.7236],[-83.2407,35.7268],[-83.1983,35.7255],[-83.1884,35.7298],[-83.1857,35.7299],[-83.1775,35.7439],[-83.1702,35.7461],[-83.1648,35.7546],[-83.1654,35.7587],[-83.1615,35.7634],[-83.1592,35.7649],[-83.1481,35.7643],[-83.147,35.7651],[-83.1277,35.7681],[-83.1202,35.7662],[-83.0787,35.7895],[-83.0362,35.7874],[-83.0124,35.7798],[-83.0061,35.7784],[-83.0015,35.7738],[-82.9958,35.7731],[-82.9921,35.774],[-82.9745,35.7868],[-82.9697,35.7897],[-82.9641,35.79],[-82.9455,35.8247],[-82.9319,35.8364],[-82.9276,35.8386],[-82.9234,35.8393],[-82.9166,35.8414],[-82.9166,35.8415],[-82.9181,35.8452],[-82.921,35.8511],[-82.9194,35.8605],[-82.9212,35.8638],[-82.9206,35.8685],[-82.9123,35.8685],[-82.9013,35.8726],[-82.8973,35.8779],[-82.8963,35.8803],[-82.9018,35.8903],[-82.9069,35.9074],[-82.9103,35.9126],[-82.9133,35.9241],[-82.9048,35.9261],[-82.9016,35.9274],[-82.9003,35.9291],[-82.899,35.9304],[-82.8997,35.9326],[-82.9017,35.9377],[-82.8927,35.9452],[-82.8742,35.9527],[-82.8526,35.9491],[-82.826,35.9297],[-82.8059,35.9379],[-82.7875,35.9522],[-82.7852,35.9592],[-82.7854,35.9625],[-82.7831,35.965],[-82.7778,35.9669],[-82.7749,35.972],[-82.7818,35.9746],[-82.7856,35.9778],[-82.7853,35.9871],[-82.7853,35.9879],[-82.7794,35.9925],[-82.7786,35.997],[-82.7773,35.9988],[-82.776,36.0001],[-82.7501,36.006],[-82.7319,36.0176],[-82.716,36.0228],[-82.7154,36.0243],[-82.7156,36.0269],[-82.7152,36.0286],[-82.7075,36.0301],[-82.7032,36.0324],[-82.7011,36.0344],[-82.6889,36.0386],[-82.6856,36.042],[-82.6848,36.045],[-82.6836,36.0461],[-82.673,36.0504],[-82.6684,36.0529],[-82.6573,36.0566],[-82.6548,36.0562],[-82.6502,36.0578],[-82.6323,36.0657],[-82.6284,36.0621],[-82.6187,36.0561],[-82.6173,36.0542],[-82.6018,36.036],[-82.6018,36.0243],[-82.6151,36.0003],[-82.6042,35.9873],[-82.6109,35.9674],[-82.5777,35.9642],[-82.5579,35.9539],[-82.5532,35.9606],[-82.5497,35.9643],[-82.5054,35.9777],[-82.5002,35.9826],[-82.4875,35.9916],[-82.4837,35.9939],[-82.4607,36.0078],[-82.4095,36.0834],[-82.4045,36.0876],[-82.39,36.0969],[-82.3805,36.0993],[-82.3756,36.1056],[-82.3666,36.1077],[-82.3609,36.1106],[-82.3604,36.1116],[-82.3552,36.1156],[-82.35,36.1171],[-82.3484,36.1159],[-82.3469,36.1152],[-82.3368,36.1149],[-82.3182,36.1209],[-82.3029,36.1313],[-82.2977,36.1335],[-82.2973,36.1336],[-82.2895,36.1357],[-82.2885,36.1354],[-82.2804,36.1288],[-82.2787,36.1285],[-82.2741,36.1294],[-82.271,36.1276],[-82.2688,36.127],[-82.2657,36.1276],[-82.2604,36.1337],[-82.2475,36.1309],[-82.2457,36.132],[-82.2445,36.1328],[-82.2416,36.1371],[-82.2364,36.1399],[-82.2249,36.15],[-82.2232,36.1548],[-82.2221,36.1569],[-82.2139,36.1591],[-82.2049,36.1571],[-82.1769,36.1422],[-82.1722,36.1464],[-82.1693,36.1466],[-82.1609,36.1466],[-82.156,36.1481],[-82.1485,36.1494],[-82.148,36.1495],[-82.1442,36.1442],[-82.1409,36.1362],[-82.1366,36.1288],[-82.1306,36.1064],[-82.0797,36.1065],[-82.0671,36.112],[-82.0613,36.1131],[-82.056,36.1207],[-82.0541,36.1268],[-82.0439,36.1254],[-82.0379,36.1211],[-82.0338,36.1205],[-82.0331,36.1204],[-81.9601,36.2281],[-81.9081,36.302],[-81.8977,36.3075],[-81.8946,36.3072],[-81.8872,36.3092],[-81.8794,36.3138],[-81.8762,36.3161],[-81.8743,36.3192],[-81.8632,36.3302],[-81.8627,36.3306],[-81.8573,36.3348],[-81.8509,36.3375],[-81.8413,36.3433],[-81.8332,36.3473],[-81.7908,36.3559],[-81.7649,36.3387],[-81.7544,36.3371],[-81.7513,36.3372],[-81.7502,36.3379],[-81.7478,36.3374],[-81.7445,36.3378],[-81.7174,36.3478],[-81.7243,36.3578],[-81.7261,36.3689],[-81.7312,36.3741],[-81.7346,36.3796],[-81.7336,36.382],[-81.7307,36.383],[-81.7293,36.3856],[-81.7301,36.3864],[-81.7302,36.3888],[-81.7286,36.3912],[-81.731,36.3939],[-81.7339,36.3946],[-81.7387,36.3948],[-81.7414,36.4032],[-81.7407,36.4131],[-81.7207,36.4225],[-81.7149,36.4572],[-81.7083,36.4622],[-81.7011,36.4642],[-81.6992,36.464],[-81.698,36.4647],[-81.6953,36.4679],[-81.6959,36.4916],[-81.6973,36.4961],[-81.6999,36.498],[-81.7002,36.5005],[-81.6973,36.5049],[-81.708,36.5362],[-81.6891,36.5559],[-81.6925,36.5658],[-81.6902,36.5687],[-81.6864,36.5679],[-81.6799,36.5686],[-81.677,36.5707],[-81.6772,36.5744],[-81.679,36.5789],[-81.6794,36.5811],[-81.6801,36.5855],[-81.6469,36.6119],[-81.7369,36.6124],[-81.9226,36.6162],[-81.9341,36.5942],[-82.0142,36.5944],[-82.1486,36.5947],[-82.174,36.5946],[-82.2105,36.5958],[-82.2107,36.5958],[-82.211,36.5959],[-82.2217,36.5958],[-82.2234,36.5957],[-82.2257,36.5958],[-82.2267,36.5958],[-82.2351,36.5957],[-82.2441,36.5957],[-82.2727,36.5957],[-82.297,36.5957],[-82.4666,36.5945],[-82.4872,36.5958],[-82.6799,36.5937],[-82.888,36.5935],[-83.0284,36.5939],[-83.1017,36.5939],[-83.1747,36.5939],[-83.2611,36.5939],[-83.2763,36.5982],[-83.3083,36.5979],[-83.3468,36.5976],[-83.3749,36.5974],[-83.5568,36.5974],[-83.5952,36.5978],[-83.6221,36.5981],[-83.6226,36.5981],[-83.6754,36.6008],[-83.6746,36.6031],[-83.6739,36.6039],[-83.6734,36.6044],[-83.6731,36.6047],[-83.6656,36.6058],[-83.6495,36.6167],[-83.625,36.6252],[-83.6199,36.628],[-83.6145,36.634],[-83.5773,36.6418],[-83.5654,36.6478],[-83.5626,36.6513],[-83.5418,36.6566],[-83.5319,36.665],[-83.5117,36.6691],[-83.5014,36.6691],[-83.498,36.6705],[-83.4939,36.6701],[-83.4889,36.6677],[-83.4826,36.6662],[-83.4547,36.6648],[-83.4481,36.6653],[-83.4408,36.6669],[-83.4237,36.6674],[-83.4195,36.6685],[-83.4118,36.6708],[-83.3958,36.6768],[-83.3953,36.6795],[-83.3893,36.685],[-83.3861,36.6866],[-83.3071,36.7114],[-83.2878,36.7138],[-83.2755,36.718],[-83.2693,36.7185],[-83.2636,36.721],[-83.22,36.7313],[-83.1946,36.7395],[-83.1757,36.7396],[-83.1674,36.7392],[-83.1615,36.7399],[-83.1567,36.7422],[-83.1461,36.7418],[-83.1364,36.7431],[-83.1363,36.7433],[-83.1343,36.7466],[-83.131,36.7498],[-83.1278,36.7508],[-83.1288,36.7579],[-83.1267,36.761],[-83.1257,36.7614],[-83.1288,36.7628],[-83.1325,36.7644],[-83.1332,36.7832],[-83.1318,36.7854],[-83.1233,36.7867],[-83.1191,36.7895],[-83.1108,36.8004],[-83.1031,36.8067],[-83.0985,36.8143],[-83.0989,36.823],[-83.1017,36.8267],[-83.1021,36.8282],[-83.1018,36.8291],[-83.0989,36.8318],[-83.0913,36.8344],[-83.087,36.8382],[-83.0797,36.8406],[-83.0752,36.8409],[-83.0756,36.8506],[-83.0727,36.8544],[-83.0726,36.8546],[-83.0476,36.8518],[-83.0422,36.8544],[-83.0269,36.8555],[-83.0259,36.8553],[-83.0244,36.8517],[-83.0219,36.85],[-83.0126,36.8473],[-83.0092,36.8473],[-83.0061,36.8479],[-83.0038,36.8518],[-82.9984,36.8566],[-82.9703,36.8577],[-82.9517,36.8662],[-82.9491,36.8664],[-82.9376,36.8673],[-82.9224,36.8739],[-82.9117,36.8743],[-82.9103,36.8741],[-82.9078,36.8747],[-82.908,36.8788],[-82.9063,36.8797],[-82.8954,36.8822],[-82.8952,36.8823],[-82.89,36.8843],[-82.8876,36.8869],[-82.8846,36.8885],[-82.8795,36.8891],[-82.8786,36.8896],[-82.8779,36.8919],[-82.8786,36.894],[-82.8764,36.8962],[-82.8732,36.8973],[-82.8701,36.9017],[-82.8726,36.9034],[-82.8775,36.908],[-82.86,36.9252],[-82.8617,36.9393],[-82.86,36.9491],[-82.8561,36.9525],[-82.8557,36.9538],[-82.8584,36.954],[-82.8605,36.956],[-82.8629,36.9578],[-82.8702,36.9655],[-82.8703,36.966],[-82.8692,36.9742],[-82.8675,36.9775],[-82.8629,36.98],[-82.8606,36.9783],[-82.8579,36.9783],[-82.8568,36.9791],[-82.8564,36.9822],[-82.8537,36.9852],[-82.845,36.9838],[-82.8413,36.9869],[-82.8401,36.9871],[-82.8386,36.987],[-82.836,36.9888],[-82.8338,36.992],[-82.8308,36.9935],[-82.8227,37.0041],[-82.8218,37.0044],[-82.8197,37.0062],[-82.8158,37.0072],[-82.8136,37.0053],[-82.8005,37.008],[-82.7821,37.0082],[-82.7437,37.0414],[-82.7425,37.043],[-82.7336,37.0445],[-82.7263,37.0421],[-82.7223,37.058],[-82.7239,37.0625],[-82.7263,37.0669],[-82.727,37.073],[-82.7238,37.0755],[-82.7217,37.0752],[-82.7184,37.0757],[-82.7172,37.0796],[-82.723,37.085],[-82.7219,37.1057],[-82.7263,37.1119],[-82.7264,37.1148],[-82.7265,37.115],[-82.7262,37.1159],[-82.7221,37.1202],[-82.6846,37.1358],[-82.6768,37.135],[-82.6575,37.145],[-82.6548,37.1506],[-82.6533,37.1513],[-82.6516,37.1519],[-82.6359,37.154],[-82.6335,37.1543],[-82.5925,37.1829],[-82.5504,37.2045],[-82.5458,37.2031],[-82.5413,37.2065],[-82.5366,37.2069],[-82.534,37.2081],[-82.5316,37.2092],[-82.5321,37.2108],[-82.5318,37.2121],[-82.5245,37.215],[-82.5201,37.2129],[-82.5132,37.2168],[-82.513,37.2169],[-82.5094,37.2189],[-82.5081,37.221],[-82.5083,37.2224],[-82.5079,37.2227],[-82.4989,37.2271],[-82.4492,37.2439],[-82.351,37.2671],[-82.3246,37.2832],[-82.316,37.2949],[-82.2544,37.3378],[-82.2027,37.374],[-82.2017,37.3751],[-82.1498,37.4103],[-82.1249,37.4273],[-82.1112,37.4369],[-82.0628,37.4709],[-82.0509,37.4805],[-81.968,37.538],[-81.9654,37.5412],[-81.965,37.543],[-81.9702,37.5465],[-81.9764,37.5454],[-81.9808,37.5424],[-81.9825,37.5418],[-81.9875,37.5428],[-81.9891,37.5425],[-81.9926,37.5383],[-81.9969,37.5386],[-81.9969,37.5428],[-81.9998,37.5426],[-82.0074,37.5337],[-82.0288,37.5377],[-82.0644,37.5369],[-82.0648,37.539],[-82.0637,37.5419],[-82.0644,37.5445],[-82.0658,37.5462],[-82.0732,37.555],[-82.075,37.5558],[-82.0846,37.5554],[-82.0892,37.556],[-82.1,37.5528],[-82.1031,37.5528],[-82.1048,37.5531],[-82.1054,37.5543],[-82.1048,37.5602],[-82.1107,37.5588],[-82.1173,37.5592],[-82.1333,37.5528],[-82.1361,37.5639],[-82.1244,37.5764],[-82.1323,37.5933],[-82.1416,37.5952],[-82.1567,37.5928],[-82.1652,37.6077],[-82.1673,37.608],[-82.1685,37.6087],[-82.1695,37.6132],[-82.1651,37.6185],[-82.1642,37.6202],[-82.1649,37.6206],[-82.1671,37.6218],[-82.1695,37.622],[-82.1767,37.6182],[-82.1817,37.6272],[-82.2134,37.6252],[-82.2148,37.6276],[-82.2202,37.6339],[-82.2202,37.6354],[-82.2187,37.6368],[-82.2169,37.6401],[-82.2169,37.6416],[-82.2236,37.6443],[-82.2249,37.6464],[-82.2261,37.6531],[-82.231,37.6553],[-82.2324,37.6553],[-82.2342,37.6563],[-82.2404,37.6616],[-82.2571,37.6568],[-82.268,37.6624],[-82.272,37.6638],[-82.2961,37.6862],[-82.2963,37.6871],[-82.2978,37.6878],[-82.3015,37.6908],[-82.3029,37.6937],[-82.302,37.6962],[-82.2973,37.6998],[-82.297,37.7011],[-82.2966,37.7024],[-82.2975,37.7035],[-82.2981,37.7042],[-82.301,37.7061],[-82.3057,37.7067],[-82.3072,37.7077],[-82.3117,37.7188],[-82.3162,37.7215],[-82.3179,37.7277],[-82.3183,37.7331],[-82.3268,37.7363],[-82.333,37.741],[-82.3338,37.7416],[-82.334,37.7432],[-82.3275,37.7494],[-82.3214,37.7513],[-82.321,37.7569],[-82.334,37.7651],[-82.3235,37.7722],[-82.323,37.7739],[-82.3237,37.775],[-82.3262,37.7759],[-82.3297,37.7757],[-82.336,37.7745],[-82.3376,37.7754],[-82.3389,37.7769],[-82.3391,37.7783],[-82.3384,37.7804],[-82.3397,37.7855],[-82.3405,37.7861],[-82.3543,37.7931],[-82.3561,37.7939],[-82.3611,37.7942],[-82.3639,37.795],[-82.37,37.8018],[-82.3762,37.802],[-82.3764,37.8023],[-82.3781,37.8043],[-82.3785,37.8083],[-82.3796,37.8109],[-82.3984,37.8217],[-82.3997,37.8299],[-82.4121,37.8439],[-82.4148,37.8555],[-82.4169,37.857],[-82.4239,37.8602],[-82.4224,37.8639],[-82.4226,37.8867],[-82.429,37.8883],[-82.4321,37.8899],[-82.4381,37.9002],[-82.4523,37.9087],[-82.4881,37.9196],[-82.481,37.9243],[-82.4803,37.9258],[-82.4819,37.9268],[-82.4947,37.9268],[-82.4973,37.9276],[-82.5022,37.9331],[-82.5023,37.9347],[-82.5004,37.9365],[-82.4981,37.937],[-82.4919,37.9357],[-82.4895,37.9379],[-82.4899,37.9392],[-82.4967,37.9416],[-82.4953,37.9466],[-82.4878,37.9453],[-82.4851,37.9461],[-82.481,37.9491],[-82.4716,37.9591],[-82.484,37.9634],[-82.485,37.9644],[-82.4843,37.9714],[-82.4819,37.973],[-82.4694,37.9731],[-82.465,37.9769],[-82.4641,37.9803],[-82.4643,37.9834],[-82.4655,37.9847],[-82.4731,37.9867],[-82.4822,37.9837],[-82.484,37.9841],[-82.4892,37.999],[-82.5144,37.9992],[-82.5258,38.0196],[-82.5258,38.0264],[-82.535,38.0323],[-82.5386,38.0374],[-82.5391,38.0398],[-82.5373,38.0452],[-82.5412,38.0485],[-82.5431,38.051],[-82.5439,38.0521],[-82.5448,38.0543],[-82.5449,38.0585],[-82.5494,38.0631],[-82.5496,38.0686],[-82.5513,38.0708],[-82.5657,38.0806],[-82.5741,38.0821],[-82.584,38.0907],[-82.5855,38.0943],[-82.5851,38.0981],[-82.5857,38.107],[-82.6066,38.1209],[-82.6162,38.1202],[-82.6195,38.1208],[-82.6204,38.1215],[-82.6212,38.1232],[-82.6212,38.132],[-82.6221,38.1334],[-82.6262,38.1348],[-82.6294,38.1356],[-82.6343,38.1367],[-82.6365,38.1379],[-82.6373,38.1391],[-82.6383,38.1435],[-82.639,38.1567],[-82.6447,38.1655],[-82.6391,38.1711],[-82.6113,38.1716],[-82.6043,38.1876],[-82.5993,38.1972],[-82.5984,38.2174],[-82.6004,38.219],[-82.6043,38.2206],[-82.6058,38.2212],[-82.6089,38.2237],[-82.6104,38.2268],[-82.6125,38.2346],[-82.6123,38.2361],[-82.6071,38.246],[-82.6042,38.2473],[-82.595,38.2455],[-82.5861,38.2456],[-82.584,38.2464],[-82.5818,38.2486],[-82.5783,38.2548],[-82.5747,38.2639],[-82.5746,38.2747],[-82.5767,38.2775],[-82.5788,38.2818],[-82.5815,38.3005],[-82.5719,38.3134],[-82.5718,38.3172],[-82.5754,38.323],[-82.5761,38.3261],[-82.5765,38.3281],[-82.598,38.3449],[-82.5982,38.3579],[-82.5975,38.3649],[-82.5935,38.3803],[-82.5942,38.3814],[-82.5993,38.3887],[-82.5997,38.3904],[-82.5992,38.3932],[-82.5947,38.3979],[-82.5963,38.4177],[-82.5961,38.418],[-82.5935,38.4218],[-82.5935,38.421],[-82.5935,38.4183],[-82.5912,38.4161],[-82.5876,38.4127],[-82.579,38.4078],[-82.5731,38.4057],[-82.5716,38.4051],[-82.5606,38.4047],[-82.5498,38.4032],[-82.5439,38.4035],[-82.5402,38.4037],[-82.5296,38.4052],[-82.4866,38.4181],[-82.4597,38.4247],[-82.4471,38.427],[-82.436,38.4297],[-82.4344,38.4301],[-82.4049,38.4394],[-82.3921,38.4351],[-82.3897,38.4344],[-82.3406,38.441],[-82.3398,38.4412],[-82.3318,38.444],[-82.3303,38.4445],[-82.324,38.4493],[-82.3042,38.4963],[-82.3031,38.5044],[-82.304,38.5177],[-82.3035,38.52],[-82.3029,38.5232],[-82.3003,38.5294],[-82.2957,38.5385],[-82.2933,38.5603],[-82.2939,38.5727],[-82.2913,38.579],[-82.2871,38.5826],[-82.2743,38.5937],[-82.2621,38.5982],[-82.2525,38.5988],[-82.246,38.5985],[-82.2222,38.5914],[-82.2052,38.5917],[-82.1938,38.5931],[-82.1888,38.595],[-82.1773,38.6038],[-82.1721,38.626],[-82.1856,38.6596],[-82.1861,38.6668],[-82.1866,38.6686],[-82.1877,38.6727],[-82.1909,38.6804],[-82.1825,38.7088],[-82.1989,38.7577],[-82.2166,38.7684],[-82.2205,38.7737],[-82.2216,38.7872],[-82.2206,38.7892],[-82.2173,38.7957],[-82.2093,38.8027],[-82.1993,38.8087],[-82.1912,38.8151],[-82.1795,38.8174],[-82.1659,38.8224],[-82.1616,38.8246],[-82.1521,38.833],[-82.1493,38.8355],[-82.1492,38.8357],[-82.1477,38.837],[-82.1472,38.8375],[-82.1449,38.8405],[-82.1392,38.865],[-82.1453,38.8835],[-82.1446,38.8917],[-82.1432,38.8981],[-82.1348,38.9056],[-82.1289,38.91],[-82.121,38.9211],[-82.1117,38.9326],[-82.1091,38.9456],[-82.0891,38.976],[-82.0689,38.9849],[-82.0588,38.9901],[-82.056,38.9918],[-82.0516,38.9944],[-82.036,39.0255],[-82.0273,39.0284],[-82.0244,39.0289],[-82.0219,39.0293],[-82.0176,39.0301],[-82.0071,39.0296],[-82.0044,39.0286],[-82.0023,39.0279],[-81.995,39.0225],[-81.9939,39.0213],[-81.9914,39.0184],[-81.9871,39.012],[-81.9838,39.0055],[-81.9775,38.9927],[-81.9515,38.996],[-81.9332,38.9877],[-81.9182,38.9666],[-81.9124,38.9544],[-81.9114,38.9526],[-81.9066,38.9453],[-81.9006,38.9377],[-81.8985,38.9296],[-81.9,38.9254],[-81.9267,38.9013],[-81.9103,38.8793],[-81.9086,38.8785],[-81.8985,38.8746],[-81.8928,38.8739],[-81.8892,38.8743],[-81.8749,38.8812],[-81.8653,38.8866],[-81.8589,38.8902],[-81.856,38.8927],[-81.8487,38.9014],[-81.8461,38.9132],[-81.8445,38.9288],[-81.8381,38.9371],[-81.8315,38.9437],[-81.8142,38.9462],[-81.7857,38.9262],[-81.76,38.9258],[-81.7561,38.9336],[-81.7818,38.9649],[-81.7643,39.0153],[-81.7729,39.0262],[-81.7866,39.0366],[-81.8004,39.045],[-81.8034,39.0477],[-81.809,39.0552],[-81.8117,39.0596],[-81.8079,39.084],[-81.7756,39.0784],[-81.7649,39.082],[-81.7524,39.0899],[-81.7455,39.0981],[-81.743,39.1066],[-81.7422,39.1168],[-81.7446,39.1268],[-81.7448,39.1309],[-81.7445,39.1388],[-81.7436,39.1419],[-81.7446,39.1484],[-81.7543,39.1715],[-81.7563,39.1773],[-81.7358,39.1963],[-81.7244,39.2165],[-81.6913,39.228],[-81.697,39.2488],[-81.6964,39.257],[-81.6895,39.2661],[-81.6836,39.2709],[-81.6834,39.2711],[-81.6783,39.2738],[-81.6702,39.276],[-81.6632,39.2767],[-81.6561,39.2774],[-81.6432,39.2772],[-81.6213,39.2737],[-81.6139,39.2753],[-81.6084,39.2761],[-81.6034,39.2755],[-81.5952,39.2734],[-81.5886,39.2698],[-81.5856,39.2688],[-81.5703,39.2677],[-81.5674,39.2707],[-81.5653,39.2762],[-81.5652,39.2834],[-81.5651,39.2939],[-81.5576,39.3388],[-81.5423,39.3529],[-81.5345,39.3582],[-81.5261,39.361],[-81.5243,39.3616],[-81.5032,39.3732],[-81.4732,39.4002],[-81.4677,39.4038],[-81.4561,39.4093],[-81.4481,39.4102],[-81.4465,39.4104],[-81.4286,39.4054],[-81.4067,39.3881],[-81.4007,39.3692],[-81.4005,39.3685],[-81.3959,39.3556],[-81.376,39.3417],[-81.3476,39.3458],[-81.3196,39.3613],[-81.3048,39.3705],[-81.2975,39.3744],[-81.2833,39.3787],[-81.2814,39.3793],[-81.2707,39.3859],[-81.2418,39.3903],[-81.2236,39.3861],[-81.2214,39.3862],[-81.2173,39.3876],[-81.2131,39.3907],[-81.2109,39.3971],[-81.2114,39.4019],[-81.2114,39.402],[-81.2108,39.4036],[-81.1859,39.4307],[-81.1823,39.4335],[-81.1799,39.4351],[-81.1706,39.4392],[-81.1635,39.4412],[-81.1525,39.4432],[-81.1344,39.4451],[-81.1008,39.4872],[-81.0706,39.516],[-81.0239,39.5523],[-80.9937,39.5713],[-80.9877,39.5773],[-80.9787,39.5835],[-80.978,39.584],[-80.9732,39.5879],[-80.9704,39.5901],[-80.9333,39.6148],[-80.8804,39.6207],[-80.8667,39.6526],[-80.8656,39.6628],[-80.8667,39.6785],[-80.8663,39.6832],[-80.8658,39.6865],[-80.8617,39.6936],[-80.8339,39.7035],[-80.8298,39.7118],[-80.8297,39.714],[-80.8316,39.7195],[-80.8461,39.7378],[-80.8547,39.7426],[-80.8653,39.7533],[-80.8667,39.7556],[-80.8676,39.7571],[-80.8699,39.7636],[-80.8663,39.7717],[-80.8631,39.7752],[-80.8469,39.7842],[-80.8353,39.7907],[-80.8261,39.7986],[-80.8222,39.8117],[-80.827,39.8417],[-80.8243,39.8472],[-80.8213,39.85],[-80.8164,39.853],[-80.7931,39.8638],[-80.794,39.8828],[-80.809,39.9032],[-80.8097,39.9061],[-80.8093,39.9103],[-80.8034,39.9188],[-80.7829,39.9172],[-80.7726,39.9113],[-80.7683,39.9096],[-80.7607,39.9089],[-80.7606,39.9089],[-80.7593,39.9095],[-80.7583,39.9104],[-80.7564,39.9139],[-80.7559,39.9166],[-80.7564,39.9188],[-80.7568,39.9206],[-80.7613,39.9291],[-80.7623,39.9344],[-80.7645,39.9466],[-80.7645,39.9503],[-80.7634,39.9535],[-80.7585,39.9592],[-80.7463,39.9662],[-80.7432,39.9691],[-80.7401,39.9708],[-80.742,40.0056],[-80.7419,40.0079],[-80.741,40.0125],[-80.7405,40.0152],[-80.7378,40.0208],[-80.7374,40.0276],[-80.7315,40.0375],[-80.7309,40.0467],[-80.7309,40.0479],[-80.7309,40.0492],[-80.7311,40.0498],[-80.7312,40.0503],[-80.7322,40.0548],[-80.7331,40.0588],[-80.7343,40.0597],[-80.7371,40.065],[-80.7385,40.0715],[-80.7385,40.0723],[-80.7386,40.0757],[-80.7307,40.0865],[-80.717,40.0945],[-80.713,40.0969],[-80.7102,40.0996],[-80.71,40.1383],[-80.7046,40.1548],[-80.6681,40.1997],[-80.6615,40.2298],[-80.6446,40.2513],[-80.6371,40.2543],[-80.6228,40.2616],[-80.6225,40.2618],[-80.6193,40.2652],[-80.6188,40.2663],[-80.6162,40.2723],[-80.6149,40.292],[-80.6029,40.3071],[-80.6019,40.3105],[-80.5999,40.3177],[-80.6128,40.3477],[-80.6118,40.3552],[-80.6087,40.362],[-80.6076,40.3696],[-80.6097,40.375],[-80.6117,40.3766],[-80.6144,40.3788],[-80.6192,40.3818],[-80.6307,40.3849],[-80.6316,40.3855],[-80.6317,40.3858],[-80.6336,40.3905],[-80.6322,40.3937],[-80.6297,40.395],[-80.6281,40.3959],[-80.6118,40.4039],[-80.6112,40.4378],[-80.5983,40.4584],[-80.5992,40.4826],[-80.5998,40.4829],[-80.6025,40.4842],[-80.6091,40.4895],[-80.618,40.5021],[-80.6222,40.5205],[-80.6233,40.5237],[-80.626,40.5315],[-80.6275,40.5358],[-80.6669,40.5737],[-80.6626,40.5916],[-80.6517,40.5978],[-80.645,40.6037],[-80.6445,40.6044],[-80.6394,40.6113],[-80.6371,40.6134],[-80.6344,40.6161],[-80.6272,40.6199],[-80.616,40.6217],[-80.6039,40.6251],[-80.5988,40.6253],[-80.5941,40.6237],[-80.5921,40.6225],[-80.5891,40.6201],[-80.5836,40.6155],[-80.5767,40.6142],[-80.5607,40.6237],[-80.5327,40.6356],[-80.519,40.6388],[-80.5191,40.9211],[-80.5187,41.2489],[-80.519,41.4355],[-80.5194,41.6698],[-80.5194,41.9775]]],[[[-85.3528,45.8056],[-85.3793,45.8135],[-85.3761,45.7913],[-85.3893,45.7805],[-85.3753,45.7688],[-85.3498,45.7953],[-85.3528,45.8056]]],[[[-84.5666,45.8173],[-84.5818,45.8025],[-84.55,45.7901],[-84.5087,45.754],[-84.5008,45.7372],[-84.4196,45.7201],[-84.3936,45.7281],[-84.3912,45.7394],[-84.3691,45.749],[-84.356,45.7707],[-84.4065,45.788],[-84.4337,45.7867],[-84.5091,45.8111],[-84.5381,45.8079],[-84.5666,45.8173]]],[[[-85.4619,45.7882],[-85.47,45.807],[-85.4982,45.8223],[-85.5298,45.8186],[-85.5085,45.7954],[-85.4956,45.7727],[-85.456,45.776],[-85.4619,45.7882]]],[[[-84.6032,45.8502],[-84.6225,45.8775],[-84.6468,45.8836],[-84.6509,45.8598],[-84.6198,45.8456],[-84.6032,45.8502]]],[[[-84.6088,45.9675],[-84.6297,45.9795],[-84.6416,45.9729],[-84.6316,45.9554],[-84.6088,45.9675]]],[[[-83.7533,46.065],[-83.7691,46.0544],[-83.76,46.0384],[-83.7349,46.0536],[-83.7533,46.065]]],[[[-83.6296,46.1036],[-83.6612,46.1003],[-83.7001,46.1039],[-83.7198,46.101],[-83.7322,46.0869],[-83.6999,46.0754],[-83.6774,46.073],[-83.6717,46.0549],[-83.7278,46.0349],[-83.7381,46.024],[-83.7663,46.0248],[-83.7811,45.9985],[-83.8061,45.9839],[-83.8343,46.0103],[-83.8451,46.0266],[-83.8674,46.007],[-83.8836,45.9693],[-83.8441,45.953],[-83.8161,45.9501],[-83.7862,45.9329],[-83.7766,45.9486],[-83.757,45.9546],[-83.7412,45.9373],[-83.6877,45.9354],[-83.6577,45.9455],[-83.6206,45.9446],[-83.603,45.9247],[-83.5283,45.9178],[-83.512,45.9271],[-83.4983,45.9496],[-83.4998,45.9599],[-83.4732,45.9844],[-83.4884,45.9996],[-83.5064,45.9952],[-83.5409,46.0213],[-83.5472,46.0479],[-83.5927,46.0886],[-83.6296,46.1036]]],[[[-86.676,46.5571],[-86.709,46.5452],[-86.7017,46.5112],[-86.6847,46.4996],[-86.6876,46.4562],[-86.6717,46.4506],[-86.6599,46.4703],[-86.6408,46.4544],[-86.6231,46.4565],[-86.607,46.4757],[-86.6468,46.4875],[-86.6294,46.5176],[-86.6263,46.5349],[-86.6534,46.5607],[-86.676,46.5571]]],[[[-87.592,45.0943],[-87.6101,45.1141],[-87.5998,45.1505],[-87.5634,45.1841],[-87.5398,45.1942],[-87.5125,45.2199],[-87.4993,45.2385],[-87.4609,45.2775],[-87.4366,45.2941],[-87.4373,45.3055],[-87.41,45.3423],[-87.3957,45.3495],[-87.3921,45.3694],[-87.3738,45.3796],[-87.3587,45.4043],[-87.3362,45.4154],[-87.3258,45.43],[-87.3332,45.4472],[-87.31,45.4703],[-87.2882,45.5009],[-87.2522,45.5677],[-87.2393,45.5761],[-87.1972,45.6382],[-87.1766,45.65],[-87.1663,45.665],[-87.1294,45.6817],[-87.1,45.6877],[-87.0955,45.701],[-87.0595,45.7085],[-87.0704,45.7188],[-87.0552,45.7488],[-87.0643,45.7588],[-87.0574,45.8125],[-87.0398,45.8343],[-86.999,45.8478],[-87.022,45.8601],[-87.0071,45.8691],[-86.9779,45.9056],[-86.9484,45.8974],[-86.9482,45.8768],[-87.0055,45.8288],[-86.9884,45.8106],[-86.9757,45.7558],[-86.9846,45.7058],[-86.9521,45.6849],[-86.9415,45.7022],[-86.9196,45.6966],[-86.9033,45.7091],[-86.8664,45.7102],[-86.8427,45.7197],[-86.8452,45.7368],[-86.8208,45.7561],[-86.8027,45.7936],[-86.7839,45.7946],[-86.7733,45.8114],[-86.7825,45.8411],[-86.7821,45.8602],[-86.7425,45.8647],[-86.7317,45.8486],[-86.6618,45.8342],[-86.6325,45.8433],[-86.6332,45.8601],[-86.6135,45.876],[-86.5989,45.8766],[-86.5823,45.8961],[-86.5595,45.8993],[-86.5352,45.8858],[-86.528,45.8533],[-86.5552,45.8317],[-86.5634,45.8045],[-86.578,45.8005],[-86.5864,45.7788],[-86.6297,45.777],[-86.6268,45.7548],[-86.6515,45.7281],[-86.6716,45.7209],[-86.6657,45.7022],[-86.6762,45.6919],[-86.7158,45.684],[-86.7127,45.6574],[-86.6953,45.6538],[-86.6872,45.6343],[-86.6502,45.6161],[-86.6168,45.6169],[-86.6274,45.6599],[-86.6113,45.6697],[-86.5918,45.6654],[-86.5855,45.6979],[-86.5737,45.7158],[-86.5373,45.7084],[-86.5324,45.7466],[-86.5022,45.7527],[-86.486,45.7466],[-86.4735,45.7644],[-86.4552,45.7555],[-86.4366,45.7617],[-86.4248,45.7898],[-86.3905,45.796],[-86.3706,45.7881],[-86.3457,45.8213],[-86.3494,45.8323],[-86.3271,45.8551],[-86.3348,45.8693],[-86.3242,45.9061],[-86.3062,45.9215],[-86.2857,45.9261],[-86.2758,45.9436],[-86.2523,45.9495],[-86.2302,45.9474],[-86.2206,45.9589],[-86.1966,45.9632],[-86.1631,45.9541],[-86.1236,45.9648],[-86.0622,45.9643],[-85.9989,45.951],[-85.926,45.9321],[-85.9227,45.9483],[-85.8932,45.9673],[-85.8424,45.9653],[-85.8104,45.9801],[-85.7352,45.9625],[-85.6525,45.9685],[-85.6486,45.9837],[-85.6178,46.0056],[-85.6074,46.0225],[-85.5652,46.0607],[-85.5216,46.0913],[-85.5001,46.0969],[-85.458,46.0905],[-85.4269,46.102],[-85.3909,46.0936],[-85.3803,46.0759],[-85.3562,46.0921],[-85.3255,46.0903],[-85.2624,46.0645],[-85.229,46.06],[-85.1906,46.0476],[-85.1304,46.0461],[-85.0941,46.0272],[-85.0548,46.0228],[-85.0036,46.0061],[-84.9423,45.9613],[-84.9136,45.9259],[-84.8882,45.9245],[-84.8587,45.9022],[-84.8394,45.8976],[-84.8385,45.8815],[-84.8212,45.8682],[-84.8035,45.8704],[-84.7928,45.8587],[-84.7485,45.8398],[-84.7367,45.8471],[-84.7064,45.8487],[-84.7257,45.892],[-84.7321,45.9155],[-84.719,45.9275],[-84.7389,45.9458],[-84.7302,45.9612],[-84.694,45.9856],[-84.6839,46.0054],[-84.6925,46.017],[-84.6873,46.0349],[-84.6566,46.0527],[-84.6061,46.0289],[-84.5639,46.0325],[-84.5444,46.0229],[-84.5304,45.9914],[-84.5324,45.9695],[-84.5141,45.9713],[-84.5135,45.9927],[-84.4884,45.9954],[-84.4815,45.9776],[-84.4592,45.9819],[-84.4691,46.0006],[-84.4382,46.0068],[-84.4227,46.002],[-84.4035,45.9824],[-84.4214,45.9721],[-84.4243,45.9584],[-84.401,45.9433],[-84.3681,45.9402],[-84.3563,45.9574],[-84.2944,45.9538],[-84.2588,45.9672],[-84.2735,45.9882],[-84.2328,45.9767],[-84.2218,45.9852],[-84.1979,45.9724],[-84.1767,45.9798],[-84.1496,45.9734],[-84.117,45.9834],[-84.0682,45.9666],[-84.0176,45.9591],[-83.9787,45.9687],[-83.9223,45.9674],[-83.8955,45.9864],[-83.9086,46.0115],[-83.9355,46.0204],[-83.9368,46.0302],[-83.9813,46.0273],[-84.0037,46.0455],[-84.0268,46.0535],[-84.0458,46.0747],[-84.0708,46.0929],[-84.0692,46.104],[-84.0296,46.1345],[-84.0604,46.1461],[-84.0893,46.1464],[-84.1456,46.1792],[-84.1696,46.1817],[-84.1967,46.1662],[-84.221,46.1631],[-84.2514,46.1759],[-84.273,46.2015],[-84.2579,46.2182],[-84.2366,46.2203],[-84.2132,46.2316],[-84.208,46.246],[-84.1637,46.2373],[-84.1529,46.2213],[-84.1221,46.2286],[-84.0978,46.2565],[-84.1156,46.2682],[-84.1196,46.315],[-84.1063,46.322],[-84.1389,46.3722],[-84.1462,46.4185],[-84.1112,46.5041],[-84.1289,46.5301],[-84.1774,46.5269],[-84.194,46.5402],[-84.2261,46.5339],[-84.2544,46.5008],[-84.293,46.4928],[-84.3414,46.5077],[-84.374,46.5091],[-84.3947,46.4993],[-84.4203,46.5011],[-84.4452,46.489],[-84.4633,46.4674],[-84.4626,46.4409],[-84.4795,46.4326],[-84.4971,46.4468],[-84.5425,46.4217],[-84.5963,46.4152],[-84.6045,46.4342],[-84.5992,46.4518],[-84.631,46.4849],[-84.6539,46.4823],[-84.6784,46.4877],[-84.7233,46.4683],[-84.7692,46.4535],[-84.8173,46.4443],[-84.8393,46.4463],[-84.8615,46.4699],[-84.8934,46.4654],[-84.9219,46.47],[-84.9379,46.4862],[-84.9643,46.4768],[-85.0152,46.4797],[-85.0338,46.4877],[-85.0549,46.5148],[-85.053,46.5328],[-85.0271,46.543],[-85.0355,46.5816],[-85.0355,46.625],[-85.0275,46.6975],[-85.0076,46.7283],[-84.9533,46.7679],[-84.9974,46.7713],[-85.0363,46.7604],[-85.0821,46.758],[-85.1578,46.7652],[-85.2569,46.7534],[-85.3109,46.7375],[-85.3632,46.7165],[-85.4821,46.6804],[-85.5095,46.6758],[-85.5874,46.6746],[-85.6688,46.6804],[-85.7144,46.6772],[-85.7949,46.6811],[-85.8411,46.6889],[-85.8779,46.6909],[-85.9092,46.6869],[-85.979,46.6703],[-85.995,46.6737],[-86.037,46.6676],[-86.0879,46.6553],[-86.1199,46.6573],[-86.1383,46.6729],[-86.1617,46.6695],[-86.188,46.654],[-86.3499,46.578],[-86.4439,46.5473],[-86.4678,46.5525],[-86.4951,46.5249],[-86.5319,46.5001],[-86.5514,46.4956],[-86.5824,46.4679],[-86.6381,46.4117],[-86.6625,46.422],[-86.6528,46.4315],[-86.6692,46.4456],[-86.7032,46.4394],[-86.7324,46.4656],[-86.7545,46.4796],[-86.7879,46.4777],[-86.8036,46.4667],[-86.816,46.4379],[-86.8375,46.4342],[-86.8752,46.4373],[-86.8894,46.4589],[-86.9091,46.4665],[-86.9427,46.4693],[-86.9645,46.5166],[-86.977,46.5266],[-87.0216,46.5342],[-87.0251,46.5261],[-87.0773,46.5153],[-87.1166,46.4948],[-87.1346,46.4939],[-87.1713,46.504],[-87.2024,46.4908],[-87.2587,46.4883],[-87.3108,46.492],[-87.3594,46.5035],[-87.3814,46.5173],[-87.394,46.5332],[-87.3764,46.5462],[-87.3928,46.5709],[-87.3861,46.5823],[-87.4127,46.5917],[-87.4312,46.5904],[-87.4641,46.6148],[-87.468,46.6356],[-87.503,46.6475],[-87.5249,46.6763],[-87.5254,46.6905],[-87.5735,46.7202],[-87.5828,46.7305],[-87.5955,46.7743],[-87.6333,46.8121],[-87.6679,46.8171],[-87.6745,46.837],[-87.7043,46.8256],[-87.7274,46.8277],[-87.741,46.8653],[-87.7768,46.8668],[-87.7825,46.8799],[-87.8168,46.8912],[-87.8462,46.8839],[-87.8745,46.8926],[-87.8977,46.9089],[-87.956,46.9091],[-87.9987,46.9054],[-88.0324,46.9089],[-88.0819,46.9205],[-88.1269,46.9098],[-88.1848,46.9047],[-88.1875,46.919],[-88.1501,46.9436],[-88.1448,46.967],[-88.1898,46.9523],[-88.1987,46.9439],[-88.2444,46.9296],[-88.2616,46.9155],[-88.3103,46.8898],[-88.3519,46.857],[-88.3901,46.8516],[-88.3814,46.8385],[-88.4338,46.7935],[-88.4506,46.7632],[-88.4808,46.75],[-88.4996,46.7591],[-88.4821,46.7826],[-88.4623,46.7897],[-88.4826,46.8262],[-88.4759,46.8861],[-88.4554,46.9233],[-88.4439,46.9723],[-88.4112,46.978],[-88.3676,47.0192],[-88.35,47.0764],[-88.2976,47.0985],[-88.2817,47.1382],[-88.2322,47.146],[-88.2427,47.1584],[-88.239,47.1862],[-88.2124,47.2094],[-88.1664,47.2155],[-88.1371,47.2351],[-88.1175,47.2552],[-88.0969,47.2614],[-88.0549,47.2982],[-88.0165,47.3063],[-87.9686,47.3326],[-87.9383,47.3423],[-87.9626,47.3626],[-87.9571,47.3873],[-87.8823,47.3956],[-87.8567,47.3954],[-87.8154,47.3848],[-87.8003,47.3922],[-87.7674,47.394],[-87.7424,47.4058],[-87.7124,47.4014],[-87.7159,47.4398],[-87.7567,47.4607],[-87.8012,47.4733],[-87.8472,47.4738],[-87.8792,47.4679],[-87.9024,47.4771],[-87.9383,47.4798],[-88.0403,47.476],[-88.0482,47.47],[-88.0949,47.4674],[-88.1818,47.4577],[-88.2137,47.4499],[-88.2457,47.428],[-88.2852,47.4224],[-88.3241,47.4036],[-88.3729,47.392],[-88.4259,47.3683],[-88.4593,47.3399],[-88.4777,47.3135],[-88.5008,47.2935],[-88.5777,47.2442],[-88.6143,47.2379],[-88.6564,47.2256],[-88.6997,47.2048],[-88.7297,47.1858],[-88.7613,47.1568],[-88.7898,47.1509],[-88.8219,47.1372],[-88.8458,47.1147],[-88.8891,47.1006],[-88.9117,47.0738],[-88.9142,47.0593],[-88.9508,47.0141],[-88.9872,46.9972],[-89.0164,46.994],[-89.0289,47.0011],[-89.0631,46.9885],[-89.1063,46.9865],[-89.1183,46.9942],[-89.1426,46.9849],[-89.1732,46.9639],[-89.2015,46.9312],[-89.2279,46.913],[-89.2836,46.8899],[-89.3328,46.8734],[-89.3523,46.863],[-89.4152,46.844],[-89.4715,46.8374],[-89.5139,46.8418],[-89.5952,46.8264],[-89.6132,46.8195],[-89.6734,46.8332],[-89.7203,46.8304],[-89.7907,46.8185],[-89.8487,46.7957],[-89.9249,46.7361],[-89.9804,46.7073],[-90.0284,46.6744],[-90.1007,46.6551],[-90.164,46.6455],[-90.2653,46.6185],[-90.3066,46.6027],[-90.3306,46.6088],[-90.4181,46.5661],[-90.3933,46.5326],[-90.3503,46.5405],[-90.3319,46.5533],[-90.3109,46.5394],[-90.3139,46.5162],[-90.2834,46.5189],[-90.2653,46.5038],[-90.2166,46.5018],[-90.1779,46.4402],[-90.1634,46.4346],[-90.1579,46.4093],[-90.1339,46.3718],[-90.1188,46.3592],[-90.1205,46.3369],[-89.9188,46.2977],[-89.4957,46.2163],[-89.1251,46.1445],[-89.0916,46.1385],[-88.8503,46.0403],[-88.8386,46.0301],[-88.7821,46.0166],[-88.74,46.0273],[-88.6791,46.0135],[-88.6634,45.9877],[-88.6164,45.9877],[-88.604,46.0162],[-88.589,46.0051],[-88.5655,46.0157],[-88.5411,46.0138],[-88.5095,46.0192],[-88.4974,45.9952],[-88.4868,45.991],[-88.4587,45.9994],[-88.4169,45.9753],[-88.3879,45.9832],[-88.3802,45.9917],[-88.3205,45.96],[-88.2924,45.9511],[-88.2457,45.9627],[-88.2331,45.9474],[-88.2038,45.9479],[-88.1481,45.9376],[-88.1264,45.9215],[-88.095,45.9158],[-88.107,45.8998],[-88.1018,45.8835],[-88.0711,45.8747],[-88.0775,45.8638],[-88.1336,45.8231],[-88.1295,45.8093],[-88.1083,45.8035],[-88.0941,45.7857],[-88.0506,45.781],[-88.0397,45.7896],[-87.9934,45.7956],[-87.9864,45.7696],[-87.9465,45.7567],[-87.9291,45.7604],[-87.9,45.7535],[-87.8798,45.7549],[-87.8622,45.745],[-87.8555,45.727],[-87.8123,45.7113],[-87.8092,45.7003],[-87.7877,45.6872],[-87.7816,45.6733],[-87.8232,45.6627],[-87.8241,45.6471],[-87.8102,45.6387],[-87.7747,45.602],[-87.7975,45.5621],[-87.8294,45.5688],[-87.833,45.5595],[-87.8034,45.5383],[-87.8022,45.5131],[-87.7928,45.5],[-87.813,45.4642],[-87.8327,45.4559],[-87.8617,45.4345],[-87.8497,45.4095],[-87.8594,45.3882],[-87.8849,45.3628],[-87.8381,45.3451],[-87.8326,45.3523],[-87.7903,45.3535],[-87.7541,45.3495],[-87.7189,45.3775],[-87.694,45.3899],[-87.6587,45.3697],[-87.6481,45.3394],[-87.6875,45.2981],[-87.7058,45.2659],[-87.7113,45.24],[-87.7242,45.2332],[-87.7262,45.2094],[-87.7417,45.1982],[-87.7352,45.1777],[-87.7074,45.1547],[-87.6839,45.1441],[-87.6612,45.1083],[-87.6315,45.1062],[-87.592,45.0943]]],[[[-88.4226,48.191],[-88.4472,48.1829],[-88.482,48.1799],[-88.5011,48.1682],[-88.5248,48.1653],[-88.547,48.1749],[-88.5784,48.1624],[-88.614,48.1548],[-88.6665,48.1356],[-88.6756,48.1205],[-88.7078,48.1052],[-88.7643,48.0852],[-88.7777,48.0679],[-88.8161,48.057],[-88.8358,48.0571],[-88.8937,48.0348],[-88.8951,48.0291],[-88.9942,48.0023],[-89.0952,47.9679],[-89.1792,47.935],[-89.2207,47.911],[-89.2241,47.8803],[-89.2345,47.8517],[-89.1984,47.8482],[-89.1927,47.8334],[-89.1621,47.8236],[-89.1241,47.8286],[-89.0445,47.8558],[-89.0227,47.8585],[-88.9766,47.8735],[-88.9504,47.8905],[-88.9774,47.8952],[-89.0009,47.8906],[-89.0031,47.9085],[-88.9245,47.9367],[-88.9246,47.9433],[-88.8529,47.9653],[-88.8344,47.9642],[-88.792,47.9789],[-88.7186,47.9951],[-88.6701,48.0115],[-88.5859,48.0543],[-88.5747,48.0629],[-88.5767,48.085],[-88.5669,48.0937],[-88.4462,48.1552],[-88.4199,48.1707],[-88.4226,48.191]]]]}},{"type":"Feature","properties":{"NAME":"SECOND CIRCUIT","CHIEF_JUDGE":"","ACTIVE_JUDGES":13,"SENIOR_ELIGIBLE_JUDGES":0,"VACANCIES":0,"DEMJUDGES":7,"GOPJUDGES":6,"PARTISANSHIP":1,"DEMRETIRING":0,"GOPRETIRING":0},"geometry":{"type":"MultiPolygon","coordinates":[[[[-74.0697,40.6412],[-74.0865,40.6486],[-74.153,40.6389],[-74.1802,40.6455],[-74.2006,40.6315],[-74.1954,40.6018],[-74.2041,40.5893],[-74.2109,40.5609],[-74.2478,40.5434],[-74.2429,40.5209],[-74.2527,40.5139],[-74.2467,40.4961],[-74.2198,40.5026],[-74.1487,40.5345],[-74.1372,40.5301],[-74.1115,40.5469],[-74.0682,40.5841],[-74.0531,40.6037],[-74.0676,40.6239],[-74.0697,40.6412]]],[[[-72.0812,41.0939],[-72.0795,41.1007],[-72.1156,41.1106],[-72.1429,41.0978],[-72.1032,41.0865],[-72.0812,41.0939]]],[[[-71.9214,41.2921],[-71.9468,41.2844],[-71.9911,41.2813],[-72.0027,41.2664],[-72.0205,41.2759],[-72.035,41.2555],[-72.0025,41.2529],[-71.9675,41.2732],[-71.9353,41.2806],[-71.9214,41.2921]]],[[[-76.3075,43.9054],[-76.346,43.894],[-76.3264,43.881],[-76.3075,43.9054]]],[[[-76.3779,43.9212],[-76.4065,43.9212],[-76.4266,43.9084],[-76.4295,43.8902],[-76.3886,43.9081],[-76.3779,43.9212]]],[[[-76.3421,44.0538],[-76.3701,44.052],[-76.3833,44.0374],[-76.3618,44.033],[-76.3469,44.0389],[-76.3421,44.0538]]],[[[-71.5011,45.0134],[-71.6919,45.0114],[-71.7675,45.0114],[-71.915,45.0078],[-71.9472,45.0084],[-72.1031,45.0056],[-72.1605,45.0062],[-72.3101,45.0038],[-72.481,45.0089],[-72.5559,45.0083],[-72.5899,45.0132],[-72.6748,45.0155],[-72.8456,45.0167],[-72.968,45.0141],[-73.086,45.0155],[-73.2493,45.0122],[-73.4374,45.0092],[-73.6397,45.0035],[-73.763,45.0032],[-73.8746,45.0012],[-74.1468,44.9915],[-74.3352,44.9919],[-74.4575,44.997],[-74.684,44.9997],[-74.702,45.0033],[-74.7313,44.9904],[-74.7602,44.995],[-74.7634,45.0056],[-74.7932,45.0047],[-74.8016,45.0146],[-74.8266,45.0159],[-74.8666,45.0005],[-74.8878,45.0001],[-74.908,44.9834],[-74.9725,44.9834],[-74.9928,44.9775],[-75.0052,44.9584],[-75.0648,44.9295],[-75.0967,44.9271],[-75.1344,44.9151],[-75.1399,44.8967],[-75.1651,44.8933],[-75.203,44.8776],[-75.2186,44.8776],[-75.3076,44.8368],[-75.302,44.8266],[-75.3337,44.8064],[-75.3445,44.8091],[-75.3698,44.7881],[-75.397,44.7735],[-75.4138,44.7725],[-75.4239,44.7563],[-75.4776,44.7202],[-75.5059,44.7051],[-75.6184,44.6196],[-75.6624,44.5919],[-75.7271,44.5428],[-75.7662,44.5159],[-75.8078,44.4717],[-75.8208,44.4323],[-75.8715,44.3948],[-75.913,44.3681],[-75.9702,44.3428],[-76.001,44.3475],[-76.0452,44.3317],[-76.0974,44.2996],[-76.1309,44.2966],[-76.1618,44.2808],[-76.1643,44.2396],[-76.1913,44.2213],[-76.2455,44.2037],[-76.2865,44.2038],[-76.3126,44.1991],[-76.3527,44.1347],[-76.3473,44.1242],[-76.3697,44.1047],[-76.345,44.0862],[-76.3595,44.0767],[-76.3,44.0495],[-76.3025,44.0136],[-76.2878,44.0114],[-76.2659,43.9946],[-76.2841,43.9669],[-76.2546,43.9662],[-76.2211,43.994],[-76.1997,44.0256],[-76.2302,44.0294],[-76.2744,44.0166],[-76.2772,44.0329],[-76.2634,44.0527],[-76.2206,44.066],[-76.2043,44.0543],[-76.1748,44.064],[-76.1469,44.0546],[-76.1677,44.0346],[-76.1288,44.0199],[-76.1486,44.008],[-76.1873,44.0004],[-76.2026,43.9894],[-76.2003,43.9679],[-76.159,43.959],[-76.1242,43.9698],[-76.0851,43.9951],[-76.083,43.9771],[-76.1189,43.9491],[-76.1304,43.9331],[-76.1273,43.8979],[-76.1532,43.8905],[-76.2023,43.8649],[-76.226,43.8656],[-76.2283,43.8867],[-76.2603,43.8819],[-76.2974,43.8559],[-76.2991,43.8385],[-76.278,43.841],[-76.2374,43.8158],[-76.2293,43.8041],[-76.2132,43.7535],[-76.1966,43.6632],[-76.1991,43.6005],[-76.2035,43.575],[-76.2212,43.5396],[-76.2358,43.5293],[-76.2781,43.5207],[-76.2913,43.5138],[-76.3455,43.5134],[-76.3689,43.5258],[-76.4106,43.5232],[-76.4697,43.4955],[-76.487,43.4754],[-76.5624,43.4483],[-76.5989,43.4244],[-76.6308,43.4134],[-76.6696,43.3665],[-76.694,43.3465],[-76.731,43.3434],[-76.7558,43.3254],[-76.788,43.3113],[-76.8417,43.3054],[-76.8774,43.2929],[-76.8962,43.296],[-76.9524,43.2703],[-76.9749,43.2743],[-77.0422,43.2709],[-77.0698,43.2833],[-77.1075,43.2896],[-77.1496,43.2892],[-77.1731,43.2815],[-77.2141,43.2841],[-77.2642,43.2774],[-77.3411,43.2807],[-77.3831,43.2753],[-77.442,43.2629],[-77.4869,43.2505],[-77.5009,43.2504],[-77.5301,43.236],[-77.5772,43.2433],[-77.6283,43.2713],[-77.6538,43.2795],[-77.7077,43.3109],[-77.7141,43.3236],[-77.7602,43.3412],[-77.7974,43.3399],[-77.9227,43.357],[-77.9652,43.3681],[-77.9998,43.3651],[-78.1045,43.3756],[-78.1599,43.3748],[-78.1788,43.3707],[-78.2336,43.3691],[-78.2531,43.372],[-78.3371,43.3726],[-78.3702,43.3765],[-78.4731,43.3708],[-78.4889,43.3748],[-78.5474,43.3695],[-78.6343,43.3576],[-78.6867,43.3434],[-78.729,43.339],[-78.774,43.3275],[-78.8363,43.3185],[-78.8514,43.3122],[-78.988,43.2778],[-79.0705,43.2625],[-79.0561,43.2542],[-79.0487,43.1997],[-79.0531,43.1737],[-79.0424,43.1437],[-79.0691,43.12],[-79.058,43.107],[-79.0745,43.0779],[-79.0071,43.0658],[-78.9994,43.0561],[-79.0233,43.0164],[-79.0116,42.9853],[-78.9751,42.9688],[-78.9618,42.9578],[-78.9324,42.9559],[-78.9189,42.9469],[-78.9057,42.9234],[-78.9061,42.8993],[-78.872,42.8521],[-78.8595,42.8414],[-78.8718,42.8227],[-78.8536,42.7942],[-78.8657,42.7717],[-78.9182,42.7373],[-78.9442,42.732],[-78.9912,42.7054],[-79.0062,42.7046],[-79.0468,42.6914],[-79.063,42.6647],[-79.0638,42.6448],[-79.1114,42.6134],[-79.1305,42.5902],[-79.1386,42.5645],[-79.1487,42.5537],[-79.1994,42.545],[-79.2713,42.5192],[-79.278,42.5112],[-79.3179,42.5023],[-79.3291,42.49],[-79.3567,42.4915],[-79.3621,42.4802],[-79.4055,42.4533],[-79.4185,42.4521],[-79.4257,42.4314],[-79.4535,42.4112],[-79.4748,42.4043],[-79.511,42.3824],[-79.5698,42.3512],[-79.5972,42.3435],[-79.6125,42.3323],[-79.6831,42.2984],[-79.762,42.2699],[-79.7614,41.9991],[-79.4725,41.9983],[-79.1786,41.9995],[-78.9831,41.999],[-78.8748,41.9976],[-78.7498,41.9981],[-78.5967,41.9999],[-78.2712,41.999],[-78.1247,42.0005],[-77.9975,41.9988],[-77.832,41.9985],[-77.5053,42.0001],[-77.1247,41.9994],[-76.9208,42.0018],[-76.7497,42.0017],[-76.4622,41.9989],[-76.3437,41.9984],[-75.8707,41.9988],[-75.7422,41.9979],[-75.6103,41.999],[-75.3596,41.9995],[-75.3411,41.9928],[-75.3425,41.9743],[-75.3104,41.949],[-75.2937,41.9546],[-75.2791,41.9389],[-75.2676,41.9071],[-75.2713,41.8874],[-75.2638,41.8708],[-75.2237,41.8575],[-75.1978,41.8688],[-75.1839,41.8605],[-75.1681,41.8671],[-75.1615,41.8498],[-75.1402,41.8521],[-75.1144,41.8436],[-75.1133,41.8228],[-75.0858,41.8116],[-75.1046,41.7742],[-75.0759,41.7715],[-75.0534,41.7525],[-75.0497,41.7151],[-75.0688,41.7082],[-75.0527,41.6884],[-75.0588,41.6744],[-75.0499,41.6626],[-75.0442,41.618],[-75.0746,41.6057],[-75.0468,41.5833],[-75.0405,41.5697],[-75.0185,41.5518],[-75.0248,41.5398],[-75.0039,41.5241],[-74.9996,41.5074],[-74.9844,41.5066],[-74.9817,41.48],[-74.9583,41.4764],[-74.9326,41.4823],[-74.9092,41.4724],[-74.8951,41.4582],[-74.8887,41.4383],[-74.8586,41.4444],[-74.8369,41.4316],[-74.8057,41.4421],[-74.7954,41.424],[-74.7586,41.4233],[-74.7409,41.4312],[-74.7361,41.3984],[-74.7134,41.3898],[-74.6911,41.3673],[-74.6949,41.3574],[-74.4576,41.2482],[-74.3789,41.209],[-74.302,41.1726],[-74.1824,41.1216],[-73.9027,40.9973],[-73.8965,40.9817],[-73.929,40.8896],[-73.9632,40.8269],[-74.0138,40.7566],[-74.0245,40.7094],[-73.9995,40.7003],[-74.0205,40.6788],[-74.0183,40.659],[-74.0321,40.6465],[-74.0424,40.6249],[-74.0314,40.6052],[-74.0033,40.5958],[-73.9913,40.5704],[-73.9316,40.576],[-73.9406,40.5429],[-73.9178,40.5529],[-73.8787,40.5618],[-73.8344,40.5772],[-73.7749,40.5908],[-73.7051,40.5837],[-73.6409,40.5828],[-73.6109,40.5877],[-73.5491,40.5848],[-73.4173,40.6111],[-73.3515,40.6305],[-73.3263,40.6331],[-73.3064,40.6208],[-73.2623,40.622],[-73.2084,40.6309],[-73.0855,40.6587],[-73.0125,40.6797],[-72.9232,40.7133],[-72.7682,40.7616],[-72.6631,40.7886],[-72.47,40.8427],[-72.3959,40.8667],[-72.236,40.9275],[-72.1144,40.9721],[-72.0294,40.9999],[-71.9588,41.0267],[-71.8805,41.0488],[-71.8562,41.0706],[-71.8955,41.0774],[-71.9043,41.086],[-71.9596,41.0712],[-71.9573,41.0483],[-71.9722,41.0408],[-71.9914,41.0488],[-72.0255,41.0205],[-72.0554,41.0223],[-72.0955,40.9914],[-72.1164,40.9998],[-72.1374,41.0239],[-72.1373,41.0397],[-72.1629,41.0532],[-72.1906,41.0326],[-72.2413,41.0448],[-72.2605,41.0421],[-72.2831,41.0679],[-72.2804,41.0804],[-72.3172,41.0887],[-72.3383,41.1149],[-72.3266,41.1322],[-72.3088,41.1398],[-72.2787,41.1222],[-72.2547,41.134],[-72.2382,41.1595],[-72.2681,41.1542],[-72.2788,41.1587],[-72.3128,41.148],[-72.3216,41.1387],[-72.3541,41.14],[-72.3701,41.1197],[-72.397,41.0963],[-72.4179,41.088],[-72.4452,41.0861],[-72.4593,41.0664],[-72.4773,41.0522],[-72.518,41.0401],[-72.5853,40.9976],[-72.6356,40.982],[-72.7081,40.9779],[-72.7741,40.9653],[-72.8331,40.9701],[-72.8883,40.963],[-72.9959,40.9665],[-73.0486,40.9636],[-73.0816,40.9731],[-73.1024,40.9692],[-73.1183,40.9781],[-73.1447,40.9559],[-73.149,40.9289],[-73.2284,40.906],[-73.2951,40.9245],[-73.3314,40.9296],[-73.3528,40.9267],[-73.3745,40.9376],[-73.3929,40.9553],[-73.4035,40.9422],[-73.3988,40.9282],[-73.3532,40.9239],[-73.3551,40.9128],[-73.3805,40.9026],[-73.3967,40.9092],[-73.4162,40.9044],[-73.4367,40.9349],[-73.4637,40.9377],[-73.4854,40.9464],[-73.4976,40.9228],[-73.4732,40.8929],[-73.4948,40.8948],[-73.5115,40.888],[-73.5055,40.8756],[-73.5419,40.8769],[-73.5481,40.9087],[-73.5662,40.9158],[-73.6019,40.9028],[-73.6398,40.8966],[-73.6544,40.8782],[-73.6493,40.853],[-73.6605,40.8346],[-73.6756,40.857],[-73.7137,40.8701],[-73.7377,40.8495],[-73.7285,40.833],[-73.7133,40.8379],[-73.7061,40.8159],[-73.7572,40.8339],[-73.7655,40.8109],[-73.7534,40.7995],[-73.7589,40.7691],[-73.7973,40.8156],[-73.8119,40.8254],[-73.8128,40.8467],[-73.7822,40.8474],[-73.7931,40.8636],[-73.7813,40.8855],[-73.7568,40.9126],[-73.7344,40.9215],[-73.7206,40.941],[-73.6833,40.949],[-73.6781,40.9628],[-73.66,40.9684],[-73.6573,40.9852],[-73.6399,41.0031],[-73.6271,41.0018],[-73.5957,41.016],[-73.584,41.0009],[-73.5515,41.0243],[-73.4933,41.0482],[-73.4898,41.04],[-73.4504,41.0571],[-73.4333,41.0558],[-73.4025,41.0861],[-73.3654,41.0974],[-73.3504,41.1064],[-73.3091,41.1148],[-73.2868,41.1279],[-73.2624,41.1182],[-73.2027,41.1581],[-73.1722,41.1591],[-73.1303,41.1468],[-73.103,41.1514],[-73.108,41.1688],[-73.0888,41.1874],[-73.0496,41.2108],[-73.0146,41.2047],[-73.0025,41.2228],[-72.972,41.2372],[-72.9621,41.2519],[-72.9362,41.2599],[-72.9364,41.2731],[-72.9131,41.2967],[-72.9054,41.2706],[-72.8814,41.2426],[-72.8613,41.2453],[-72.8271,41.2635],[-72.8185,41.2485],[-72.7861,41.2648],[-72.7575,41.2669],[-72.7328,41.2547],[-72.6851,41.258],[-72.6172,41.272],[-72.5711,41.2681],[-72.5439,41.2487],[-72.5332,41.2627],[-72.5103,41.2566],[-72.4857,41.2709],[-72.4681,41.269],[-72.4519,41.2789],[-72.4262,41.2741],[-72.3987,41.2782],[-72.3866,41.2618],[-72.3426,41.2689],[-72.3339,41.2829],[-72.3178,41.2778],[-72.2615,41.2829],[-72.2455,41.2975],[-72.2014,41.2885],[-72.203,41.3132],[-72.1776,41.3225],[-72.1342,41.2994],[-72.1118,41.2991],[-72.0944,41.3142],[-72.0491,41.3191],[-72.0108,41.307],[-71.9794,41.33],[-71.9624,41.3215],[-71.9457,41.3378],[-71.9212,41.3279],[-71.8775,41.336],[-71.8605,41.3203],[-71.8294,41.3424],[-71.8376,41.3655],[-71.8327,41.3872],[-71.8435,41.4058],[-71.8203,41.4194],[-71.7977,41.4167],[-71.787,41.656],[-71.7979,41.9354],[-71.8007,42.0236],[-72.0635,42.0274],[-72.1357,42.0303],[-72.3171,42.0319],[-72.5281,42.0343],[-72.5732,42.0301],[-72.5823,42.0247],[-72.6079,42.0308],[-72.6959,42.0368],[-72.7517,42.0302],[-72.7667,42.003],[-72.8167,41.9976],[-72.8135,42.0365],[-72.9996,42.0387],[-73.2298,42.0449],[-73.4328,42.0506],[-73.4969,42.0497],[-73.5081,42.0863],[-73.3821,42.4294],[-73.265,42.7459],[-72.8091,42.7366],[-72.4585,42.7269],[-72.4759,42.7577],[-72.5396,42.8048],[-72.5486,42.842],[-72.5572,42.853],[-72.5528,42.885],[-72.5315,42.898],[-72.5242,42.9185],[-72.5346,42.9499],[-72.5184,42.9632],[-72.4738,42.9721],[-72.4616,42.9829],[-72.46,43.0001],[-72.4446,43.0106],[-72.463,43.0285],[-72.4674,43.0527],[-72.4352,43.0866],[-72.4431,43.1008],[-72.433,43.1197],[-72.4569,43.1466],[-72.4503,43.1925],[-72.4377,43.2028],[-72.4352,43.2585],[-72.4216,43.2635],[-72.4078,43.2829],[-72.3955,43.313],[-72.4104,43.3317],[-72.3909,43.355],[-72.4134,43.3627],[-72.416,43.3765],[-72.4038,43.3919],[-72.3926,43.4651],[-72.3809,43.4934],[-72.3986,43.5134],[-72.3804,43.5409],[-72.3828,43.5625],[-72.3731,43.5794],[-72.3324,43.5994],[-72.3274,43.6368],[-72.3152,43.6412],[-72.3058,43.6665],[-72.3029,43.7027],[-72.2712,43.7341],[-72.2327,43.7483],[-72.2048,43.7713],[-72.2041,43.7861],[-72.1848,43.8047],[-72.1822,43.834],[-72.1879,43.8561],[-72.1736,43.8797],[-72.1513,43.9017],[-72.121,43.919],[-72.1178,43.9468],[-72.1044,43.9505],[-72.0962,43.9681],[-72.1147,43.9695],[-72.117,43.9945],[-72.1053,44.0127],[-72.0755,44.0346],[-72.0362,44.0885],[-72.0483,44.0969],[-72.0523,44.1199],[-72.0411,44.1543],[-72.0662,44.1898],[-72.0479,44.2385],[-72.0678,44.271],[-72.0589,44.2862],[-72.037,44.2978],[-72.0331,44.3204],[-72.01,44.322],[-71.9811,44.3375],[-71.9291,44.3376],[-71.9023,44.3475],[-71.8699,44.337],[-71.8125,44.3585],[-71.8144,44.3819],[-71.7907,44.4003],[-71.765,44.4066],[-71.708,44.412],[-71.6618,44.4403],[-71.6393,44.4778],[-71.5995,44.4865],[-71.5839,44.5032],[-71.5869,44.5147],[-71.573,44.5363],[-71.5981,44.5554],[-71.5902,44.5657],[-71.5586,44.5656],[-71.5346,44.5874],[-71.5479,44.5969],[-71.5566,44.617],[-71.5521,44.6301],[-71.5676,44.6536],[-71.5866,44.6595],[-71.583,44.6748],[-71.6252,44.744],[-71.6179,44.7559],[-71.5717,44.7948],[-71.5751,44.8136],[-71.5522,44.8378],[-71.5568,44.8488],[-71.496,44.9089],[-71.5152,44.9273],[-71.5148,44.9588],[-71.5378,44.9843],[-71.5301,44.9997],[-71.5011,45.0134]]]]}},{"type":"Feature","properties":{"NAME":"SEVENTH CIRCUIT","CHIEF_JUDGE":"","ACTIVE_JUDGES":11,"SENIOR_ELIGIBLE_JUDGES":1,"VACANCIES":0,"DEMJUDGES":5,"GOPJUDGES":6,"PARTISANSHIP":-1,"DEMRETIRING":0,"GOPRETIRING":0},"geometry":{"type":"MultiPolygon","coordinates":[[[[-87.3373,45.201],[-87.3766,45.1982],[-87.3768,45.1773],[-87.338,45.17],[-87.3373,45.201]]],[[[-86.8059,45.4129],[-86.8532,45.4056],[-86.8775,45.414],[-86.9143,45.4082],[-86.943,45.4153],[-86.9552,45.3837],[-86.9475,45.3664],[-86.9561,45.3423],[-86.9272,45.3297],[-86.9004,45.336],[-86.8665,45.3357],[-86.8636,45.3649],[-86.8494,45.3701],[-86.8244,45.4061],[-86.8059,45.4129]]],[[[-90.7517,46.8332],[-90.7205,46.8657],[-90.736,46.8728],[-90.7579,46.8504],[-90.7517,46.8332]]],[[[-90.6701,46.7995],[-90.6739,46.8197],[-90.6138,46.838],[-90.5845,46.8398],[-90.57,46.8497],[-90.6026,46.8727],[-90.6165,46.8745],[-90.657,46.8435],[-90.7124,46.8208],[-90.733,46.8002],[-90.7863,46.7883],[-90.7712,46.753],[-90.7394,46.768],[-90.7165,46.7854],[-90.6965,46.782],[-90.6572,46.7888],[-90.6701,46.7995]]],[[[-90.4882,46.8717],[-90.4744,46.875],[-90.4505,46.8989],[-90.497,46.886],[-90.4882,46.8717]]],[[[-90.4181,46.5661],[-90.4376,46.5615],[-90.5059,46.5896],[-90.538,46.5811],[-90.5863,46.5999],[-90.6947,46.6644],[-90.7481,46.6698],[-90.7377,46.6553],[-90.7948,46.6249],[-90.8225,46.6195],[-90.8753,46.602],[-90.9183,46.5831],[-90.9451,46.589],[-90.9496,46.603],[-90.9219,46.6285],[-90.9113,46.6631],[-90.8685,46.6804],[-90.8527,46.6996],[-90.8704,46.7233],[-90.885,46.7563],[-90.8666,46.7644],[-90.8565,46.7889],[-90.8356,46.7898],[-90.8257,46.8039],[-90.7989,46.8232],[-90.7853,46.8426],[-90.7883,46.8528],[-90.7509,46.893],[-90.7804,46.909],[-90.7921,46.9338],[-90.8301,46.936],[-90.8377,46.9574],[-90.8639,46.9627],[-90.881,46.9517],[-90.931,46.9324],[-90.9649,46.9438],[-90.9952,46.9176],[-91.0345,46.9031],[-91.0399,46.8892],[-91.0682,46.8783],[-91.0937,46.8799],[-91.0966,46.8615],[-91.1231,46.8562],[-91.1365,46.861],[-91.1903,46.8484],[-91.2044,46.8588],[-91.2327,46.86],[-91.2567,46.8369],[-91.2887,46.8334],[-91.3383,46.8177],[-91.3688,46.7938],[-91.4094,46.7938],[-91.4237,46.7822],[-91.5111,46.7575],[-91.5743,46.7575],[-91.6455,46.7347],[-91.7497,46.7091],[-91.7901,46.6947],[-91.82,46.6902],[-91.8575,46.6924],[-91.943,46.6799],[-91.9619,46.6825],[-92.0153,46.7065],[-92.034,46.7089],[-92.0895,46.7492],[-92.1166,46.7486],[-92.1379,46.7395],[-92.1463,46.7159],[-92.1891,46.7175],[-92.2057,46.7025],[-92.1765,46.6902],[-92.2055,46.6647],[-92.2124,46.6499],[-92.266,46.651],[-92.2922,46.6661],[-92.2916,46.6249],[-92.2929,46.4172],[-92.294,46.0744],[-92.3279,46.0662],[-92.3435,46.043],[-92.3438,46.0285],[-92.3621,46.0131],[-92.4207,46.0268],[-92.4423,46.0162],[-92.4645,45.9763],[-92.491,45.9756],[-92.522,45.9842],[-92.5498,45.968],[-92.5519,45.9517],[-92.6401,45.9325],[-92.7077,45.8949],[-92.734,45.8681],[-92.7393,45.8476],[-92.7657,45.8273],[-92.758,45.8112],[-92.7796,45.7826],[-92.7846,45.7642],[-92.8098,45.7442],[-92.8692,45.7176],[-92.8789,45.6656],[-92.8879,45.639],[-92.8825,45.6102],[-92.8838,45.5755],[-92.8711,45.5676],[-92.8233,45.5609],[-92.7702,45.5669],[-92.7261,45.5411],[-92.7267,45.5145],[-92.7022,45.4931],[-92.6802,45.4644],[-92.6527,45.4545],[-92.6466,45.4416],[-92.6504,45.3985],[-92.6641,45.3933],[-92.6792,45.3727],[-92.7041,45.3537],[-92.699,45.3364],[-92.71,45.3213],[-92.7371,45.3005],[-92.7587,45.291],[-92.7517,45.2617],[-92.7603,45.2496],[-92.7517,45.2187],[-92.7639,45.2049],[-92.7668,45.1855],[-92.7524,45.1739],[-92.7568,45.1519],[-92.7449,45.1083],[-92.7915,45.0797],[-92.8029,45.0654],[-92.7971,45.0507],[-92.7646,45.0288],[-92.7712,45.0014],[-92.7695,44.9722],[-92.7546,44.9558],[-92.7507,44.9373],[-92.7596,44.9079],[-92.7749,44.8928],[-92.7641,44.8759],[-92.7653,44.8411],[-92.7888,44.7878],[-92.8053,44.7684],[-92.808,44.7515],[-92.7879,44.7374],[-92.7373,44.7172],[-92.701,44.6938],[-92.6647,44.6634],[-92.6321,44.649],[-92.6217,44.639],[-92.6215,44.615],[-92.5694,44.6035],[-92.5406,44.5673],[-92.5184,44.5752],[-92.4938,44.5661],[-92.4551,44.5619],[-92.4311,44.5658],[-92.4151,44.5604],[-92.3476,44.5572],[-92.3141,44.538],[-92.3025,44.5165],[-92.3022,44.5003],[-92.2768,44.4737],[-92.2152,44.4385],[-92.1245,44.4221],[-92.1111,44.414],[-92.0536,44.4014],[-92.0382,44.3887],[-91.9595,44.3594],[-91.9256,44.3336],[-91.9135,44.3114],[-91.9203,44.2865],[-91.8957,44.273],[-91.8879,44.2464],[-91.893,44.2352],[-91.8752,44.2006],[-91.8292,44.1784],[-91.8173,44.1642],[-91.7745,44.1475],[-91.7518,44.1348],[-91.7307,44.1329],[-91.7106,44.1205],[-91.7075,44.1039],[-91.6815,44.0974],[-91.6447,44.0628],[-91.6073,44.0474],[-91.5826,44.0274],[-91.5071,44.019],[-91.4809,44.0082],[-91.4405,44.0015],[-91.406,43.9639],[-91.3858,43.9542],[-91.3647,43.9349],[-91.3574,43.9172],[-91.3381,43.8977],[-91.3206,43.8885],[-91.311,43.8674],[-91.2841,43.8471],[-91.2624,43.7922],[-91.2441,43.7747],[-91.2549,43.7335],[-91.2685,43.7098],[-91.2718,43.6549],[-91.2639,43.6477],[-91.2688,43.6154],[-91.2319,43.5818],[-91.2328,43.5648],[-91.2438,43.5491],[-91.2329,43.524],[-91.2174,43.5125],[-91.2153,43.4848],[-91.2322,43.46],[-91.2288,43.4455],[-91.2032,43.4198],[-91.1977,43.3953],[-91.2148,43.3659],[-91.2019,43.3491],[-91.1811,43.3459],[-91.1291,43.3264],[-91.1072,43.3137],[-91.0857,43.2919],[-91.0579,43.254],[-91.0793,43.2283],[-91.1191,43.2004],[-91.1433,43.1564],[-91.1779,43.1289],[-91.1752,43.1038],[-91.1795,43.0674],[-91.1747,43.0387],[-91.1466,42.9634],[-91.1498,42.9403],[-91.1462,42.9099],[-91.1006,42.8831],[-91.0914,42.8499],[-91.0951,42.835],[-91.0787,42.8277],[-91.0781,42.8065],[-91.0655,42.7571],[-91.0513,42.737],[-90.9955,42.7137],[-90.9806,42.6989],[-90.9524,42.6868],[-90.9212,42.6854],[-90.9003,42.6763],[-90.8525,42.6648],[-90.7695,42.6515],[-90.7202,42.6408],[-90.7027,42.6308],[-90.687,42.5918],[-90.6615,42.568],[-90.6456,42.5441],[-90.6367,42.5187],[-90.6559,42.4917],[-90.654,42.4785],[-90.6243,42.4589],[-90.5707,42.4417],[-90.555,42.4161],[-90.5001,42.3955],[-90.4773,42.3838],[-90.4439,42.3552],[-90.4159,42.3227],[-90.4309,42.2782],[-90.4193,42.2545],[-90.3911,42.2255],[-90.357,42.2055],[-90.3283,42.2011],[-90.2822,42.1789],[-90.2501,42.1715],[-90.2095,42.1527],[-90.2014,42.1309],[-90.171,42.1252],[-90.1629,42.1167],[-90.1684,42.0758],[-90.1645,42.0421],[-90.1516,42.0306],[-90.1401,42.0033],[-90.1462,41.9813],[-90.1621,41.9613],[-90.1639,41.9449],[-90.1516,41.931],[-90.1536,41.9066],[-90.17,41.8764],[-90.184,41.8331],[-90.1806,41.812],[-90.188,41.8032],[-90.2223,41.7931],[-90.2786,41.7674],[-90.3028,41.75],[-90.3152,41.7343],[-90.3147,41.6948],[-90.3345,41.6796],[-90.3435,41.647],[-90.3395,41.5986],[-90.3432,41.5878],[-90.4128,41.5653],[-90.4614,41.5235],[-90.5006,41.518],[-90.5409,41.5261],[-90.5952,41.511],[-90.6059,41.4942],[-90.6558,41.4621],[-90.7375,41.4501],[-90.8374,41.4556],[-90.8576,41.4528],[-90.9005,41.4312],[-90.93,41.4214],[-90.9752,41.434],[-91.0278,41.4236],[-91.0478,41.4109],[-91.0516,41.3853],[-91.0651,41.3691],[-91.0775,41.3018],[-91.092,41.2869],[-91.1142,41.25],[-91.1137,41.2414],[-91.0659,41.1995],[-91.0415,41.1661],[-91.0076,41.1662],[-90.9897,41.1557],[-90.9466,41.0966],[-90.9494,41.0727],[-90.9423,41.0347],[-90.946,41.0065],[-90.9581,40.9798],[-90.952,40.9582],[-90.9629,40.925],[-90.9985,40.9081],[-91.0216,40.884],[-91.0447,40.8684],[-91.0564,40.8484],[-91.0901,40.8246],[-91.0969,40.8116],[-91.0917,40.7797],[-91.1082,40.7509],[-91.1157,40.7252],[-91.1119,40.697],[-91.1239,40.6692],[-91.187,40.6373],[-91.2479,40.6384],[-91.3065,40.6262],[-91.3487,40.6097],[-91.3798,40.5745],[-91.4015,40.5595],[-91.4062,40.5427],[-91.3881,40.5331],[-91.3691,40.5125],[-91.3649,40.4842],[-91.3782,40.4564],[-91.381,40.4354],[-91.3737,40.4179],[-91.3758,40.3919],[-91.4157,40.3814],[-91.4448,40.3632],[-91.4621,40.3424],[-91.4927,40.2782],[-91.4905,40.2595],[-91.5065,40.2363],[-91.5045,40.1983],[-91.513,40.1811],[-91.5082,40.1577],[-91.5103,40.128],[-91.4896,40.0574],[-91.4949,40.0365],[-91.4472,39.9595],[-91.4218,39.933],[-91.4209,39.9149],[-91.4435,39.8936],[-91.4479,39.878],[-91.4295,39.8378],[-91.378,39.8113],[-91.3618,39.7851],[-91.37,39.7325],[-91.3528,39.7153],[-91.2761,39.6658],[-91.2412,39.6301],[-91.2166,39.6151],[-91.1859,39.6051],[-91.1747,39.5933],[-91.1684,39.5649],[-91.1483,39.5458],[-91.1003,39.5387],[-91.0753,39.5029],[-91.0643,39.4947],[-91.0594,39.4689],[-91.0383,39.4484],[-90.9938,39.423],[-90.9483,39.4075],[-90.934,39.3921],[-90.908,39.3808],[-90.8938,39.3674],[-90.8401,39.3404],[-90.8169,39.3205],[-90.7935,39.3095],[-90.7516,39.2654],[-90.727,39.2512],[-90.7171,39.2139],[-90.7092,39.1551],[-90.6861,39.1178],[-90.6828,39.0884],[-90.7125,39.0571],[-90.7116,39.0468],[-90.6782,38.9919],[-90.676,38.9621],[-90.6614,38.925],[-90.6399,38.9083],[-90.6251,38.8887],[-90.5834,38.869],[-90.544,38.8751],[-90.5075,38.9028],[-90.487,38.926],[-90.4721,38.9588],[-90.4508,38.9678],[-90.4064,38.9626],[-90.3831,38.9555],[-90.3095,38.9241],[-90.2503,38.9194],[-90.223,38.9074],[-90.1976,38.8877],[-90.1664,38.8764],[-90.1133,38.8493],[-90.1091,38.8375],[-90.1231,38.7981],[-90.1664,38.7727],[-90.1834,38.7469],[-90.2052,38.7322],[-90.212,38.7118],[-90.1826,38.6654],[-90.1788,38.6292],[-90.1918,38.599],[-90.2242,38.5751],[-90.2603,38.5284],[-90.2792,38.4725],[-90.2852,38.4435],[-90.2953,38.4268],[-90.3497,38.3776],[-90.3682,38.3403],[-90.3725,38.3234],[-90.3739,38.2819],[-90.3639,38.2364],[-90.3539,38.2139],[-90.3224,38.1816],[-90.2908,38.1705],[-90.2749,38.1576],[-90.2431,38.1127],[-90.2187,38.0944],[-90.1722,38.0696],[-90.1585,38.0747],[-90.1308,38.0623],[-90.1262,38.0407],[-90.0938,38.0178],[-90.0573,38.0144],[-90.0324,37.9953],[-90.0084,37.9702],[-89.9789,37.9628],[-89.9421,37.9701],[-89.9254,37.9541],[-89.9474,37.9403],[-89.9597,37.9402],[-89.9742,37.9192],[-89.9525,37.8832],[-89.9232,37.8707],[-89.9018,37.8698],[-89.8815,37.8796],[-89.863,37.8969],[-89.8448,37.9056],[-89.798,37.8797],[-89.7961,37.8595],[-89.7399,37.8469],[-89.7028,37.8168],[-89.6696,37.7999],[-89.6604,37.7863],[-89.668,37.7595],[-89.6495,37.7455],[-89.6173,37.7497],[-89.5966,37.7329],[-89.5833,37.7133],[-89.5257,37.6984],[-89.512,37.6855],[-89.5177,37.6412],[-89.5066,37.6251],[-89.4784,37.5989],[-89.4776,37.5859],[-89.4941,37.5801],[-89.5165,37.5845],[-89.5219,37.5607],[-89.5165,37.5356],[-89.4921,37.494],[-89.4712,37.4665],[-89.451,37.4501],[-89.4341,37.4269],[-89.4225,37.3971],[-89.4282,37.3562],[-89.436,37.3444],[-89.4746,37.3382],[-89.4912,37.3314],[-89.5118,37.3108],[-89.5183,37.2855],[-89.4899,37.2513],[-89.4607,37.2506],[-89.4675,37.2219],[-89.4619,37.1995],[-89.4352,37.1521],[-89.4145,37.1251],[-89.3842,37.1033],[-89.3756,37.0859],[-89.3852,37.0578],[-89.3783,37.0396],[-89.3624,37.0302],[-89.3172,37.0128],[-89.2921,36.9922],[-89.2662,36.9963],[-89.2576,37.0155],[-89.2777,37.0361],[-89.3014,37.045],[-89.3077,37.0697],[-89.2599,37.0641],[-89.2341,37.0373],[-89.1985,37.0117],[-89.1921,36.98],[-89.17,36.9703],[-89.1327,36.9822],[-89.1665,37.0033],[-89.1825,37.0373],[-89.1757,37.0621],[-89.1545,37.0889],[-89.1112,37.1191],[-89.0929,37.1564],[-89.0762,37.1751],[-89.03,37.2112],[-89.001,37.2244],[-88.9747,37.2297],[-88.9503,37.2249],[-88.9169,37.2243],[-88.8057,37.1886],[-88.7321,37.144],[-88.6878,37.1394],[-88.6114,37.1128],[-88.5768,37.0898],[-88.5733,37.08],[-88.5214,37.0656],[-88.4761,37.0682],[-88.459,37.0738],[-88.4244,37.1524],[-88.4315,37.1603],[-88.4478,37.2035],[-88.4718,37.2202],[-88.485,37.2408],[-88.5093,37.2621],[-88.5159,37.284],[-88.5115,37.2985],[-88.487,37.3396],[-88.4766,37.3869],[-88.456,37.4085],[-88.4088,37.4252],[-88.3616,37.4029],[-88.3126,37.4406],[-88.2817,37.4526],[-88.1753,37.4638],[-88.1351,37.4716],[-88.0818,37.473],[-88.0626,37.496],[-88.069,37.5253],[-88.0881,37.5351],[-88.1056,37.5562],[-88.1334,37.5742],[-88.1422,37.6037],[-88.1584,37.64],[-88.1582,37.6645],[-88.125,37.7071],[-88.0638,37.7387],[-88.0426,37.7671],[-88.0358,37.7919],[-88.0151,37.8019],[-87.9764,37.788],[-87.96,37.7732],[-87.9445,37.7753],[-87.9349,37.7952],[-87.9068,37.8076],[-87.9038,37.8178],[-87.9149,37.8496],[-87.9362,37.8679],[-87.9384,37.8908],[-87.9048,37.9249],[-87.8925,37.9279],[-87.8656,37.9151],[-87.8572,37.9007],[-87.8306,37.8765],[-87.7952,37.8753],[-87.7623,37.8909],[-87.7107,37.8939],[-87.684,37.9035],[-87.665,37.8935],[-87.6654,37.8795],[-87.6816,37.8559],[-87.6724,37.8291],[-87.6459,37.8259],[-87.6154,37.832],[-87.5903,37.8586],[-87.5871,37.8849],[-87.6208,37.9077],[-87.6279,37.9223],[-87.6065,37.9489],[-87.6016,37.9713],[-87.5757,37.9678],[-87.5765,37.9521],[-87.5513,37.9254],[-87.5115,37.9064],[-87.4969,37.9112],[-87.4655,37.9337],[-87.4378,37.9442],[-87.4133,37.9447],[-87.3854,37.9377],[-87.3449,37.9112],[-87.3198,37.9055],[-87.2804,37.8856],[-87.2565,37.8684],[-87.2203,37.8491],[-87.1648,37.8414],[-87.1415,37.8163],[-87.1296,37.7866],[-87.111,37.7824],[-87.0893,37.7879],[-87.0697,37.8015],[-87.0567,37.8275],[-87.0433,37.8686],[-87.0452,37.8943],[-87.0124,37.9187],[-86.979,37.9302],[-86.9258,37.9351],[-86.902,37.9465],[-86.856,37.9873],[-86.8235,37.9989],[-86.7955,37.9895],[-86.7799,37.9555],[-86.751,37.9129],[-86.7315,37.8943],[-86.7185,37.8931],[-86.686,37.9131],[-86.6501,37.9106],[-86.6448,37.8948],[-86.6625,37.857],[-86.6583,37.8442],[-86.6383,37.8427],[-86.6046,37.8583],[-86.5981,37.8674],[-86.5999,37.9068],[-86.5886,37.9212],[-86.5342,37.917],[-86.511,37.9261],[-86.507,37.9364],[-86.5252,37.9682],[-86.525,38.0279],[-86.5173,38.0426],[-86.4522,38.0505],[-86.4328,38.0672],[-86.4341,38.0868],[-86.4588,38.096],[-86.4661,38.1144],[-86.4498,38.1272],[-86.4295,38.1253],[-86.4051,38.1058],[-86.3753,38.1306],[-86.3406,38.1277],[-86.3212,38.147],[-86.328,38.1548],[-86.3661,38.1615],[-86.3774,38.1714],[-86.3738,38.1934],[-86.3477,38.1954],[-86.3171,38.1729],[-86.2871,38.1579],[-86.2703,38.1298],[-86.2791,38.1008],[-86.2777,38.0825],[-86.2672,38.0568],[-86.2333,38.0396],[-86.2207,38.0282],[-86.1766,38.0102],[-86.1283,38.0162],[-86.1042,38.0126],[-86.0794,38.0006],[-86.0649,37.9756],[-86.05,37.9605],[-86.0344,37.9646],[-86.0354,37.9814],[-86.0256,37.9945],[-85.9774,38.0034],[-85.9471,38.0051],[-85.9257,38.0218],[-85.9163,38.0609],[-85.9053,38.0889],[-85.9088,38.1338],[-85.9039,38.1741],[-85.8803,38.2034],[-85.8524,38.2219],[-85.8391,38.2397],[-85.8362,38.2653],[-85.8174,38.2824],[-85.7869,38.2885],[-85.7723,38.2856],[-85.7609,38.272],[-85.7409,38.2679],[-85.6836,38.2955],[-85.6554,38.3239],[-85.6387,38.364],[-85.6329,38.3957],[-85.6183,38.4264],[-85.586,38.4501],[-85.5248,38.4576],[-85.4989,38.4682],[-85.4669,38.5108],[-85.4224,38.5329],[-85.4158,38.5636],[-85.4397,38.6115],[-85.4387,38.6593],[-85.4555,38.6821],[-85.4524,38.7082],[-85.4363,38.7285],[-85.4102,38.7371],[-85.3723,38.7305],[-85.3053,38.7416],[-85.2685,38.7402],[-85.2465,38.7318],[-85.2133,38.6955],[-85.1731,38.688],[-85.1367,38.7002],[-85.0977,38.7275],[-85.0719,38.7416],[-85.011,38.767],[-84.9919,38.7785],[-84.933,38.7775],[-84.8873,38.7948],[-84.8378,38.7849],[-84.8116,38.7928],[-84.8271,38.8186],[-84.8234,38.8392],[-84.7883,38.8643],[-84.7864,38.8822],[-84.8003,38.8911],[-84.8305,38.8973],[-84.8701,38.9004],[-84.8793,38.9161],[-84.8708,38.9292],[-84.8352,38.958],[-84.8299,38.9694],[-84.8371,38.9881],[-84.8967,39.0533],[-84.8889,39.0664],[-84.8607,39.0781],[-84.8202,39.1055],[-84.8195,39.3052],[-84.8158,39.4774],[-84.8143,39.6558],[-84.8142,39.8142],[-84.8112,39.9953],[-84.8039,40.3101],[-84.8045,40.4116],[-84.8026,40.5018],[-84.8022,40.8006],[-84.8033,40.9892],[-84.8035,41.2525],[-84.8047,41.5302],[-84.8062,41.6746],[-84.8059,41.7602],[-84.9728,41.7594],[-85.3081,41.7601],[-85.6076,41.7591],[-85.7914,41.7591],[-86.1278,41.7606],[-86.5193,41.7595],[-86.8248,41.7602],[-86.8754,41.7379],[-86.9091,41.7269],[-86.9227,41.7127],[-87.0279,41.6747],[-87.0991,41.6518],[-87.162,41.645],[-87.1621,41.6354],[-87.2207,41.6244],[-87.2888,41.6209],[-87.3689,41.63],[-87.4331,41.649],[-87.4085,41.6706],[-87.4063,41.6812],[-87.4249,41.6901],[-87.4497,41.6842],[-87.468,41.6724],[-87.4984,41.6882],[-87.529,41.7154],[-87.5311,41.7481],[-87.5542,41.7606],[-87.5729,41.7794],[-87.5822,41.8044],[-87.6095,41.8452],[-87.6163,41.8689],[-87.6143,41.8936],[-87.6229,41.902],[-87.6392,41.9662],[-87.654,41.989],[-87.669,42.0291],[-87.6715,42.0583],[-87.6824,42.0757],[-87.711,42.0953],[-87.7362,42.1208],[-87.8018,42.2106],[-87.8286,42.2699],[-87.8348,42.3015],[-87.8258,42.3555],[-87.8168,42.3616],[-87.8033,42.3905],[-87.8046,42.4312],[-87.7981,42.4717],[-87.8118,42.5206],[-87.8133,42.5792],[-87.8075,42.5858],[-87.8194,42.6066],[-87.8171,42.6355],[-87.8031,42.6754],[-87.7851,42.7008],[-87.7775,42.7304],[-87.7817,42.7501],[-87.7737,42.77],[-87.7579,42.7821],[-87.794,42.8062],[-87.8245,42.8348],[-87.8435,42.8733],[-87.8478,42.8964],[-87.8397,42.9146],[-87.8459,42.9321],[-87.85,42.9707],[-87.8787,42.9924],[-87.8975,43.0201],[-87.895,43.0425],[-87.8638,43.0706],[-87.8761,43.099],[-87.8985,43.1211],[-87.9014,43.1332],[-87.8811,43.1706],[-87.8963,43.1971],[-87.8967,43.2143],[-87.9118,43.2504],[-87.9019,43.2841],[-87.8892,43.3077],[-87.8824,43.3521],[-87.8651,43.3936],[-87.804,43.4634],[-87.7917,43.4923],[-87.7941,43.5247],[-87.7901,43.5631],[-87.7813,43.5785],[-87.7343,43.6392],[-87.7027,43.6876],[-87.7099,43.7358],[-87.696,43.7628],[-87.7264,43.8105],[-87.7287,43.8525],[-87.7362,43.8804],[-87.719,43.9378],[-87.6989,43.9659],[-87.6955,43.9896],[-87.6834,44.0201],[-87.6561,44.0518],[-87.6552,44.0819],[-87.6466,44.1047],[-87.6009,44.1317],[-87.5632,44.1442],[-87.5197,44.1799],[-87.5074,44.2108],[-87.5084,44.2297],[-87.5412,44.2932],[-87.5454,44.3214],[-87.5336,44.3511],[-87.5176,44.3757],[-87.518,44.3944],[-87.5019,44.4355],[-87.5004,44.4562],[-87.49,44.4772],[-87.4837,44.5114],[-87.4681,44.5519],[-87.4522,44.5729],[-87.4375,44.6051],[-87.4054,44.6272],[-87.3935,44.6407],[-87.3738,44.6773],[-87.3435,44.7192],[-87.3352,44.7497],[-87.319,44.7713],[-87.3185,44.7885],[-87.3048,44.8046],[-87.2826,44.8147],[-87.2714,44.8428],[-87.2615,44.851],[-87.2046,44.8756],[-87.2172,44.8978],[-87.2042,44.9168],[-87.1749,44.9278],[-87.1884,44.9481],[-87.1894,44.9686],[-87.1635,45.0049],[-87.1394,45.0126],[-87.1248,45.0422],[-87.1232,45.066],[-87.1096,45.0712],[-87.0789,45.0577],[-87.0799,45.0735],[-87.0961,45.0819],[-87.0858,45.0948],[-87.0632,45.0793],[-87.0471,45.094],[-87.0573,45.1245],[-87.0756,45.1291],[-87.0813,45.1418],[-87.0709,45.153],[-87.0407,45.1364],[-87.0289,45.1464],[-87.0452,45.1584],[-87.0459,45.1739],[-87.0319,45.2135],[-87.0352,45.2296],[-87.0107,45.2267],[-87.0054,45.2137],[-86.9814,45.2178],[-86.9844,45.2644],[-86.9704,45.2785],[-86.9834,45.2954],[-86.9977,45.2983],[-87.0221,45.2875],[-87.0517,45.2859],[-87.0674,45.2958],[-87.0775,45.2527],[-87.1087,45.257],[-87.1228,45.223],[-87.12,45.1911],[-87.1463,45.1919],[-87.1952,45.1631],[-87.237,45.1695],[-87.2601,45.1132],[-87.2617,45.0863],[-87.2804,45.0754],[-87.2841,45.0465],[-87.2988,45.0537],[-87.3214,45.0382],[-87.3322,45.0156],[-87.3603,44.9877],[-87.3748,44.9566],[-87.3984,44.9252],[-87.4062,44.9045],[-87.3836,44.8851],[-87.3822,44.8343],[-87.4276,44.8824],[-87.4575,44.8794],[-87.4856,44.8546],[-87.5006,44.8584],[-87.5298,44.8517],[-87.551,44.8268],[-87.5598,44.8441],[-87.5783,44.8534],[-87.6101,44.8384],[-87.6371,44.8136],[-87.6629,44.7799],[-87.6863,44.7615],[-87.7209,44.7246],[-87.7176,44.698],[-87.7484,44.6671],[-87.7658,44.642],[-87.8088,44.6363],[-87.8407,44.6187],[-87.8566,44.6197],[-87.8875,44.5923],[-87.929,44.536],[-87.9438,44.5297],[-87.9707,44.5303],[-88.0087,44.5417],[-88.0313,44.5595],[-88.0361,44.5768],[-88.0202,44.5806],[-88.0039,44.6178],[-88.0098,44.6371],[-88.0021,44.664],[-87.9873,44.6742],[-87.9835,44.7202],[-87.9691,44.7397],[-87.9344,44.7657],[-87.9011,44.8274],[-87.8662,44.8405],[-87.8483,44.8704],[-87.8284,44.8946],[-87.8443,44.9185],[-87.8195,44.9511],[-87.7669,44.9653],[-87.6965,44.9742],[-87.6303,44.9769],[-87.6247,45.0142],[-87.6258,45.0452],[-87.6104,45.0756],[-87.592,45.0943],[-87.6315,45.1062],[-87.6612,45.1083],[-87.6839,45.1441],[-87.7074,45.1547],[-87.7352,45.1777],[-87.7417,45.1982],[-87.7262,45.2094],[-87.7242,45.2332],[-87.7113,45.24],[-87.7058,45.2659],[-87.6875,45.2981],[-87.6481,45.3394],[-87.6587,45.3697],[-87.694,45.3899],[-87.7189,45.3775],[-87.7541,45.3495],[-87.7903,45.3535],[-87.8326,45.3523],[-87.8381,45.3451],[-87.8849,45.3628],[-87.8594,45.3882],[-87.8497,45.4095],[-87.8617,45.4345],[-87.8327,45.4559],[-87.813,45.4642],[-87.7928,45.5],[-87.8022,45.5131],[-87.8034,45.5383],[-87.833,45.5595],[-87.8294,45.5688],[-87.7975,45.5621],[-87.7747,45.602],[-87.8102,45.6387],[-87.8241,45.6471],[-87.8232,45.6627],[-87.7816,45.6733],[-87.7877,45.6872],[-87.8092,45.7003],[-87.8123,45.7113],[-87.8555,45.727],[-87.8622,45.745],[-87.8798,45.7549],[-87.9,45.7535],[-87.9291,45.7604],[-87.9465,45.7567],[-87.9864,45.7696],[-87.9934,45.7956],[-88.0397,45.7896],[-88.0506,45.781],[-88.0941,45.7857],[-88.1083,45.8035],[-88.1295,45.8093],[-88.1336,45.8231],[-88.0775,45.8638],[-88.0711,45.8747],[-88.1018,45.8835],[-88.107,45.8998],[-88.095,45.9158],[-88.1264,45.9215],[-88.1481,45.9376],[-88.2038,45.9479],[-88.2331,45.9474],[-88.2457,45.9627],[-88.2924,45.9511],[-88.3205,45.96],[-88.3802,45.9917],[-88.3879,45.9832],[-88.4169,45.9753],[-88.4587,45.9994],[-88.4868,45.991],[-88.4974,45.9952],[-88.5095,46.0192],[-88.5411,46.0138],[-88.5655,46.0157],[-88.589,46.0051],[-88.604,46.0162],[-88.6164,45.9877],[-88.6634,45.9877],[-88.6791,46.0135],[-88.74,46.0273],[-88.7821,46.0166],[-88.8386,46.0301],[-88.8503,46.0403],[-89.0916,46.1385],[-89.1251,46.1445],[-89.4957,46.2163],[-89.9188,46.2977],[-90.1205,46.3369],[-90.1188,46.3592],[-90.1339,46.3718],[-90.1579,46.4093],[-90.1634,46.4346],[-90.1779,46.4402],[-90.2166,46.5018],[-90.2653,46.5038],[-90.2834,46.5189],[-90.3139,46.5162],[-90.3109,46.5394],[-90.3319,46.5533],[-90.3503,46.5405],[-90.3933,46.5326],[-90.4181,46.5661]]],[[[-90.7343,46.9598],[-90.7653,46.947],[-90.7367,46.9135],[-90.689,46.9175],[-90.6945,46.9367],[-90.7157,46.9584],[-90.7343,46.9598]]],[[[-90.5241,46.9357],[-90.5071,46.9578],[-90.5288,46.9685],[-90.558,46.9597],[-90.6012,46.9525],[-90.6371,46.9419],[-90.6548,46.9195],[-90.6391,46.9065],[-90.5765,46.9214],[-90.5472,46.9241],[-90.5241,46.9357]]],[[[-90.6668,46.9516],[-90.6341,46.971],[-90.6549,46.9769],[-90.6785,46.9564],[-90.6668,46.9516]]],[[[-90.9283,46.9942],[-90.9379,46.9965],[-90.9821,46.9859],[-90.9803,46.9716],[-90.9658,46.9622],[-90.932,46.9631],[-90.9283,46.9942]]],[[[-90.6948,46.9829],[-90.6692,47.0001],[-90.6966,47.0085],[-90.7114,46.9906],[-90.6948,46.9829]]],[[[-90.7526,47.0283],[-90.7707,47.0301],[-90.7708,47.0051],[-90.7555,46.9993],[-90.74,47.0092],[-90.7526,47.0283]]],[[[-90.4173,47.0776],[-90.4491,47.066],[-90.4572,47.0403],[-90.4575,47.0128],[-90.4672,46.9943],[-90.4314,47.0015],[-90.4035,47.0254],[-90.406,47.0365],[-90.3943,47.0578],[-90.3954,47.0772],[-90.4173,47.0776]]]]}},{"type":"Feature","properties":{"NAME":"FOURTH CIRCUIT","CHIEF_JUDGE":"","ACTIVE_JUDGES":15,"SENIOR_ELIGIBLE_JUDGES":7,"VACANCIES":0,"DEMJUDGES":9,"GOPJUDGES":6,"PARTISANSHIP":1,"DEMRETIRING":0,"GOPRETIRING":0},"geometry":{"type":"MultiPolygon","coordinates":[[[[-76.3754,39.2379],[-76.348,39.2501],[-76.3566,39.2609],[-76.3869,39.2492],[-76.3754,39.2379]]],[[[-76.3774,38.7428],[-76.3633,38.7466],[-76.3723,38.7741],[-76.3907,38.7663],[-76.3774,38.7428]]],[[[-76.038,38.1472],[-76.039,38.1672],[-76.0261,38.1821],[-76.049,38.2038],[-76.0656,38.1881],[-76.0845,38.1898],[-76.0847,38.1566],[-76.0603,38.1688],[-76.0542,38.1504],[-76.038,38.1472]]],[[[-76.0127,38.0721],[-76.0081,38.0915],[-76.0226,38.1062],[-76.0335,38.091],[-76.0127,38.0721]]],[[[-75.9939,37.9535],[-75.9932,37.985],[-75.9801,38.0049],[-76.0073,38.0367],[-76.041,38.032],[-76.05,37.9901],[-76.0465,37.9536],[-75.9939,37.9535]]],[[[-75.9883,37.8074],[-75.9935,37.814],[-75.9735,37.8335],[-75.9992,37.8392],[-75.9991,37.8186],[-75.9883,37.8074]]],[[[-75.6205,35.8093],[-75.6144,35.8157],[-75.6168,35.8563],[-75.6277,35.8832],[-75.6595,35.9196],[-75.6912,35.9369],[-75.7183,35.9397],[-75.7238,35.9256],[-75.7022,35.9154],[-75.6977,35.9016],[-75.6728,35.8824],[-75.6606,35.8625],[-75.6601,35.8386],[-75.6679,35.8235],[-75.639,35.8186],[-75.6205,35.8093]]],[[[-75.7561,35.1877],[-75.7504,35.1877],[-75.6492,35.2225],[-75.5777,35.2353],[-75.5418,35.2303],[-75.528,35.2209],[-75.5188,35.2575],[-75.506,35.3252],[-75.4858,35.4007],[-75.4792,35.4834],[-75.4619,35.5575],[-75.4619,35.5927],[-75.4752,35.6617],[-75.4859,35.6985],[-75.5047,35.7443],[-75.518,35.7443],[-75.5075,35.7068],[-75.4992,35.6979],[-75.4959,35.673],[-75.4714,35.6217],[-75.469,35.5867],[-75.4762,35.5343],[-75.488,35.5113],[-75.4838,35.494],[-75.4952,35.3891],[-75.5137,35.3569],[-75.517,35.3366],[-75.5151,35.3009],[-75.5239,35.2696],[-75.5379,35.2729],[-75.5798,35.2631],[-75.6188,35.2469],[-75.6413,35.2287],[-75.6682,35.219],[-75.6863,35.231],[-75.7027,35.2106],[-75.7561,35.1877]]],[[[-76.0091,35.066],[-75.9651,35.0996],[-75.9202,35.1247],[-75.8691,35.1475],[-75.8741,35.1525],[-75.9582,35.1154],[-75.9884,35.1164],[-75.9856,35.0981],[-76.0091,35.066]]],[[[-76.3288,34.8447],[-76.2426,34.9078],[-76.1856,34.9559],[-76.0965,35.0238],[-76.0741,35.039],[-76.0375,35.057],[-76.054,35.0714],[-76.0759,35.0699],[-76.0888,35.0452],[-76.1106,35.0319],[-76.1138,35.0227],[-76.1359,35.0103],[-76.1959,34.959],[-76.227,34.9257],[-76.2762,34.8859],[-76.2918,34.8857],[-76.2974,34.8722],[-76.3288,34.8447]]],[[[-76.5281,34.6839],[-76.5259,34.6919],[-76.5554,34.6968],[-76.5606,34.71],[-76.5863,34.714],[-76.5816,34.6991],[-76.5281,34.6839]]],[[[-77.0974,34.6443],[-77.0143,34.6649],[-76.8961,34.6846],[-76.8152,34.6942],[-76.7432,34.6977],[-76.6936,34.6938],[-76.6969,34.7113],[-76.7306,34.7008],[-76.7667,34.7],[-76.7926,34.7044],[-76.8276,34.7035],[-76.8443,34.6953],[-76.8981,34.6903],[-76.9081,34.685],[-77.0024,34.672],[-77.0146,34.676],[-77.0629,34.6643],[-77.0956,34.6531],[-77.0974,34.6443]]],[[[-76.5355,34.5916],[-76.5245,34.6157],[-76.4881,34.671],[-76.4345,34.7341],[-76.4136,34.7651],[-76.4397,34.7585],[-76.4415,34.7338],[-76.474,34.7114],[-76.4977,34.6668],[-76.5322,34.6105],[-76.5355,34.5916]]],[[[-75.6338,37.9845],[-75.6243,37.9942],[-75.3988,38.0133],[-75.2423,38.0272],[-75.1938,38.096],[-75.1792,38.1264],[-75.159,38.1842],[-75.1303,38.2469],[-75.1029,38.3115],[-75.0855,38.3243],[-75.0725,38.3553],[-75.0546,38.4148],[-75.0489,38.4513],[-75.0524,38.4513],[-75.0536,38.4513],[-75.0663,38.4513],[-75.142,38.4512],[-75.185,38.451],[-75.2604,38.4515],[-75.2731,38.4516],[-75.3315,38.4519],[-75.3413,38.452],[-75.3711,38.4521],[-75.4287,38.4527],[-75.5001,38.4542],[-75.503,38.4542],[-75.5213,38.4547],[-75.5227,38.4547],[-75.5338,38.455],[-75.56,38.4556],[-75.6628,38.4588],[-75.6656,38.4589],[-75.6917,38.46],[-75.6937,38.4601],[-75.7074,38.6354],[-75.7123,38.698],[-75.7129,38.7056],[-75.7176,38.7656],[-75.7329,38.9574],[-75.7438,39.0947],[-75.7443,39.0997],[-75.7454,39.1107],[-75.7458,39.1149],[-75.7494,39.1648],[-75.7698,39.416],[-75.7808,39.5503],[-75.7875,39.6375],[-75.7884,39.6543],[-75.7887,39.6582],[-75.7887,39.6819],[-75.7885,39.6942],[-75.7884,39.7003],[-75.7886,39.7197],[-75.7886,39.7222],[-75.7996,39.7219],[-75.8101,39.7219],[-75.8215,39.7219],[-75.8419,39.7219],[-75.8752,39.7218],[-75.9986,39.7216],[-76.2333,39.7213],[-76.3324,39.7213],[-76.3806,39.7213],[-76.3956,39.7212],[-76.4188,39.7212],[-76.5694,39.7212],[-76.655,39.7211],[-76.6579,39.7211],[-76.6854,39.7211],[-76.7156,39.7211],[-76.8901,39.7204],[-76.9366,39.7207],[-76.9579,39.7204],[-76.9748,39.7201],[-76.9909,39.7198],[-77.293,39.72],[-77.4691,39.72],[-77.7241,39.7209],[-77.7683,39.7214],[-77.79,39.7215],[-77.8476,39.722],[-77.8747,39.7222],[-77.876,39.7222],[-77.9956,39.7223],[-78.0597,39.7223],[-78.0758,39.7223],[-78.0991,39.7223],[-78.5377,39.7225],[-78.7235,39.723],[-78.9312,39.7228],[-78.9607,39.7228],[-79.0456,39.7229],[-79.335,39.7217],[-79.5485,39.7208],[-79.8529,39.7207],[-80.076,39.7214],[-80.0848,39.7214],[-80.1744,39.7213],[-80.3095,39.7213],[-80.4214,39.7212],[-80.4579,39.7213],[-80.5193,39.7214],[-80.5189,39.891],[-80.5193,39.937],[-80.5191,40.1597],[-80.519,40.3421],[-80.5187,40.3498],[-80.518,40.3676],[-80.518,40.368],[-80.5177,40.4625],[-80.519,40.4737],[-80.519,40.6388],[-80.5219,40.637],[-80.5257,40.6361],[-80.5327,40.6356],[-80.5607,40.6237],[-80.5767,40.6142],[-80.5836,40.6155],[-80.5891,40.6201],[-80.5921,40.6225],[-80.5941,40.6237],[-80.5988,40.6253],[-80.6039,40.6251],[-80.6272,40.6199],[-80.6344,40.6161],[-80.6371,40.6134],[-80.6394,40.6113],[-80.6445,40.6044],[-80.645,40.6037],[-80.6517,40.5978],[-80.6626,40.5916],[-80.6669,40.5737],[-80.6275,40.5358],[-80.6233,40.5237],[-80.6222,40.5205],[-80.618,40.5021],[-80.6091,40.4895],[-80.6025,40.4842],[-80.5998,40.4829],[-80.5992,40.4826],[-80.5983,40.4584],[-80.6112,40.4378],[-80.6118,40.4039],[-80.6152,40.3999],[-80.6281,40.3959],[-80.6322,40.3937],[-80.6336,40.3905],[-80.6317,40.3858],[-80.6316,40.3855],[-80.6307,40.3849],[-80.6192,40.3818],[-80.6144,40.3788],[-80.6097,40.375],[-80.6076,40.3696],[-80.6087,40.362],[-80.6118,40.3552],[-80.6128,40.3477],[-80.5999,40.3177],[-80.6019,40.3105],[-80.6029,40.3071],[-80.6149,40.292],[-80.6162,40.2723],[-80.6188,40.2663],[-80.6193,40.2652],[-80.6225,40.2618],[-80.6228,40.2616],[-80.6371,40.2543],[-80.6446,40.2513],[-80.6615,40.2298],[-80.6681,40.1997],[-80.7046,40.1548],[-80.71,40.1383],[-80.7102,40.0996],[-80.713,40.0969],[-80.717,40.0945],[-80.7307,40.0865],[-80.7386,40.0757],[-80.7385,40.0723],[-80.7385,40.0715],[-80.7371,40.065],[-80.7331,40.0588],[-80.7324,40.0559],[-80.7322,40.0548],[-80.7312,40.0503],[-80.7311,40.0498],[-80.7309,40.0492],[-80.7309,40.0467],[-80.7315,40.0375],[-80.7374,40.0276],[-80.7378,40.0208],[-80.7404,40.0154],[-80.7405,40.0152],[-80.7419,40.0079],[-80.7421,40.0056],[-80.7401,39.9708],[-80.7432,39.9691],[-80.7463,39.9662],[-80.7585,39.9592],[-80.7634,39.9535],[-80.7645,39.9503],[-80.7645,39.9466],[-80.7623,39.9344],[-80.7613,39.9291],[-80.7568,39.9206],[-80.7564,39.9188],[-80.7559,39.9166],[-80.7564,39.9139],[-80.7583,39.9104],[-80.7593,39.9095],[-80.7607,39.9089],[-80.7683,39.9096],[-80.7726,39.9113],[-80.7829,39.9172],[-80.7957,39.9197],[-80.8034,39.9188],[-80.8093,39.9103],[-80.8097,39.9061],[-80.809,39.9032],[-80.794,39.8828],[-80.7931,39.8638],[-80.8164,39.853],[-80.8213,39.85],[-80.8243,39.8472],[-80.827,39.8417],[-80.8222,39.8117],[-80.8261,39.7986],[-80.8353,39.7907],[-80.8469,39.7842],[-80.8631,39.7752],[-80.8663,39.7717],[-80.8699,39.7636],[-80.8676,39.7571],[-80.8667,39.7556],[-80.8653,39.7533],[-80.8547,39.7426],[-80.8461,39.7378],[-80.8366,39.7239],[-80.8316,39.7195],[-80.8339,39.7035],[-80.8617,39.6936],[-80.8658,39.6865],[-80.8663,39.6832],[-80.8667,39.6785],[-80.8656,39.6628],[-80.8666,39.6526],[-80.8804,39.6207],[-80.9333,39.6148],[-80.9704,39.5901],[-80.9732,39.5879],[-80.978,39.584],[-80.9787,39.5835],[-80.9877,39.5773],[-80.9937,39.5713],[-81.0239,39.5523],[-81.0706,39.516],[-81.1008,39.4872],[-81.1344,39.4451],[-81.1525,39.4432],[-81.1635,39.4412],[-81.1706,39.4392],[-81.1799,39.4351],[-81.1823,39.4335],[-81.186,39.4307],[-81.2108,39.4036],[-81.2114,39.402],[-81.2114,39.4019],[-81.2109,39.3971],[-81.2131,39.3907],[-81.2173,39.3876],[-81.2214,39.3862],[-81.2236,39.3861],[-81.2418,39.3903],[-81.2707,39.3859],[-81.2757,39.3838],[-81.2814,39.3793],[-81.2975,39.3744],[-81.3048,39.3705],[-81.3196,39.3613],[-81.3476,39.3458],[-81.376,39.3417],[-81.3959,39.3556],[-81.4005,39.3685],[-81.4007,39.3692],[-81.4067,39.3881],[-81.4286,39.4054],[-81.4465,39.4104],[-81.4481,39.4102],[-81.4561,39.4093],[-81.4677,39.4038],[-81.4732,39.4002],[-81.5032,39.3732],[-81.5243,39.3616],[-81.5261,39.361],[-81.5345,39.3582],[-81.5424,39.3529],[-81.5576,39.3388],[-81.5651,39.2939],[-81.5651,39.2882],[-81.5652,39.2834],[-81.5653,39.2762],[-81.567,39.2716],[-81.5674,39.2707],[-81.5703,39.2677],[-81.5856,39.2688],[-81.5886,39.2698],[-81.5952,39.2734],[-81.6034,39.2755],[-81.6084,39.2761],[-81.6139,39.2753],[-81.6213,39.2737],[-81.6432,39.2772],[-81.6561,39.2774],[-81.6632,39.2767],[-81.6702,39.276],[-81.6783,39.2738],[-81.6834,39.2711],[-81.6836,39.2709],[-81.6895,39.2661],[-81.6964,39.257],[-81.697,39.2488],[-81.6913,39.228],[-81.7244,39.2165],[-81.7358,39.1963],[-81.7563,39.1773],[-81.7446,39.1484],[-81.7436,39.1419],[-81.7445,39.1388],[-81.7448,39.1309],[-81.7446,39.1268],[-81.7422,39.1168],[-81.7455,39.0981],[-81.7524,39.0899],[-81.7649,39.082],[-81.7756,39.0784],[-81.8079,39.084],[-81.8117,39.0596],[-81.809,39.0552],[-81.8034,39.0477],[-81.8004,39.045],[-81.7866,39.0366],[-81.7729,39.0262],[-81.7643,39.0153],[-81.7818,38.9649],[-81.7561,38.9336],[-81.76,38.9258],[-81.7741,38.923],[-81.7857,38.9262],[-81.8142,38.9462],[-81.8315,38.9437],[-81.8381,38.9371],[-81.8445,38.9288],[-81.8461,38.9132],[-81.8487,38.9014],[-81.856,38.8927],[-81.8589,38.8902],[-81.8653,38.8866],[-81.8749,38.8812],[-81.8892,38.8743],[-81.8928,38.8739],[-81.8985,38.8746],[-81.9086,38.8785],[-81.9103,38.8793],[-81.9267,38.9013],[-81.9,38.9254],[-81.8985,38.9296],[-81.9006,38.9377],[-81.9066,38.9453],[-81.9114,38.9526],[-81.9124,38.9543],[-81.9182,38.9666],[-81.9332,38.9877],[-81.9515,38.996],[-81.9775,38.9927],[-81.9838,39.0055],[-81.9871,39.012],[-81.9914,39.0184],[-81.9939,39.0213],[-81.995,39.0225],[-82.0023,39.0279],[-82.0044,39.0286],[-82.0071,39.0296],[-82.0176,39.0301],[-82.0219,39.0293],[-82.0244,39.0289],[-82.0273,39.0284],[-82.036,39.0255],[-82.0516,38.9944],[-82.056,38.9918],[-82.0588,38.9901],[-82.0689,38.9849],[-82.0794,38.9811],[-82.0891,38.976],[-82.1091,38.9456],[-82.1117,38.9326],[-82.121,38.9211],[-82.1289,38.91],[-82.1348,38.9056],[-82.1432,38.8981],[-82.1446,38.8917],[-82.1453,38.8835],[-82.1392,38.865],[-82.1449,38.8405],[-82.1472,38.8375],[-82.1477,38.837],[-82.1492,38.8357],[-82.1493,38.8355],[-82.1521,38.833],[-82.1616,38.8246],[-82.1659,38.8224],[-82.1795,38.8174],[-82.1871,38.8159],[-82.1912,38.8151],[-82.2093,38.8027],[-82.2173,38.7957],[-82.2206,38.7892],[-82.2216,38.7872],[-82.2205,38.7737],[-82.2166,38.7684],[-82.1989,38.7577],[-82.1825,38.7088],[-82.1909,38.6804],[-82.1877,38.6727],[-82.1866,38.6686],[-82.1861,38.6668],[-82.1856,38.6596],[-82.1721,38.626],[-82.1773,38.6038],[-82.1888,38.595],[-82.1938,38.5931],[-82.2052,38.5917],[-82.2222,38.5914],[-82.246,38.5985],[-82.2525,38.5988],[-82.2621,38.5982],[-82.2743,38.5937],[-82.2871,38.5826],[-82.2913,38.579],[-82.2939,38.5727],[-82.2933,38.5603],[-82.2957,38.5385],[-82.3003,38.5294],[-82.3029,38.5232],[-82.3035,38.52],[-82.304,38.5177],[-82.3031,38.5044],[-82.3042,38.4963],[-82.324,38.4493],[-82.3303,38.4445],[-82.3318,38.444],[-82.3398,38.4412],[-82.3406,38.441],[-82.3898,38.4344],[-82.3921,38.4351],[-82.4049,38.4394],[-82.4344,38.4301],[-82.436,38.4297],[-82.4471,38.427],[-82.4597,38.4247],[-82.4866,38.4181],[-82.5296,38.4052],[-82.5402,38.4037],[-82.5439,38.4035],[-82.5498,38.4032],[-82.5606,38.4047],[-82.5716,38.4051],[-82.5731,38.4057],[-82.579,38.4078],[-82.5876,38.4128],[-82.5912,38.4161],[-82.5935,38.4183],[-82.5935,38.421],[-82.5935,38.4218],[-82.5961,38.418],[-82.5963,38.4177],[-82.5947,38.3979],[-82.5992,38.3932],[-82.5997,38.3904],[-82.5993,38.3887],[-82.5942,38.3814],[-82.5935,38.3803],[-82.5975,38.3648],[-82.5982,38.3579],[-82.598,38.3449],[-82.5765,38.3281],[-82.5761,38.3261],[-82.5754,38.323],[-82.5718,38.3172],[-82.5719,38.3134],[-82.5815,38.3005],[-82.5788,38.2818],[-82.5767,38.2775],[-82.5746,38.2747],[-82.5747,38.2639],[-82.5783,38.2548],[-82.5818,38.2486],[-82.584,38.2464],[-82.5861,38.2456],[-82.595,38.2455],[-82.6042,38.2473],[-82.6053,38.2473],[-82.6071,38.246],[-82.6123,38.2361],[-82.6125,38.2346],[-82.6104,38.2268],[-82.6089,38.2237],[-82.6058,38.2212],[-82.6043,38.2206],[-82.6004,38.219],[-82.5984,38.2174],[-82.5993,38.1972],[-82.6043,38.1876],[-82.6113,38.1716],[-82.6391,38.1711],[-82.6447,38.1655],[-82.639,38.1567],[-82.6383,38.1435],[-82.6373,38.1391],[-82.6365,38.1379],[-82.6343,38.1367],[-82.6294,38.1356],[-82.6262,38.1348],[-82.6221,38.1334],[-82.6212,38.132],[-82.6212,38.1232],[-82.6195,38.1208],[-82.6162,38.1202],[-82.6066,38.1208],[-82.5857,38.107],[-82.5851,38.0981],[-82.5855,38.0943],[-82.584,38.0907],[-82.5741,38.0821],[-82.5657,38.0806],[-82.5596,38.0728],[-82.5513,38.0708],[-82.5494,38.0631],[-82.5473,38.0611],[-82.5449,38.0585],[-82.5448,38.0543],[-82.5439,38.0521],[-82.5431,38.051],[-82.5412,38.0485],[-82.5373,38.0452],[-82.5391,38.0398],[-82.5386,38.0374],[-82.535,38.0323],[-82.5258,38.0264],[-82.5258,38.0196],[-82.5144,37.9992],[-82.4892,37.999],[-82.486,37.9957],[-82.4861,37.9905],[-82.484,37.9841],[-82.4822,37.9837],[-82.4731,37.9867],[-82.4655,37.9847],[-82.4694,37.9731],[-82.4819,37.973],[-82.4843,37.9714],[-82.485,37.9644],[-82.484,37.9634],[-82.4727,37.9607],[-82.4716,37.9591],[-82.481,37.9491],[-82.4851,37.9461],[-82.4878,37.9453],[-82.4953,37.9466],[-82.4977,37.9457],[-82.4976,37.943],[-82.4967,37.9416],[-82.4899,37.9392],[-82.4895,37.9379],[-82.4919,37.9357],[-82.4981,37.937],[-82.5004,37.9365],[-82.5023,37.9347],[-82.5022,37.9331],[-82.4973,37.9276],[-82.4947,37.9268],[-82.4819,37.9268],[-82.4803,37.9258],[-82.481,37.9243],[-82.4881,37.9196],[-82.4523,37.9087],[-82.4381,37.9002],[-82.4321,37.8899],[-82.429,37.8883],[-82.4226,37.8867],[-82.4224,37.8639],[-82.4239,37.8602],[-82.4169,37.857],[-82.4148,37.8555],[-82.4121,37.8439],[-82.3997,37.8299],[-82.3984,37.8217],[-82.3796,37.8109],[-82.3785,37.8083],[-82.3781,37.8043],[-82.3764,37.8023],[-82.3762,37.802],[-82.37,37.8018],[-82.3639,37.795],[-82.3611,37.7942],[-82.3561,37.7939],[-82.3543,37.7931],[-82.3485,37.7868],[-82.3405,37.7861],[-82.3384,37.7804],[-82.3391,37.7783],[-82.3389,37.7769],[-82.3376,37.7754],[-82.336,37.7745],[-82.3297,37.7757],[-82.3262,37.7759],[-82.3237,37.775],[-82.323,37.7739],[-82.3235,37.7722],[-82.3317,37.7682],[-82.334,37.7651],[-82.321,37.7569],[-82.3214,37.7513],[-82.3275,37.7494],[-82.334,37.7432],[-82.3338,37.7416],[-82.333,37.741],[-82.3268,37.7363],[-82.3183,37.7331],[-82.3179,37.7277],[-82.3162,37.7215],[-82.3117,37.7188],[-82.3072,37.7077],[-82.3057,37.7067],[-82.301,37.7061],[-82.2981,37.7042],[-82.2966,37.7024],[-82.297,37.7011],[-82.2973,37.6998],[-82.302,37.6962],[-82.3029,37.6937],[-82.3015,37.6908],[-82.2961,37.6862],[-82.272,37.6638],[-82.268,37.6624],[-82.2571,37.6568],[-82.2404,37.6616],[-82.2344,37.6579],[-82.2342,37.6563],[-82.2324,37.6553],[-82.231,37.6553],[-82.2261,37.6531],[-82.2249,37.6464],[-82.2236,37.6443],[-82.2169,37.6416],[-82.2169,37.6401],[-82.2187,37.6368],[-82.2202,37.6354],[-82.2202,37.6339],[-82.2148,37.6276],[-82.2134,37.6252],[-82.186,37.6284],[-82.1912,37.644],[-82.1776,37.649],[-82.1735,37.6311],[-82.1817,37.6272],[-82.1767,37.6182],[-82.1695,37.622],[-82.1671,37.6218],[-82.1642,37.6202],[-82.1651,37.6185],[-82.1695,37.6132],[-82.1685,37.6087],[-82.1673,37.608],[-82.1652,37.6077],[-82.1567,37.5928],[-82.1416,37.5952],[-82.1323,37.5933],[-82.1244,37.5764],[-82.1333,37.5528],[-82.1173,37.5592],[-82.1048,37.5602],[-82.102,37.5581],[-82.1043,37.5557],[-82.1054,37.5543],[-82.1048,37.5531],[-82.1031,37.5528],[-82.1,37.5528],[-82.0892,37.556],[-82.075,37.5558],[-82.0732,37.555],[-82.0644,37.5445],[-82.0637,37.5419],[-82.0648,37.539],[-82.0644,37.5369],[-82.0288,37.5377],[-82.0074,37.5337],[-81.9998,37.5426],[-81.9969,37.5428],[-81.9969,37.5386],[-81.9926,37.5383],[-81.9891,37.5425],[-81.9875,37.5428],[-81.9825,37.5418],[-81.9808,37.5424],[-81.9764,37.5454],[-81.9701,37.5465],[-81.965,37.543],[-81.9654,37.5412],[-81.968,37.538],[-82.0509,37.4805],[-82.0628,37.4709],[-82.1112,37.4369],[-82.1249,37.4273],[-82.1498,37.4103],[-82.2017,37.3751],[-82.2027,37.3741],[-82.2186,37.3628],[-82.2187,37.3628],[-82.2544,37.3378],[-82.316,37.2949],[-82.3246,37.2832],[-82.351,37.2671],[-82.4492,37.2439],[-82.4989,37.2271],[-82.5079,37.2227],[-82.5081,37.221],[-82.5094,37.2189],[-82.513,37.2169],[-82.5132,37.2168],[-82.5201,37.2129],[-82.5245,37.215],[-82.5318,37.2121],[-82.5321,37.2108],[-82.5316,37.2092],[-82.534,37.2081],[-82.5366,37.2069],[-82.5413,37.2065],[-82.5458,37.2031],[-82.5504,37.2045],[-82.5925,37.1829],[-82.6335,37.1543],[-82.6359,37.154],[-82.6516,37.1519],[-82.6533,37.1513],[-82.6548,37.1506],[-82.6575,37.145],[-82.6768,37.135],[-82.6846,37.1358],[-82.7221,37.1202],[-82.7262,37.1159],[-82.7265,37.115],[-82.7264,37.1148],[-82.7263,37.1119],[-82.7219,37.1057],[-82.723,37.085],[-82.7184,37.0757],[-82.7217,37.0752],[-82.7238,37.0755],[-82.727,37.073],[-82.7263,37.0669],[-82.7239,37.0625],[-82.7223,37.058],[-82.7263,37.0421],[-82.7336,37.0445],[-82.7425,37.043],[-82.7437,37.0414],[-82.7456,37.0298],[-82.748,37.0252],[-82.7592,37.0273],[-82.7821,37.0082],[-82.8005,37.0079],[-82.8136,37.0053],[-82.8158,37.0072],[-82.818,37.0062],[-82.8197,37.0062],[-82.8218,37.0044],[-82.8227,37.0041],[-82.8308,36.9935],[-82.8338,36.992],[-82.836,36.9888],[-82.8386,36.987],[-82.8401,36.9871],[-82.8413,36.9869],[-82.845,36.9838],[-82.8537,36.9852],[-82.8564,36.9822],[-82.8568,36.9791],[-82.8579,36.9783],[-82.8606,36.9783],[-82.8629,36.98],[-82.8692,36.9742],[-82.8703,36.966],[-82.8702,36.9655],[-82.8629,36.9578],[-82.8605,36.956],[-82.8584,36.954],[-82.8557,36.9538],[-82.8561,36.9525],[-82.86,36.9252],[-82.8775,36.908],[-82.8726,36.9034],[-82.8701,36.9017],[-82.8732,36.8973],[-82.8764,36.8962],[-82.8786,36.894],[-82.8782,36.8928],[-82.8779,36.8918],[-82.8786,36.8896],[-82.8795,36.8891],[-82.8846,36.8885],[-82.8876,36.8869],[-82.89,36.8843],[-82.8952,36.8823],[-82.8955,36.8822],[-82.9063,36.8797],[-82.908,36.8788],[-82.9078,36.8747],[-82.9103,36.8741],[-82.9118,36.8742],[-82.9224,36.8739],[-82.9376,36.8673],[-82.9491,36.8664],[-82.9517,36.8662],[-82.9703,36.8577],[-82.9984,36.8566],[-83.0061,36.8479],[-83.0092,36.8473],[-83.0126,36.8473],[-83.0219,36.85],[-83.0244,36.8517],[-83.0269,36.8555],[-83.0422,36.8544],[-83.0443,36.853],[-83.0476,36.8518],[-83.0726,36.8546],[-83.0727,36.8544],[-83.0756,36.8506],[-83.0752,36.8409],[-83.0797,36.8406],[-83.087,36.8382],[-83.0913,36.8344],[-83.0989,36.8318],[-83.1018,36.8291],[-83.1021,36.8282],[-83.1017,36.8267],[-83.0989,36.823],[-83.0985,36.8143],[-83.1031,36.8067],[-83.1108,36.8004],[-83.1191,36.7895],[-83.1233,36.7867],[-83.1318,36.7854],[-83.1332,36.7832],[-83.129,36.7758],[-83.1327,36.7715],[-83.1311,36.7684],[-83.1312,36.7671],[-83.1323,36.7656],[-83.1325,36.7644],[-83.1278,36.7508],[-83.131,36.7498],[-83.1364,36.7431],[-83.1461,36.7418],[-83.1567,36.7422],[-83.1615,36.7399],[-83.1946,36.7395],[-83.1959,36.739],[-83.1997,36.7375],[-83.22,36.7313],[-83.2636,36.721],[-83.2693,36.7185],[-83.2755,36.718],[-83.2878,36.7138],[-83.3071,36.7114],[-83.3861,36.6866],[-83.3893,36.685],[-83.3953,36.6795],[-83.3958,36.6768],[-83.4118,36.6708],[-83.4195,36.6685],[-83.4237,36.6674],[-83.4408,36.6669],[-83.4481,36.6653],[-83.4547,36.6648],[-83.4826,36.6662],[-83.4889,36.6677],[-83.4939,36.6701],[-83.498,36.6705],[-83.5014,36.6691],[-83.5117,36.6691],[-83.5319,36.665],[-83.5418,36.6566],[-83.5626,36.6513],[-83.5654,36.6478],[-83.5773,36.6418],[-83.6145,36.634],[-83.6199,36.628],[-83.625,36.6252],[-83.6289,36.6241],[-83.635,36.6229],[-83.6483,36.6227],[-83.6495,36.6167],[-83.6656,36.6058],[-83.6731,36.6047],[-83.6734,36.6044],[-83.6739,36.6039],[-83.6746,36.6031],[-83.6754,36.6008],[-83.6701,36.6008],[-83.6456,36.6],[-83.6226,36.5981],[-83.6221,36.5981],[-83.5952,36.5978],[-83.5568,36.5974],[-83.3749,36.5974],[-83.3468,36.5976],[-83.3083,36.5979],[-83.2763,36.5982],[-83.2611,36.5939],[-83.1747,36.5939],[-83.1017,36.5939],[-83.0284,36.5939],[-82.888,36.5935],[-82.6799,36.5937],[-82.4872,36.5958],[-82.4666,36.5945],[-82.297,36.5957],[-82.2267,36.5957],[-82.2257,36.5958],[-82.2234,36.5957],[-82.2217,36.5958],[-82.211,36.5959],[-82.2107,36.5958],[-82.2105,36.5958],[-82.209,36.5957],[-82.1981,36.5954],[-82.1885,36.5952],[-82.174,36.5946],[-82.1486,36.5947],[-82.0142,36.5944],[-81.9341,36.5942],[-81.9226,36.6162],[-81.9197,36.6162],[-81.8694,36.6151],[-81.8267,36.6142],[-81.7369,36.6124],[-81.6469,36.6119],[-81.6775,36.5881],[-81.6801,36.5855],[-81.6794,36.5811],[-81.679,36.5789],[-81.6772,36.5744],[-81.677,36.5707],[-81.6799,36.5686],[-81.6902,36.5687],[-81.6925,36.5658],[-81.6891,36.5559],[-81.708,36.5362],[-81.6973,36.5049],[-81.7002,36.5005],[-81.6999,36.498],[-81.6973,36.4961],[-81.6959,36.4916],[-81.6953,36.4679],[-81.698,36.4647],[-81.6992,36.464],[-81.7011,36.4642],[-81.7083,36.4622],[-81.7149,36.4572],[-81.7207,36.4225],[-81.7407,36.4131],[-81.7414,36.4032],[-81.7387,36.4012],[-81.7392,36.3983],[-81.7387,36.3948],[-81.7339,36.3946],[-81.731,36.3939],[-81.7286,36.3913],[-81.7293,36.3856],[-81.7307,36.3829],[-81.7336,36.382],[-81.7346,36.3796],[-81.7312,36.3741],[-81.7261,36.3689],[-81.7241,36.3643],[-81.7243,36.3578],[-81.7174,36.3478],[-81.7445,36.3378],[-81.7478,36.3374],[-81.7502,36.3379],[-81.7513,36.3372],[-81.7544,36.3371],[-81.7649,36.3387],[-81.7908,36.3559],[-81.8332,36.3473],[-81.8413,36.3433],[-81.8509,36.3375],[-81.8573,36.3348],[-81.8627,36.3306],[-81.8632,36.3302],[-81.8743,36.3192],[-81.8762,36.3161],[-81.8794,36.3138],[-81.8872,36.3092],[-81.8946,36.3072],[-81.8977,36.3075],[-81.9081,36.302],[-81.9601,36.2281],[-82.0331,36.1204],[-82.0338,36.1205],[-82.0379,36.1211],[-82.0439,36.1254],[-82.0541,36.1268],[-82.056,36.1207],[-82.0613,36.1131],[-82.0671,36.112],[-82.0797,36.1065],[-82.1306,36.1064],[-82.1366,36.1288],[-82.1409,36.1362],[-82.1441,36.1442],[-82.148,36.1495],[-82.1485,36.1494],[-82.156,36.1481],[-82.1609,36.1466],[-82.1693,36.1466],[-82.1722,36.1464],[-82.1769,36.1422],[-82.2049,36.1571],[-82.2139,36.1591],[-82.2185,36.1578],[-82.2221,36.1569],[-82.2232,36.1548],[-82.2249,36.15],[-82.2364,36.1399],[-82.2416,36.1371],[-82.2445,36.1328],[-82.2457,36.132],[-82.2475,36.1309],[-82.2604,36.1337],[-82.2657,36.1276],[-82.2688,36.127],[-82.271,36.1276],[-82.2741,36.1294],[-82.2804,36.1288],[-82.2885,36.1354],[-82.2895,36.1357],[-82.2973,36.1336],[-82.2977,36.1335],[-82.3029,36.1313],[-82.3182,36.1209],[-82.3368,36.1149],[-82.3469,36.1152],[-82.3484,36.1159],[-82.35,36.1171],[-82.3552,36.1156],[-82.3604,36.1116],[-82.3609,36.1106],[-82.3666,36.1077],[-82.3756,36.1056],[-82.3788,36.1028],[-82.3805,36.0993],[-82.39,36.0969],[-82.4045,36.0876],[-82.4095,36.0834],[-82.4607,36.0078],[-82.4837,35.9939],[-82.4875,35.9916],[-82.5002,35.9826],[-82.5054,35.9777],[-82.5055,35.9777],[-82.5071,35.9775],[-82.5126,35.9757],[-82.5164,35.976],[-82.5313,35.9722],[-82.5497,35.9643],[-82.5532,35.9606],[-82.5579,35.9539],[-82.5777,35.9642],[-82.6109,35.9674],[-82.6042,35.9873],[-82.6151,36.0003],[-82.6018,36.0243],[-82.6018,36.036],[-82.6173,36.0542],[-82.6187,36.0561],[-82.6284,36.0621],[-82.6323,36.0657],[-82.6372,36.0658],[-82.6436,36.0628],[-82.6473,36.06],[-82.6502,36.0578],[-82.6548,36.0562],[-82.6573,36.0566],[-82.6684,36.0529],[-82.6836,36.0461],[-82.6848,36.045],[-82.6856,36.042],[-82.6889,36.0386],[-82.7011,36.0344],[-82.7032,36.0324],[-82.7075,36.0301],[-82.7152,36.0286],[-82.7156,36.0269],[-82.7154,36.0243],[-82.716,36.0228],[-82.7319,36.0176],[-82.7501,36.006],[-82.776,36.0001],[-82.7773,35.9988],[-82.7786,35.997],[-82.7794,35.9925],[-82.7853,35.9879],[-82.7853,35.9871],[-82.7856,35.9778],[-82.7818,35.9746],[-82.7749,35.972],[-82.7778,35.9669],[-82.7831,35.965],[-82.7875,35.9522],[-82.7876,35.9521],[-82.7885,35.9515],[-82.8004,35.9442],[-82.8059,35.9379],[-82.826,35.9297],[-82.8526,35.9491],[-82.8742,35.9527],[-82.8927,35.9452],[-82.9017,35.9377],[-82.8997,35.9326],[-82.899,35.9304],[-82.9003,35.9291],[-82.9016,35.9274],[-82.9048,35.9261],[-82.9106,35.9269],[-82.9144,35.9297],[-82.92,35.9284],[-82.9168,35.9242],[-82.9133,35.9241],[-82.9117,35.9168],[-82.9145,35.9152],[-82.9103,35.9126],[-82.9069,35.9074],[-82.9084,35.9051],[-82.906,35.9032],[-82.9045,35.897],[-82.9018,35.8903],[-82.9065,35.8841],[-82.9036,35.8804],[-82.9,35.8812],[-82.8963,35.8803],[-82.8973,35.8779],[-82.9013,35.8726],[-82.9206,35.8685],[-82.9212,35.8638],[-82.9194,35.8605],[-82.921,35.8511],[-82.9181,35.8452],[-82.9166,35.8414],[-82.9234,35.8393],[-82.9276,35.8386],[-82.9319,35.8364],[-82.9455,35.8247],[-82.9641,35.79],[-82.9697,35.7897],[-82.9745,35.7868],[-82.9921,35.774],[-82.9958,35.7731],[-83.0015,35.7738],[-83.0061,35.7784],[-83.0124,35.7798],[-83.0362,35.7874],[-83.0787,35.7895],[-83.1202,35.7662],[-83.1277,35.7681],[-83.1592,35.7649],[-83.1615,35.7634],[-83.1649,35.76],[-83.1654,35.7587],[-83.1648,35.7546],[-83.1702,35.7461],[-83.1857,35.7299],[-83.1884,35.7298],[-83.1983,35.7255],[-83.2407,35.7268],[-83.2421,35.7236],[-83.2435,35.7225],[-83.2513,35.7199],[-83.2554,35.7162],[-83.2555,35.715],[-83.2545,35.7124],[-83.2542,35.7095],[-83.2556,35.6961],[-83.2714,35.6815],[-83.2755,35.6795],[-83.2812,35.6778],[-83.2892,35.6745],[-83.2972,35.6578],[-83.3105,35.6545],[-83.3128,35.6548],[-83.3179,35.659],[-83.3211,35.6628],[-83.335,35.6655],[-83.3377,35.6631],[-83.3473,35.6605],[-83.3493,35.6609],[-83.3516,35.6599],[-83.3538,35.6575],[-83.3555,35.6546],[-83.3554,35.6523],[-83.3562,35.65],[-83.3582,35.6473],[-83.3669,35.6387],[-83.3887,35.6336],[-83.3927,35.6251],[-83.3966,35.6227],[-83.4036,35.6213],[-83.4204,35.6135],[-83.4323,35.6099],[-83.4458,35.6118],[-83.4714,35.5903],[-83.4855,35.5682],[-83.4916,35.5669],[-83.4983,35.563],[-83.5205,35.5656],[-83.5522,35.5644],[-83.5593,35.5648],[-83.5661,35.566],[-83.582,35.5627],[-83.5856,35.5629],[-83.5871,35.564],[-83.5878,35.567],[-83.6019,35.5782],[-83.6048,35.5793],[-83.6089,35.5795],[-83.6153,35.574],[-83.6297,35.5679],[-83.7072,35.5685],[-83.7208,35.5634],[-83.7235,35.5619],[-83.7717,35.5621],[-83.7731,35.5575],[-83.7801,35.5504],[-83.7868,35.5472],[-83.8024,35.5416],[-83.8087,35.5364],[-83.8098,35.5343],[-83.8256,35.5238],[-83.8485,35.5193],[-83.8539,35.5211],[-83.8593,35.5219],[-83.8726,35.5212],[-83.8826,35.5172],[-83.9014,35.4966],[-83.9118,35.476],[-83.937,35.4715],[-83.9422,35.4673],[-83.943,35.4651],[-83.9494,35.4612],[-83.9529,35.4606],[-83.9554,35.4635],[-83.9611,35.4641],[-83.9614,35.4595],[-83.9652,35.4554],[-83.9714,35.4552],[-83.9731,35.4489],[-83.9926,35.4381],[-83.9966,35.4338],[-83.9982,35.4308],[-83.9992,35.4261],[-84.0023,35.4226],[-84.0053,35.4209],[-84.0117,35.4154],[-84.0147,35.412],[-84.0176,35.4112],[-84.0212,35.4121],[-84.0231,35.4097],[-84.0181,35.3991],[-84.0082,35.3904],[-84.0112,35.3844],[-84.0083,35.3789],[-84.0077,35.3726],[-84.0076,35.3717],[-84.0077,35.3716],[-84.0151,35.3649],[-84.0235,35.3542],[-84.0291,35.3536],[-84.0325,35.3526],[-84.0383,35.3478],[-84.0362,35.3377],[-84.0324,35.3369],[-84.0313,35.3364],[-84.0294,35.3332],[-84.0304,35.3305],[-84.0322,35.3286],[-84.0325,35.3253],[-84.0355,35.3178],[-84.035,35.312],[-84.0265,35.3093],[-84.0214,35.3014],[-84.0235,35.2958],[-84.0279,35.2928],[-84.0291,35.2922],[-84.036,35.2887],[-84.0427,35.2784],[-84.0557,35.2682],[-84.1067,35.2515],[-84.1991,35.2437],[-84.2118,35.2661],[-84.2163,35.268],[-84.2237,35.2691],[-84.2278,35.2679],[-84.2318,35.2648],[-84.2402,35.2552],[-84.2603,35.2419],[-84.2754,35.2348],[-84.2825,35.2279],[-84.288,35.2245],[-84.2896,35.2247],[-84.2902,35.2256],[-84.3048,35.1217],[-84.31,35.0789],[-84.3109,35.0726],[-84.3175,35.022],[-84.3219,34.9884],[-84.2614,34.9881],[-84.1296,34.9875],[-84.03,34.9873],[-84.0214,34.9874],[-84.0053,34.9874],[-83.9633,34.9875],[-83.9366,34.9875],[-83.9364,34.9875],[-83.8311,34.9873],[-83.7499,34.9877],[-83.7185,34.9874],[-83.62,34.9866],[-83.62,34.9867],[-83.6202,34.9921],[-83.5576,34.9925],[-83.5494,34.9925],[-83.483,34.9935],[-83.3228,34.9959],[-83.1086,35.0007],[-83.1029,34.9887],[-83.1079,34.9797],[-83.1204,34.9684],[-83.1268,34.9487],[-83.1229,34.9445],[-83.1207,34.942],[-83.1169,34.9427],[-83.1117,34.9359],[-83.1128,34.9347],[-83.1181,34.936],[-83.1198,34.9329],[-83.1252,34.9371],[-83.1281,34.9381],[-83.1304,34.9352],[-83.1299,34.9324],[-83.1306,34.9309],[-83.1406,34.9249],[-83.1433,34.9248],[-83.1557,34.931],[-83.1591,34.9282],[-83.2097,34.8803],[-83.2172,34.8863],[-83.2183,34.8817],[-83.2215,34.8787],[-83.2281,34.8797],[-83.2292,34.8799],[-83.2324,34.8781],[-83.2403,34.8788],[-83.2431,34.8774],[-83.2405,34.8727],[-83.2347,34.8708],[-83.2379,34.8689],[-83.2386,34.8655],[-83.2433,34.866],[-83.2467,34.867],[-83.2481,34.8631],[-83.2463,34.86],[-83.2469,34.855],[-83.2533,34.8559],[-83.2526,34.8535],[-83.2565,34.8441],[-83.2667,34.8489],[-83.2724,34.8347],[-83.2673,34.8328],[-83.2682,34.8214],[-83.2712,34.8184],[-83.2757,34.8169],[-83.2832,34.8213],[-83.2848,34.8231],[-83.3012,34.804],[-83.3239,34.7897],[-83.32,34.7737],[-83.321,34.7654],[-83.3208,34.7584],[-83.3532,34.7287],[-83.3525,34.7161],[-83.3525,34.716],[-83.3514,34.7145],[-83.351,34.7132],[-83.3498,34.7083],[-83.3477,34.7055],[-83.3467,34.7042],[-83.3479,34.7029],[-83.3519,34.7017],[-83.3539,34.6992],[-83.3525,34.6967],[-83.3439,34.6943],[-83.3384,34.6869],[-83.3215,34.6776],[-83.3194,34.676],[-83.3185,34.6748],[-83.3164,34.6693],[-83.3144,34.6689],[-83.3089,34.6703],[-83.3046,34.6696],[-83.2929,34.6542],[-83.2866,34.6509],[-83.2801,34.6471],[-83.2799,34.647],[-83.2723,34.643],[-83.2623,34.6403],[-83.2553,34.6377],[-83.2318,34.6113],[-83.2116,34.6109],[-83.1998,34.6084],[-83.197,34.606],[-83.1963,34.6037],[-83.1927,34.6033],[-83.1896,34.6055],[-83.1794,34.608],[-83.1589,34.5792],[-83.1405,34.5624],[-83.1334,34.5595],[-83.1297,34.5617],[-83.1272,34.562],[-83.1243,34.555],[-83.1219,34.5523],[-83.1187,34.5528],[-83.1105,34.546],[-83.1057,34.5412],[-83.1022,34.5322],[-83.0969,34.5315],[-83.0926,34.533],[-83.0849,34.531],[-83.0774,34.5092],[-83.0535,34.4973],[-83.0443,34.4893],[-83.0347,34.4835],[-83.0325,34.483],[-83.0293,34.4842],[-83.0286,34.4838],[-83.0029,34.4721],[-82.9951,34.4725],[-82.9953,34.4757],[-82.9927,34.4791],[-82.944,34.4855],[-82.9308,34.4857],[-82.9258,34.4818],[-82.9207,34.4823],[-82.9113,34.4855],[-82.9016,34.4868],[-82.8926,34.4812],[-82.8874,34.481],[-82.8808,34.4691],[-82.8739,34.4645],[-82.8718,34.4612],[-82.8653,34.4603],[-82.8623,34.4583],[-82.8588,34.4552],[-82.8609,34.4515],[-82.8601,34.4497],[-82.8558,34.444],[-82.8555,34.4418],[-82.8544,34.4323],[-82.8487,34.4239],[-82.8475,34.4121],[-82.8366,34.3827],[-82.8352,34.3739],[-82.835,34.3661],[-82.7941,34.3398],[-82.7868,34.3104],[-82.7818,34.3029],[-82.7803,34.2967],[-82.7737,34.2887],[-82.7709,34.2854],[-82.7653,34.2815],[-82.7629,34.282],[-82.762,34.2815],[-82.755,34.2761],[-82.7499,34.2709],[-82.7467,34.2664],[-82.7324,34.1806],[-82.7319,34.1784],[-82.7308,34.1759],[-82.7233,34.1659],[-82.7175,34.1505],[-82.7154,34.1482],[-82.7041,34.141],[-82.6773,34.1317],[-82.6752,34.1298],[-82.6681,34.1202],[-82.6591,34.1035],[-82.6404,34.0863],[-82.6428,34.0813],[-82.6442,34.08],[-82.6452,34.0791],[-82.6455,34.0769],[-82.6457,34.0761],[-82.644,34.0722],[-82.6405,34.0676],[-82.636,34.0649],[-82.6336,34.0648],[-82.631,34.0655],[-82.627,34.0635],[-82.6222,34.0585],[-82.621,34.0544],[-82.6192,34.0513],[-82.6134,34.0468],[-82.6097,34.0399],[-82.5962,34.0305],[-82.5892,34.0001],[-82.5834,33.9953],[-82.5777,33.9937],[-82.5762,33.9931],[-82.5754,33.9909],[-82.5763,33.9897],[-82.5782,33.9887],[-82.58,33.987],[-82.5796,33.9798],[-82.5699,33.9707],[-82.5661,33.9639],[-82.5657,33.9587],[-82.5646,33.9558],[-82.5645,33.9557],[-82.5568,33.9454],[-82.5545,33.9438],[-82.5431,33.941],[-82.5245,33.9434],[-82.513,33.937],[-82.5036,33.9261],[-82.4961,33.9135],[-82.4929,33.9098],[-82.4801,33.9019],[-82.4551,33.8817],[-82.4228,33.8638],[-82.4179,33.8642],[-82.4084,33.8663],[-82.3691,33.8424],[-82.3519,33.8364],[-82.3469,33.8343],[-82.3378,33.8272],[-82.3245,33.82],[-82.3002,33.8006],[-82.2996,33.7865],[-82.2983,33.7835],[-82.295,33.7819],[-82.2898,33.782],[-82.2858,33.7801],[-82.2811,33.7761],[-82.2782,33.7726],[-82.2777,33.772],[-82.2704,33.7679],[-82.265,33.7657],[-82.2632,33.762],[-82.2595,33.7603],[-82.2581,33.7604],[-82.2553,33.7597],[-82.2475,33.7526],[-82.2462,33.7464],[-82.2404,33.7349],[-82.2346,33.7002],[-82.1999,33.6618],[-82.2012,33.6469],[-82.1966,33.6306],[-82.1862,33.6209],[-82.1744,33.6131],[-82.1583,33.6097],[-82.1335,33.5905],[-82.1165,33.5965],[-82.1094,33.5966],[-82.1062,33.5956],[-82.0941,33.5827],[-82.0731,33.5775],[-82.0577,33.5668],[-82.0549,33.5654],[-82.049,33.5649],[-82.0484,33.5646],[-82.0463,33.5638],[-82.0374,33.5547],[-82.033,33.5465],[-82.0282,33.5449],[-82.0198,33.535],[-82.01,33.5304],[-82.0076,33.5233],[-82.0043,33.5219],[-82.0037,33.5216],[-82.0013,33.5201],[-81.9904,33.5008],[-81.9859,33.4865],[-81.9817,33.4846],[-81.9806,33.484],[-81.967,33.4806],[-81.9263,33.4629],[-81.9259,33.4622],[-81.9248,33.4599],[-81.9208,33.452],[-81.9135,33.4413],[-81.9162,33.4331],[-81.9207,33.431],[-81.925,33.4293],[-81.9311,33.424],[-81.9211,33.4174],[-81.9136,33.416],[-81.9096,33.4126],[-81.9258,33.4117],[-81.9305,33.4068],[-81.9374,33.4075],[-81.9449,33.408],[-81.9421,33.4018],[-81.9355,33.3979],[-81.9309,33.3801],[-81.9248,33.3741],[-81.9257,33.3711],[-81.9306,33.3682],[-81.9396,33.3725],[-81.9437,33.3723],[-81.9463,33.3706],[-81.9467,33.3673],[-81.9447,33.364],[-81.9348,33.356],[-81.9356,33.352],[-81.9398,33.3477],[-81.9397,33.3449],[-81.9247,33.3453],[-81.9183,33.3328],[-81.9064,33.3242],[-81.8704,33.313],[-81.8665,33.3138],[-81.8663,33.3135],[-81.864,33.3116],[-81.8645,33.3028],[-81.8612,33.3033],[-81.8591,33.306],[-81.8563,33.3096],[-81.8526,33.3104],[-81.8473,33.3068],[-81.8461,33.3038],[-81.847,33.3008],[-81.8496,33.298],[-81.8615,33.298],[-81.8632,33.2888],[-81.8613,33.2863],[-81.8518,33.2836],[-81.8482,33.2839],[-81.8462,33.2843],[-81.8446,33.2835],[-81.8364,33.2665],[-81.835,33.2593],[-81.8416,33.2637],[-81.8425,33.2666],[-81.845,33.2669],[-81.8478,33.2657],[-81.8482,33.2617],[-81.8463,33.2584],[-81.8518,33.2521],[-81.853,33.2498],[-81.8521,33.2476],[-81.8465,33.2418],[-81.8279,33.2288],[-81.8196,33.2267],[-81.8117,33.2239],[-81.8096,33.2227],[-81.8081,33.2195],[-81.8079,33.2138],[-81.8073,33.2127],[-81.8052,33.2115],[-81.7902,33.2085],[-81.7789,33.2099],[-81.7773,33.215],[-81.781,33.2199],[-81.7784,33.2219],[-81.774,33.2212],[-81.7676,33.2158],[-81.7635,33.2037],[-81.7616,33.2018],[-81.7582,33.2003],[-81.7571,33.1981],[-81.7569,33.1979],[-81.7606,33.1893],[-81.7628,33.1883],[-81.7662,33.1874],[-81.7674,33.184],[-81.7644,33.1801],[-81.765,33.1784],[-81.7674,33.1781],[-81.7735,33.1805],[-81.7671,33.17],[-81.7656,33.166],[-81.7631,33.1595],[-81.7551,33.1516],[-81.7438,33.1415],[-81.7243,33.1295],[-81.7207,33.1267],[-81.7171,33.1241],[-81.7046,33.1165],[-81.6969,33.1166],[-81.6835,33.1127],[-81.6584,33.1032],[-81.6464,33.0946],[-81.6423,33.0932],[-81.6372,33.093],[-81.6322,33.094],[-81.6178,33.0953],[-81.6108,33.0926],[-81.6101,33.0829],[-81.5885,33.0709],[-81.5729,33.0542],[-81.5592,33.0541],[-81.5589,33.0529],[-81.5592,33.0518],[-81.5603,33.05],[-81.565,33.0497],[-81.5661,33.0488],[-81.562,33.0458],[-81.5518,33.0434],[-81.5438,33.0486],[-81.5401,33.0406],[-81.5106,33.0258],[-81.5084,33.0156],[-81.5116,33.0124],[-81.5074,33.0115],[-81.5067,33.0151],[-81.5041,33.0163],[-81.502,33.0151],[-81.4998,33.0123],[-81.4966,33.0102],[-81.4923,33.0093],[-81.4919,33.0067],[-81.4912,32.9978],[-81.4961,32.9909],[-81.4943,32.9863],[-81.4955,32.9835],[-81.4955,32.9818],[-81.4948,32.9806],[-81.4947,32.979],[-81.4995,32.9648],[-81.4998,32.9638],[-81.5033,32.963],[-81.5113,32.9667],[-81.51,32.961],[-81.5102,32.9585],[-81.51,32.9573],[-81.5086,32.9526],[-81.504,32.9481],[-81.4995,32.945],[-81.4996,32.9437],[-81.5027,32.9387],[-81.5024,32.9354],[-81.4998,32.9326],[-81.4951,32.9316],[-81.4832,32.9218],[-81.48,32.9135],[-81.4792,32.9056],[-81.4794,32.9023],[-81.4809,32.9002],[-81.4808,32.8986],[-81.4755,32.8967],[-81.4725,32.8964],[-81.4659,32.8999],[-81.4641,32.8978],[-81.4647,32.896],[-81.4708,32.8905],[-81.4717,32.8904],[-81.4771,32.8875],[-81.4794,32.8811],[-81.4759,32.8776],[-81.4704,32.8763],[-81.468,32.8767],[-81.4671,32.8806],[-81.4634,32.8794],[-81.4606,32.8752],[-81.4539,32.8741],[-81.4529,32.873],[-81.4525,32.8717],[-81.4514,32.8686],[-81.4568,32.8488],[-81.4536,32.8458],[-81.4483,32.8496],[-81.4429,32.8459],[-81.4387,32.8401],[-81.4216,32.8352],[-81.4198,32.8137],[-81.4238,32.8105],[-81.426,32.8111],[-81.4263,32.8099],[-81.428,32.7876],[-81.4144,32.7789],[-81.4126,32.7608],[-81.413,32.7548],[-81.4151,32.7532],[-81.4185,32.7522],[-81.4166,32.748],[-81.4053,32.7488],[-81.4049,32.7462],[-81.4052,32.745],[-81.4058,32.7425],[-81.4076,32.7403],[-81.4099,32.7395],[-81.4127,32.7391],[-81.4139,32.7375],[-81.4135,32.7364],[-81.4116,32.7339],[-81.4125,32.7324],[-81.4147,32.7321],[-81.417,32.7331],[-81.4183,32.7309],[-81.4212,32.712],[-81.4275,32.7019],[-81.4013,32.6802],[-81.4012,32.6799],[-81.401,32.6775],[-81.4043,32.6678],[-81.4005,32.6641],[-81.3975,32.6626],[-81.3975,32.6602],[-81.4003,32.6585],[-81.4033,32.6595],[-81.4045,32.6626],[-81.4067,32.6625],[-81.4073,32.6616],[-81.4072,32.6605],[-81.4053,32.6565],[-81.3983,32.6563],[-81.3938,32.6535],[-81.3946,32.6496],[-81.4051,32.6427],[-81.4119,32.6184],[-81.3939,32.6023],[-81.3893,32.5954],[-81.381,32.5897],[-81.3703,32.5867],[-81.3698,32.5851],[-81.3684,32.5842],[-81.3636,32.5818],[-81.3595,32.5822],[-81.356,32.581],[-81.3535,32.5785],[-81.3583,32.5745],[-81.3548,32.5711],[-81.3288,32.5612],[-81.3206,32.5595],[-81.298,32.5558],[-81.2979,32.5541],[-81.2967,32.5534],[-81.2948,32.5536],[-81.2865,32.5515],[-81.2847,32.5529],[-81.2843,32.5547],[-81.2842,32.556],[-81.2813,32.5565],[-81.2813,32.5564],[-81.2792,32.5546],[-81.2788,32.5523],[-81.281,32.5497],[-81.2791,32.5463],[-81.2752,32.5452],[-81.2797,32.5368],[-81.2529,32.5183],[-81.2498,32.5175],[-81.2479,32.5182],[-81.245,32.5183],[-81.2371,32.5173],[-81.2347,32.5163],[-81.234,32.5138],[-81.2348,32.5123],[-81.2367,32.5114],[-81.2384,32.5102],[-81.2387,32.5089],[-81.2383,32.506],[-81.2336,32.4985],[-81.2275,32.4939],[-81.2124,32.4787],[-81.2,32.468],[-81.2066,32.4475],[-81.2051,32.4238],[-81.1983,32.4156],[-81.1949,32.4115],[-81.1897,32.4073],[-81.1809,32.3965],[-81.1772,32.3917],[-81.1781,32.3846],[-81.1811,32.3804],[-81.1614,32.3505],[-81.155,32.3501],[-81.155,32.3488],[-81.1551,32.3472],[-81.1551,32.3445],[-81.1567,32.3426],[-81.1605,32.3418],[-81.1587,32.3399],[-81.1533,32.3413],[-81.1519,32.3427],[-81.1496,32.3451],[-81.1476,32.3494],[-81.1409,32.3494],[-81.1286,32.337],[-81.1298,32.3133],[-81.1309,32.3109],[-81.1331,32.309],[-81.1223,32.3054],[-81.1227,32.2973],[-81.1222,32.2939],[-81.1198,32.2896],[-81.1196,32.2877],[-81.1196,32.2876],[-81.1203,32.2865],[-81.1214,32.2845],[-81.1236,32.2837],[-81.1262,32.2825],[-81.1232,32.2765],[-81.1234,32.2751],[-81.1293,32.2759],[-81.1357,32.2722],[-81.1556,32.246],[-81.1566,32.2439],[-81.156,32.2415],[-81.1535,32.2377],[-81.1456,32.2321],[-81.1436,32.2285],[-81.136,32.2129],[-81.1232,32.2013],[-81.1179,32.1853],[-81.1198,32.1812],[-81.1202,32.1797],[-81.119,32.1771],[-81.122,32.1618],[-81.1173,32.1462],[-81.1191,32.1421],[-81.1199,32.134],[-81.1152,32.1255],[-81.1172,32.1198],[-81.1172,32.1176],[-81.1133,32.1132],[-81.1111,32.112],[-81.1005,32.1112],[-81.0934,32.1112],[-81.0915,32.1108],[-81.0909,32.107],[-81.0882,32.104],[-81.0835,32.1008],[-81.0669,32.0904],[-81.0327,32.0855],[-81.0216,32.0909],[-81.0201,32.0927],[-81.016,32.0974],[-81.0067,32.1012],[-81.0023,32.1001],[-80.9998,32.099],[-80.9943,32.0946],[-80.9788,32.0773],[-80.9594,32.0713],[-80.9545,32.0686],[-80.9432,32.0578],[-80.9336,32.0476],[-80.9178,32.0376],[-80.906,32.048],[-80.8832,32.0801],[-80.8721,32.0829],[-80.8424,32.1178],[-80.8215,32.1086],[-80.7468,32.1418],[-80.7137,32.1679],[-80.6863,32.2032],[-80.6717,32.2134],[-80.6722,32.2295],[-80.6865,32.2442],[-80.7271,32.2706],[-80.7424,32.2638],[-80.7654,32.286],[-80.7535,32.3068],[-80.7336,32.3195],[-80.7081,32.3237],[-80.6885,32.3029],[-80.6448,32.2915],[-80.6454,32.2609],[-80.6237,32.2581],[-80.6064,32.2725],[-80.569,32.2764],[-80.52,32.2994],[-80.453,32.3225],[-80.4548,32.3392],[-80.4293,32.3897],[-80.4356,32.4125],[-80.4575,32.4103],[-80.4794,32.4458],[-80.4846,32.461],[-80.4721,32.497],[-80.4441,32.5049],[-80.4186,32.4895],[-80.4135,32.4707],[-80.3625,32.4956],[-80.3467,32.4945],[-80.3324,32.4781],[-80.2462,32.5362],[-80.195,32.56],[-80.1656,32.5598],[-80.1511,32.5744],[-80.1214,32.5905],[-80.0769,32.6033],[-80.0373,32.6102],[-80.0008,32.6059],[-79.9869,32.6264],[-79.97,32.6405],[-79.9157,32.6649],[-79.8871,32.6831],[-79.8871,32.702],[-79.8702,32.73],[-79.8791,32.7508],[-79.9286,32.7542],[-79.9232,32.7818],[-79.886,32.7879],[-79.8634,32.771],[-79.8488,32.7536],[-79.824,32.7627],[-79.7876,32.7845],[-79.7264,32.806],[-79.7199,32.8258],[-79.7038,32.836],[-79.6981,32.8513],[-79.6312,32.8886],[-79.5811,32.9064],[-79.5734,32.9279],[-79.6062,32.926],[-79.6177,32.9449],[-79.6066,32.9723],[-79.5711,33.0138],[-79.5321,33.0352],[-79.5069,33.0328],[-79.4833,33.0098],[-79.4164,33.0161],[-79.4165,33.0068],[-79.3623,33.0091],[-79.3415,33.0538],[-79.3302,33.0866],[-79.3161,33.0992],[-79.2692,33.1195],[-79.2464,33.126],[-79.2237,33.1498],[-79.1945,33.1698],[-79.1757,33.2111],[-79.1803,33.2541],[-79.1711,33.2953],[-79.1623,33.3083],[-79.1699,33.3242],[-79.1582,33.336],[-79.1475,33.3783],[-79.1354,33.4039],[-79.1014,33.461],[-79.0846,33.4837],[-79.0369,33.5242],[-79.0074,33.5666],[-78.9381,33.6398],[-78.8629,33.7057],[-78.8129,33.7435],[-78.7727,33.7685],[-78.7141,33.8001],[-78.6723,33.8176],[-78.5848,33.8443],[-78.5525,33.8483],[-78.5094,33.8662],[-78.3802,33.9033],[-78.2395,33.9158],[-78.23,33.9124],[-78.1777,33.9143],[-78.1098,33.9093],[-78.0715,33.9016],[-77.9988,33.8803],[-78.0102,33.8676],[-77.9963,33.8549],[-77.9605,33.8432],[-77.9534,33.8957],[-77.9155,33.9717],[-77.8718,34.0835],[-77.8292,34.1626],[-77.7753,34.2333],[-77.7401,34.2726],[-77.7133,34.2949],[-77.6891,34.3203],[-77.6539,34.3451],[-77.5823,34.4005],[-77.4918,34.4561],[-77.4112,34.4964],[-77.3239,34.5348],[-77.2587,34.5776],[-77.2428,34.598],[-77.2048,34.6334],[-77.1793,34.6443],[-77.1378,34.6703],[-77.1171,34.687],[-77.0927,34.673],[-77.0612,34.6794],[-77.0403,34.6895],[-77.0052,34.6925],[-76.9676,34.7068],[-76.892,34.7255],[-76.8419,34.7294],[-76.7344,34.7212],[-76.6905,34.716],[-76.6194,34.7042],[-76.627,34.7194],[-76.6242,34.7465],[-76.6177,34.7532],[-76.6173,34.7879],[-76.6044,34.7899],[-76.5752,34.7397],[-76.5757,34.7217],[-76.5531,34.7258],[-76.5127,34.7203],[-76.4984,34.7321],[-76.5141,34.7543],[-76.4846,34.761],[-76.4731,34.7694],[-76.4514,34.808],[-76.4314,34.8289],[-76.4122,34.8322],[-76.41,34.8615],[-76.3822,34.857],[-76.3683,34.8729],[-76.3468,34.8734],[-76.3141,34.9063],[-76.3368,34.9098],[-76.3408,34.9334],[-76.3135,34.9268],[-76.2795,34.9414],[-76.2779,34.9607],[-76.3057,34.9914],[-76.2881,34.9963],[-76.2624,34.9753],[-76.2508,34.9813],[-76.2493,35.0007],[-76.2937,35.0096],[-76.3641,35.0366],[-76.3404,34.9973],[-76.3206,34.9755],[-76.3244,34.9605],[-76.3468,34.9719],[-76.3803,34.9702],[-76.3874,34.9511],[-76.4031,34.9634],[-76.4228,34.9507],[-76.43,34.9687],[-76.4224,34.9772],[-76.4255,35.0015],[-76.4404,35.0146],[-76.4305,35.0282],[-76.4358,35.0579],[-76.4461,35.0584],[-76.4635,35.0764],[-76.4706,35.0584],[-76.4647,35.0467],[-76.4858,35.0406],[-76.4975,35.0082],[-76.4842,34.9881],[-76.498,34.985],[-76.5116,35.0051],[-76.5647,34.9983],[-76.5797,34.9901],[-76.5785,34.9763],[-76.6311,34.9887],[-76.6574,34.9825],[-76.6769,34.9688],[-76.6765,34.9589],[-76.7076,34.9542],[-76.7266,34.9279],[-76.7608,34.9159],[-76.8112,34.9392],[-76.8478,34.9363],[-76.8683,34.9476],[-76.8892,34.9482],[-76.8958,34.9577],[-76.9358,34.9731],[-76.9705,34.9973],[-76.98,35.0092],[-76.9893,35.0438],[-77.0147,35.0681],[-77.0377,35.0992],[-77.0346,35.1112],[-77.0527,35.1272],[-77.0539,35.1475],[-77.0304,35.1331],[-76.9978,35.0767],[-76.9726,35.0565],[-76.9529,35.0572],[-76.9457,35.045],[-76.9303,35.0419],[-76.9248,35.0292],[-76.9011,35.0251],[-76.8205,34.971],[-76.801,34.9687],[-76.7712,34.9767],[-76.7575,34.9924],[-76.7116,35.0045],[-76.7025,35.0189],[-76.6746,35.03],[-76.6299,35.0613],[-76.5973,35.074],[-76.5887,35.0959],[-76.5695,35.0985],[-76.5422,35.1453],[-76.5645,35.1663],[-76.58,35.1741],[-76.5866,35.1545],[-76.6137,35.163],[-76.6337,35.1607],[-76.6341,35.1743],[-76.6128,35.1799],[-76.6013,35.1974],[-76.5747,35.2009],[-76.5267,35.1848],[-76.5186,35.2022],[-76.5559,35.2339],[-76.5291,35.2312],[-76.5053,35.2226],[-76.5034,35.2407],[-76.4835,35.2498],[-76.4799,35.2791],[-76.4989,35.3059],[-76.4842,35.3136],[-76.575,35.3305],[-76.6068,35.3294],[-76.6163,35.3427],[-76.6513,35.34],[-76.6814,35.3497],[-76.6942,35.3626],[-76.7195,35.3751],[-76.738,35.3749],[-76.7691,35.383],[-76.7729,35.391],[-76.8003,35.3908],[-76.8445,35.4237],[-76.8766,35.4247],[-76.908,35.4357],[-76.925,35.4488],[-76.9662,35.434],[-76.9746,35.4589],[-76.9864,35.4725],[-77.0047,35.4758],[-77.0346,35.4928],[-77.042,35.5076],[-77.043,35.5368],[-77.0097,35.5137],[-76.9792,35.4834],[-76.9576,35.483],[-76.906,35.4594],[-76.8804,35.4597],[-76.8309,35.448],[-76.7691,35.4268],[-76.7107,35.4286],[-76.6808,35.4159],[-76.6669,35.4204],[-76.6479,35.4034],[-76.5776,35.3876],[-76.5904,35.417],[-76.5928,35.4367],[-76.607,35.4555],[-76.5974,35.4819],[-76.6147,35.4874],[-76.6379,35.513],[-76.5992,35.5399],[-76.5272,35.5327],[-76.4673,35.5393],[-76.4694,35.5194],[-76.4908,35.5045],[-76.5158,35.5037],[-76.5362,35.5095],[-76.5871,35.5089],[-76.5621,35.4913],[-76.5628,35.475],[-76.5457,35.4609],[-76.5655,35.4495],[-76.5525,35.4369],[-76.5331,35.4323],[-76.5403,35.4107],[-76.5322,35.4013],[-76.5103,35.3974],[-76.4963,35.3817],[-76.4696,35.3737],[-76.4808,35.4046],[-76.4381,35.3985],[-76.4176,35.4251],[-76.3955,35.4317],[-76.3853,35.415],[-76.396,35.4011],[-76.3615,35.3737],[-76.3682,35.3611],[-76.4129,35.3757],[-76.4119,35.3464],[-76.3772,35.3584],[-76.3796,35.3416],[-76.3416,35.3423],[-76.3575,35.3836],[-76.3449,35.3925],[-76.3261,35.3863],[-76.3233,35.3724],[-76.3088,35.3697],[-76.3057,35.3549],[-76.2681,35.34],[-76.2315,35.3588],[-76.2211,35.3404],[-76.1875,35.3418],[-76.1742,35.347],[-76.1562,35.3377],[-76.1364,35.3439],[-76.1307,35.3579],[-76.1125,35.355],[-76.0913,35.3695],[-76.0708,35.3706],[-76.0834,35.391],[-76.0687,35.3976],[-76.0585,35.4336],[-76.0407,35.4307],[-76.0288,35.4106],[-76.0148,35.421],[-76.0157,35.4417],[-75.9964,35.4636],[-75.9888,35.4849],[-75.9631,35.4939],[-75.9575,35.5261],[-75.9437,35.5362],[-75.9128,35.5447],[-75.9197,35.5615],[-75.9038,35.565],[-75.8831,35.5826],[-75.8907,35.6021],[-75.8698,35.604],[-75.8574,35.5865],[-75.8372,35.5709],[-75.8229,35.5704],[-75.7753,35.5793],[-75.7842,35.5959],[-75.75,35.6071],[-75.7338,35.629],[-75.7426,35.6508],[-75.769,35.6641],[-75.7797,35.685],[-75.7673,35.7056],[-75.7426,35.6996],[-75.7329,35.6815],[-75.7172,35.6937],[-75.7257,35.7145],[-75.7262,35.7392],[-75.7386,35.7494],[-75.7364,35.7992],[-75.7302,35.8059],[-75.7348,35.8373],[-75.7519,35.851],[-75.7495,35.8841],[-75.7612,35.8889],[-75.7823,35.9196],[-75.7825,35.9334],[-75.8056,35.9461],[-75.8094,35.9593],[-75.8363,35.9705],[-75.8709,35.9786],[-75.9104,35.9736],[-75.9473,35.9598],[-75.9216,35.9359],[-75.9478,35.9204],[-75.9626,35.9014],[-75.9861,35.889],[-75.9805,35.8703],[-75.9881,35.8618],[-75.976,35.8385],[-75.9941,35.8125],[-75.9829,35.7726],[-75.9905,35.7421],[-76.0012,35.7253],[-75.9998,35.694],[-76.0188,35.6537],[-76.0328,35.6464],[-76.0476,35.6529],[-76.0364,35.6884],[-76.0549,35.7027],[-76.0609,35.7168],[-76.0483,35.7371],[-76.0559,35.7602],[-76.0505,35.8067],[-76.0635,35.824],[-76.0632,35.8534],[-76.046,35.8703],[-76.0402,35.8947],[-76.0128,35.9219],[-76.0205,35.9325],[-76.0152,35.9532],[-76.025,35.9698],[-76.0625,35.9908],[-76.1326,35.9894],[-76.1705,35.9945],[-76.2054,35.9876],[-76.2826,35.9675],[-76.3254,35.9386],[-76.3485,35.9423],[-76.3708,35.9344],[-76.3841,35.9715],[-76.3996,35.9821],[-76.4901,35.9598],[-76.5075,35.9498],[-76.5538,35.9402],[-76.5738,35.9424],[-76.6081,35.9367],[-76.6403,35.9367],[-76.6624,35.9321],[-76.7073,35.945],[-76.7266,35.9432],[-76.7195,35.964],[-76.6819,35.9896],[-76.686,36.0063],[-76.7038,36.0106],[-76.7056,36.0426],[-76.718,36.048],[-76.7309,36.0747],[-76.726,36.0962],[-76.7342,36.1039],[-76.7542,36.1475],[-76.7499,36.2114],[-76.7413,36.2292],[-76.725,36.2311],[-76.7218,36.2455],[-76.6978,36.2717],[-76.6722,36.272],[-76.6945,36.2373],[-76.7107,36.2233],[-76.7189,36.201],[-76.7214,36.1478],[-76.7107,36.1347],[-76.705,36.1099],[-76.6886,36.107],[-76.6919,36.0663],[-76.6765,36.0436],[-76.6522,36.0353],[-76.6356,36.0371],[-76.6163,36.0546],[-76.5804,36.0106],[-76.5141,36.0065],[-76.4915,36.0173],[-76.4603,36.0241],[-76.4561,36.0338],[-76.4042,36.0788],[-76.347,36.0888],[-76.3235,36.0849],[-76.3159,36.1009],[-76.3397,36.1091],[-76.3464,36.121],[-76.3717,36.1178],[-76.3963,36.1392],[-76.458,36.1853],[-76.4381,36.1918],[-76.3903,36.1625],[-76.3736,36.1382],[-76.3233,36.1349],[-76.3093,36.1249],[-76.2579,36.1064],[-76.2137,36.0961],[-76.2004,36.1089],[-76.2189,36.1182],[-76.236,36.1375],[-76.246,36.1587],[-76.2771,36.1807],[-76.2491,36.1849],[-76.2069,36.1375],[-76.1875,36.1255],[-76.1666,36.1237],[-76.0717,36.1402],[-76.0593,36.1493],[-76.0801,36.1994],[-76.1172,36.2135],[-76.1366,36.2525],[-76.1557,36.2645],[-76.1723,36.2634],[-76.1887,36.2813],[-76.193,36.2977],[-76.173,36.3015],[-76.1652,36.2922],[-76.1278,36.2853],[-76.1074,36.2722],[-76.1026,36.2588],[-76.0842,36.2482],[-76.0815,36.2379],[-76.0509,36.2313],[-76.0423,36.211],[-76.0262,36.202],[-76.017,36.1864],[-75.9952,36.1781],[-75.939,36.1655],[-75.9364,36.1809],[-75.956,36.1981],[-75.9454,36.2225],[-75.9646,36.2544],[-75.9498,36.2579],[-75.9223,36.2441],[-75.9107,36.2122],[-75.8767,36.1842],[-75.8629,36.1596],[-75.8669,36.1279],[-75.8478,36.102],[-75.7998,36.0726],[-75.7892,36.079],[-75.8023,36.0984],[-75.7989,36.1178],[-75.8225,36.146],[-75.8218,36.1636],[-75.8399,36.1771],[-75.8301,36.1968],[-75.8434,36.22],[-75.8587,36.2226],[-75.8643,36.2452],[-75.8572,36.2569],[-75.856,36.2825],[-75.8822,36.2847],[-75.8953,36.3196],[-75.9235,36.3678],[-75.9164,36.389],[-75.923,36.3999],[-75.9236,36.4258],[-75.9364,36.4231],[-75.9563,36.4008],[-75.972,36.4372],[-75.9899,36.4368],[-76.0123,36.4475],[-76.032,36.4825],[-76.0426,36.5106],[-76.0264,36.5165],[-76.0307,36.5388],[-76.0026,36.5371],[-75.9862,36.5257],[-75.981,36.5113],[-75.9898,36.4939],[-75.9355,36.4906],[-75.9273,36.4828],[-75.8999,36.4821],[-75.8883,36.4416],[-75.865,36.4378],[-75.8433,36.42],[-75.8497,36.4002],[-75.8477,36.3785],[-75.8289,36.3657],[-75.8231,36.3226],[-75.8459,36.3326],[-75.8518,36.3242],[-75.8337,36.2936],[-75.8131,36.2917],[-75.8039,36.2677],[-75.8109,36.2491],[-75.7856,36.217],[-75.7724,36.2175],[-75.7459,36.1441],[-75.7519,36.1224],[-75.7397,36.0753],[-75.7371,36.0408],[-75.7152,36.0483],[-75.7106,36.0257],[-75.7273,36.022],[-75.7276,36.0034],[-75.6969,35.9942],[-75.6823,35.9959],[-75.6671,35.9714],[-75.6445,35.9644],[-75.6154,35.9264],[-75.6122,35.9053],[-75.6229,35.8923],[-75.6022,35.8744],[-75.5889,35.8449],[-75.5631,35.7993],[-75.533,35.7874],[-75.5523,35.8222],[-75.5698,35.8633],[-75.6585,36.0204],[-75.6967,36.0775],[-75.7183,36.1137],[-75.7725,36.2294],[-75.7964,36.2904],[-75.8187,36.3576],[-75.835,36.4227],[-75.8569,36.5002],[-75.8741,36.5839],[-75.8909,36.6308],[-75.9217,36.6921],[-75.9496,36.7612],[-75.9722,36.8423],[-75.9963,36.922],[-76.0076,36.929],[-76.0416,36.9299],[-76.0582,36.9169],[-76.0905,36.9078],[-76.1396,36.923],[-76.2217,36.9395],[-76.2679,36.9645],[-76.2966,36.969],[-76.3302,36.9421],[-76.3217,36.8858],[-76.3494,36.8952],[-76.3545,36.9228],[-76.3859,36.9232],[-76.3876,36.8995],[-76.4075,36.8974],[-76.4474,36.9032],[-76.4547,36.8841],[-76.4916,36.8811],[-76.4802,36.9143],[-76.4998,36.9294],[-76.4855,36.9386],[-76.4865,36.9565],[-76.5134,36.9681],[-76.5249,36.9838],[-76.5629,37.0038],[-76.5865,37.0287],[-76.6121,37.0356],[-76.646,37.0362],[-76.6591,37.0424],[-76.6699,37.0599],[-76.6581,37.0968],[-76.6574,37.1121],[-76.6716,37.1421],[-76.6638,37.1739],[-76.6866,37.1973],[-76.7153,37.148],[-76.7476,37.1505],[-76.7619,37.1681],[-76.7827,37.1782],[-76.8025,37.1983],[-76.8185,37.2053],[-76.8657,37.209],[-76.9025,37.1998],[-76.9471,37.228],[-76.9404,37.2377],[-76.9178,37.2343],[-76.8974,37.2505],[-76.8722,37.2627],[-76.8695,37.2422],[-76.8222,37.2436],[-76.7935,37.2312],[-76.7805,37.2093],[-76.7578,37.1917],[-76.743,37.1926],[-76.7315,37.2122],[-76.693,37.2237],[-76.6499,37.2209],[-76.6193,37.1921],[-76.6063,37.1576],[-76.6223,37.1421],[-76.6183,37.1193],[-76.5983,37.1114],[-76.5671,37.0838],[-76.5431,37.0891],[-76.5266,37.0785],[-76.5263,37.0629],[-76.4645,37.0275],[-76.4482,37.0077],[-76.4521,36.9982],[-76.4253,36.9664],[-76.411,36.963],[-76.3964,36.9823],[-76.3775,36.997],[-76.3481,37.0067],[-76.3407,37.0152],[-76.3043,37.0014],[-76.2714,37.0876],[-76.2799,37.1012],[-76.3018,37.1141],[-76.2951,37.1248],[-76.3111,37.1385],[-76.3325,37.1445],[-76.3434,37.1632],[-76.3597,37.1686],[-76.3814,37.1557],[-76.4123,37.1615],[-76.394,37.1745],[-76.3908,37.193],[-76.4021,37.2065],[-76.3869,37.2261],[-76.4718,37.216],[-76.494,37.2254],[-76.509,37.2395],[-76.4828,37.2548],[-76.4646,37.2499],[-76.4172,37.2651],[-76.3901,37.2635],[-76.3624,37.2686],[-76.3821,37.2928],[-76.3969,37.303],[-76.4386,37.3138],[-76.4163,37.3293],[-76.4209,37.3434],[-76.4441,37.3665],[-76.4673,37.3667],[-76.4672,37.3798],[-76.4287,37.3815],[-76.4145,37.3684],[-76.4161,37.4093],[-76.3969,37.402],[-76.3853,37.3843],[-76.3486,37.3715],[-76.3086,37.3294],[-76.2746,37.3134],[-76.2747,37.3496],[-76.2477,37.3788],[-76.2561,37.4526],[-76.2807,37.4658],[-76.2812,37.4855],[-76.271,37.4896],[-76.2882,37.5141],[-76.3155,37.4888],[-76.3362,37.5044],[-76.3594,37.5134],[-76.3616,37.5347],[-76.3119,37.5464],[-76.3128,37.5625],[-76.3326,37.57],[-76.3832,37.5731],[-76.4279,37.5877],[-76.4308,37.6111],[-76.4565,37.6132],[-76.5272,37.6113],[-76.5493,37.6214],[-76.5897,37.6658],[-76.5794,37.6733],[-76.5964,37.6997],[-76.5972,37.7173],[-76.6192,37.7309],[-76.6197,37.7448],[-76.677,37.7561],[-76.6805,37.7801],[-76.7155,37.7859],[-76.7343,37.7987],[-76.764,37.8353],[-76.771,37.8548],[-76.7828,37.8632],[-76.7946,37.8952],[-76.822,37.9025],[-76.8326,37.9162],[-76.8474,37.9165],[-76.8807,37.9511],[-76.8774,37.9705],[-76.916,37.9736],[-76.9274,37.9818],[-76.9183,37.999],[-76.9003,37.9987],[-76.8921,37.9863],[-76.8712,37.9859],[-76.8516,37.9732],[-76.8501,37.9512],[-76.8328,37.9317],[-76.7985,37.9252],[-76.7688,37.8991],[-76.7657,37.8793],[-76.7476,37.8759],[-76.7412,37.8553],[-76.7016,37.8227],[-76.6802,37.8257],[-76.6583,37.8068],[-76.627,37.8004],[-76.619,37.7836],[-76.5858,37.7716],[-76.5696,37.7344],[-76.542,37.708],[-76.5353,37.6875],[-76.5342,37.6609],[-76.5015,37.6438],[-76.4831,37.675],[-76.4871,37.6854],[-76.4687,37.6957],[-76.4543,37.6772],[-76.4699,37.6702],[-76.4521,37.6488],[-76.4019,37.6274],[-76.3811,37.627],[-76.3623,37.6104],[-76.3546,37.6204],[-76.3127,37.6248],[-76.2922,37.615],[-76.2925,37.6361],[-76.3129,37.6422],[-76.3318,37.6298],[-76.3399,37.656],[-76.3251,37.6749],[-76.3344,37.6845],[-76.3024,37.6909],[-76.3032,37.7023],[-76.3203,37.7199],[-76.3203,37.7378],[-76.3086,37.7406],[-76.3098,37.775],[-76.3165,37.7928],[-76.3076,37.8002],[-76.3066,37.8219],[-76.2661,37.8174],[-76.2505,37.835],[-76.2496,37.8519],[-76.237,37.8905],[-76.266,37.9114],[-76.3438,37.9473],[-76.4163,37.9668],[-76.4405,37.9843],[-76.461,37.9869],[-76.4795,38.0152],[-76.5147,38.0261],[-76.5366,38.0209],[-76.5551,38.0246],[-76.5505,38.0406],[-76.5208,38.046],[-76.5354,38.0736],[-76.5795,38.0949],[-76.6009,38.1101],[-76.6116,38.1482],[-76.6434,38.1483],[-76.6326,38.1273],[-76.6397,38.122],[-76.6651,38.1476],[-76.6897,38.1601],[-76.7286,38.1317],[-76.7383,38.1477],[-76.7602,38.1666],[-76.7999,38.1689],[-76.8388,38.1635],[-76.8753,38.1722],[-76.9108,38.1971],[-76.9371,38.2024],[-76.9623,38.2141],[-76.9673,38.2272],[-76.957,38.2368],[-76.9622,38.2565],[-76.9814,38.2742],[-77.0019,38.2817],[-77.0307,38.3116],[-77.0149,38.3328],[-77.0185,38.3819],[-77.0415,38.4002],[-77.0534,38.3988],[-77.0848,38.3683],[-77.1382,38.3679],[-77.1627,38.346],[-77.2045,38.3404],[-77.2401,38.331],[-77.2796,38.3394],[-77.2961,38.3698],[-77.3173,38.3836],[-77.3107,38.3977],[-77.3263,38.4436],[-77.3226,38.4671],[-77.3084,38.4966],[-77.2828,38.5263],[-77.2766,38.5471],[-77.257,38.5612],[-77.2653,38.5803],[-77.2451,38.6207],[-77.2467,38.6352],[-77.2239,38.646],[-77.202,38.6177],[-77.1689,38.6255],[-77.1581,38.6369],[-77.1302,38.635],[-77.1157,38.6235],[-77.1487,38.6056],[-77.1697,38.6069],[-77.2211,38.5552],[-77.2377,38.5519],[-77.2636,38.5124],[-77.2742,38.4818],[-77.2567,38.4305],[-77.2651,38.4135],[-77.2502,38.3828],[-77.2073,38.3599],[-77.1795,38.3685],[-77.1367,38.3918],[-77.1233,38.4107],[-77.0911,38.4076],[-77.0755,38.4247],[-77.0406,38.4446],[-77.0164,38.4456],[-76.9883,38.395],[-76.9836,38.363],[-76.9672,38.3416],[-76.9303,38.3231],[-76.9222,38.3113],[-76.9249,38.2907],[-76.9074,38.2885],[-76.8643,38.269],[-76.8471,38.2562],[-76.8348,38.274],[-76.8516,38.316],[-76.8699,38.3318],[-76.8561,38.3586],[-76.8271,38.3474],[-76.8351,38.3339],[-76.8254,38.303],[-76.8022,38.2767],[-76.8052,38.2537],[-76.7778,38.2429],[-76.7786,38.2285],[-76.7523,38.2221],[-76.7321,38.246],[-76.7199,38.2332],[-76.699,38.2407],[-76.6473,38.2251],[-76.6325,38.2257],[-76.5906,38.2142],[-76.553,38.1872],[-76.5404,38.153],[-76.5021,38.1389],[-76.481,38.1159],[-76.4698,38.1193],[-76.4612,38.1393],[-76.4697,38.1534],[-76.4389,38.1608],[-76.4376,38.1361],[-76.4212,38.106],[-76.3923,38.1029],[-76.3528,38.0532],[-76.3218,38.0497],[-76.3298,38.0724],[-76.3319,38.0996],[-76.3408,38.1164],[-76.3201,38.1383],[-76.3852,38.2178],[-76.3993,38.2593],[-76.3942,38.2782],[-76.375,38.2994],[-76.3957,38.3086],[-76.4227,38.3048],[-76.4293,38.2944],[-76.4592,38.2944],[-76.4763,38.3136],[-76.4682,38.3289],[-76.4514,38.3232],[-76.4192,38.3229],[-76.387,38.3613],[-76.3909,38.3751],[-76.3819,38.3864],[-76.4025,38.3944],[-76.4154,38.4147],[-76.4927,38.4829],[-76.5157,38.529],[-76.5163,38.5902],[-76.5113,38.6158],[-76.5246,38.646],[-76.5324,38.6784],[-76.5262,38.7243],[-76.5445,38.7277],[-76.5575,38.7447],[-76.5599,38.7674],[-76.5394,38.7747],[-76.5247,38.795],[-76.4979,38.8148],[-76.4899,38.8387],[-76.5149,38.8522],[-76.5365,38.8518],[-76.4907,38.8848],[-76.4945,38.9093],[-76.4895,38.9274],[-76.4695,38.9115],[-76.4503,38.9411],[-76.4713,38.9565],[-76.4762,38.9815],[-76.4505,38.9776],[-76.4466,38.9949],[-76.414,39.0014],[-76.3945,39.0127],[-76.4051,39.0332],[-76.4389,39.0528],[-76.4219,39.077],[-76.4331,39.1112],[-76.431,39.1321],[-76.4715,39.1547],[-76.4886,39.1574],[-76.5258,39.1779],[-76.5334,39.1904],[-76.5324,39.21],[-76.5645,39.2246],[-76.5656,39.2412],[-76.5865,39.2613],[-76.5527,39.2575],[-76.5332,39.2393],[-76.4974,39.2269],[-76.4957,39.2019],[-76.4635,39.2059],[-76.4468,39.2183],[-76.4365,39.2022],[-76.4177,39.2198],[-76.4157,39.2478],[-76.3954,39.2668],[-76.3933,39.2863],[-76.3644,39.3118],[-76.3441,39.3108],[-76.3334,39.3241],[-76.3571,39.3941],[-76.3114,39.3885],[-76.3025,39.3773],[-76.3094,39.3542],[-76.2957,39.35],[-76.2988,39.3292],[-76.2896,39.3172],[-76.2571,39.3379],[-76.2655,39.3592],[-76.2777,39.3715],[-76.2548,39.4119],[-76.2474,39.435],[-76.2246,39.4257],[-76.2427,39.4075],[-76.2527,39.37],[-76.2338,39.352],[-76.1969,39.3679],[-76.1588,39.4063],[-76.1464,39.4053],[-76.0893,39.4451],[-76.0812,39.4367],[-76.06,39.4499],[-76.072,39.4751],[-76.0983,39.4761],[-76.1231,39.4889],[-76.0961,39.5369],[-76.0369,39.5529],[-76.0064,39.5462],[-75.9997,39.5605],[-75.973,39.5705],[-75.9648,39.5865],[-75.9486,39.5798],[-75.9703,39.5576],[-75.9623,39.5361],[-75.9805,39.5291],[-75.9994,39.466],[-75.9666,39.4628],[-75.9826,39.4353],[-75.9974,39.4303],[-76.0069,39.4145],[-76.0331,39.4032],[-76.0308,39.3855],[-75.9951,39.3847],[-75.9932,39.372],[-76.023,39.3619],[-76.0623,39.372],[-76.1105,39.3723],[-76.1323,39.3527],[-76.1335,39.3329],[-76.1597,39.3359],[-76.1856,39.3193],[-76.1791,39.3001],[-76.2225,39.2578],[-76.251,39.1992],[-76.2746,39.1655],[-76.2761,39.1462],[-76.2449,39.1307],[-76.2473,39.1187],[-76.2318,39.0828],[-76.2304,39.0457],[-76.2427,39.0289],[-76.2098,39.0088],[-76.2015,39.0135],[-76.2126,39.0412],[-76.2117,39.0697],[-76.2034,39.0856],[-76.1839,39.0964],[-76.1452,39.0928],[-76.159,39.0655],[-76.1753,39.0588],[-76.1783,39.0317],[-76.1636,39.0101],[-76.164,38.9995],[-76.2024,38.9731],[-76.2386,38.9735],[-76.2441,38.9807],[-76.2775,38.9825],[-76.294,39.004],[-76.2975,39.0193],[-76.3203,39.023],[-76.3245,38.9957],[-76.3538,38.9572],[-76.3617,38.9392],[-76.3657,38.9075],[-76.3647,38.8738],[-76.3747,38.8553],[-76.3635,38.85],[-76.331,38.8643],[-76.3403,38.9118],[-76.3166,38.923],[-76.3028,38.922],[-76.2731,38.9419],[-76.2511,38.9402],[-76.2086,38.944],[-76.2037,38.8959],[-76.1968,38.8951],[-76.2061,38.853],[-76.1911,38.8297],[-76.2003,38.803],[-76.1802,38.777],[-76.1626,38.7669],[-76.1705,38.7537],[-76.2164,38.7867],[-76.2115,38.8055],[-76.2294,38.8214],[-76.2421,38.8174],[-76.2658,38.8475],[-76.2978,38.8283],[-76.3089,38.8134],[-76.3101,38.7969],[-76.3346,38.7729],[-76.3425,38.749],[-76.3385,38.7223],[-76.3465,38.6921],[-76.3401,38.676],[-76.3219,38.6895],[-76.334,38.7031],[-76.3128,38.7458],[-76.2987,38.7497],[-76.296,38.7242],[-76.2703,38.7244],[-76.2551,38.7365],[-76.2426,38.7598],[-76.2055,38.7392],[-76.2154,38.7285],[-76.2382,38.7369],[-76.2387,38.7129],[-76.2128,38.6819],[-76.1773,38.676],[-76.1556,38.6581],[-76.1472,38.6368],[-76.1347,38.6389],[-76.1134,38.6213],[-76.0885,38.6259],[-76.0803,38.6147],[-76.0534,38.6038],[-76.0529,38.5941],[-76.0316,38.5813],[-76.0265,38.5668],[-76.0432,38.5621],[-76.0865,38.5859],[-76.1143,38.583],[-76.1413,38.606],[-76.1526,38.5958],[-76.1686,38.6022],[-76.1644,38.6149],[-76.1766,38.6277],[-76.2031,38.6107],[-76.2382,38.6167],[-76.2385,38.6274],[-76.2789,38.6115],[-76.2662,38.5861],[-76.29,38.5692],[-76.2674,38.5426],[-76.2202,38.5319],[-76.2473,38.5238],[-76.2654,38.4975],[-76.2997,38.5013],[-76.3235,38.4932],[-76.3335,38.4821],[-76.3216,38.4619],[-76.3059,38.4482],[-76.2828,38.4158],[-76.2781,38.3824],[-76.2497,38.3642],[-76.2329,38.3452],[-76.2296,38.3144],[-76.2065,38.2984],[-76.1905,38.2771],[-76.1857,38.264],[-76.1717,38.2479],[-76.1406,38.2318],[-76.1266,38.243],[-76.1632,38.2489],[-76.181,38.2706],[-76.1778,38.2905],[-76.2011,38.2916],[-76.2061,38.3003],[-76.222,38.3136],[-76.2119,38.3381],[-76.2339,38.3653],[-76.2138,38.3783],[-76.1824,38.3596],[-76.1618,38.3304],[-76.1644,38.3158],[-76.1339,38.3097],[-76.1499,38.2847],[-76.1271,38.2834],[-76.1147,38.3007],[-76.0951,38.2787],[-76.0777,38.2674],[-76.0784,38.2554],[-76.0582,38.2284],[-76.0441,38.2417],[-76.027,38.2814],[-76.0502,38.3041],[-76.0456,38.3183],[-76.0172,38.3329],[-76.0103,38.3636],[-75.993,38.3696],[-75.9739,38.3659],[-75.962,38.3434],[-75.9653,38.3225],[-75.9813,38.3152],[-76.0086,38.3123],[-76.0019,38.2953],[-75.9811,38.2686],[-75.9492,38.2375],[-75.9549,38.264],[-75.9402,38.2709],[-75.9409,38.294],[-75.9273,38.3214],[-75.9136,38.3271],[-75.9122,38.3432],[-75.8493,38.365],[-75.8563,38.3495],[-75.8825,38.3291],[-75.8996,38.3011],[-75.9014,38.286],[-75.917,38.2633],[-75.8957,38.2286],[-75.8834,38.2445],[-75.8516,38.248],[-75.8456,38.2573],[-75.8234,38.2528],[-75.8569,38.2359],[-75.8187,38.2261],[-75.8288,38.216],[-75.8641,38.2009],[-75.8881,38.2038],[-75.9424,38.1871],[-75.9596,38.1371],[-75.9371,38.1242],[-75.9048,38.1423],[-75.8808,38.148],[-75.8595,38.1405],[-75.8365,38.1506],[-75.8081,38.1405],[-75.8383,38.1262],[-75.8376,38.1138],[-75.8558,38.1047],[-75.8756,38.0802],[-75.871,38.0592],[-75.8443,38.0723],[-75.8006,38.0619],[-75.8056,38.0529],[-75.8435,38.0275],[-75.8575,38.0388],[-75.8855,37.9961],[-75.8901,37.977],[-75.8679,37.9775],[-75.8612,37.9554],[-75.8899,37.9537],[-75.8927,37.9169],[-75.8607,37.9183],[-75.8332,37.9308],[-75.8186,37.9464],[-75.7838,37.9726],[-75.754,37.9758],[-75.7365,37.9632],[-75.7152,37.9782],[-75.6904,37.9669],[-75.6581,37.9595],[-75.6413,37.9632],[-75.643,37.9363],[-75.6787,37.9427],[-75.6939,37.9304],[-75.7193,37.9345],[-75.7435,37.9121],[-75.7205,37.9019],[-75.6969,37.9018],[-75.6789,37.8883],[-75.6893,37.8595],[-75.6723,37.8509],[-75.6892,37.8364],[-75.7029,37.8497],[-75.7195,37.8206],[-75.7189,37.7933],[-75.7442,37.786],[-75.7706,37.8046],[-75.7934,37.8045],[-75.8164,37.7893],[-75.8043,37.7814],[-75.7873,37.7571],[-75.8122,37.7495],[-75.8297,37.735],[-75.8095,37.7175],[-75.8359,37.7098],[-75.8523,37.6854],[-75.8459,37.6698],[-75.8685,37.6682],[-75.8905,37.6495],[-75.882,37.6072],[-75.8976,37.6078],[-75.9096,37.6227],[-75.9412,37.5638],[-75.9323,37.5506],[-75.95,37.5219],[-75.9635,37.4754],[-75.9585,37.4695],[-75.9796,37.4383],[-75.9831,37.4158],[-75.9675,37.3998],[-76.0006,37.3469],[-76.0122,37.3338],[-76.0216,37.3005],[-76.013,37.2794],[-76.0258,37.2574],[-76.0098,37.2341],[-76.0131,37.206],[-75.9765,37.1544],[-75.9693,37.1242],[-75.981,37.0956],[-75.9606,37.0831],[-75.9413,37.0985],[-75.962,37.1076],[-75.9657,37.1181],[-75.9278,37.1303],[-75.8973,37.118],[-75.8564,37.1585],[-75.832,37.175],[-75.8174,37.1934],[-75.8199,37.2125],[-75.807,37.2195],[-75.7952,37.2471],[-75.7984,37.2963],[-75.7788,37.2972],[-75.7572,37.314],[-75.7323,37.3445],[-75.7273,37.3603],[-75.6753,37.4317],[-75.6592,37.4466],[-75.6609,37.463],[-75.684,37.4632],[-75.6911,37.4736],[-75.6696,37.4844],[-75.6001,37.5713],[-75.6129,37.5773],[-75.6145,37.6093],[-75.5993,37.6369],[-75.5871,37.6897],[-75.5784,37.6961],[-75.563,37.7365],[-75.5519,37.7481],[-75.5268,37.7887],[-75.4893,37.8325],[-75.4527,37.8635],[-75.4253,37.8701],[-75.4117,37.8968],[-75.3525,37.8897],[-75.3499,37.8773],[-75.2983,37.9568],[-75.2423,38.0272],[-75.3988,38.0133],[-75.6243,37.9942],[-75.6338,37.9845]],[[-77.458,39.2257],[-77.4581,39.2261],[-77.4868,39.2476],[-77.5432,39.2669],[-77.5443,39.2697],[-77.5432,39.2669],[-77.4868,39.2476],[-77.4581,39.2261],[-77.458,39.2257]]],[[[-78.7025,36.6764],[-78.6776,36.6883],[-78.6535,36.6908],[-78.6236,36.6666],[-78.5949,36.6529],[-78.5788,36.6385],[-78.5607,36.6394],[-78.5499,36.6291],[-78.5607,36.6394],[-78.5788,36.6385],[-78.5949,36.6529],[-78.6236,36.6666],[-78.6536,36.6909],[-78.6776,36.6883],[-78.7025,36.6764]]],[[[-77.7619,38.4411],[-77.7605,38.4462],[-77.7612,38.4486],[-77.761,38.4576],[-77.7612,38.4486],[-77.7605,38.4462],[-77.7619,38.4411]]],[[[-77.2446,38.9825],[-77.2215,38.9713],[-77.1975,38.9668],[-77.1466,38.9642],[-77.1034,38.9129],[-77.0937,38.9059],[-77.0673,38.8992],[-77.0491,38.8707],[-77.0463,38.8713],[-77.0454,38.8752],[-77.0406,38.8712],[-77.0391,38.8681],[-77.0389,38.8658],[-77.0393,38.8643],[-77.034,38.8571],[-77.0318,38.8509],[-77.0317,38.8505],[-77.0392,38.8322],[-77.039,38.7917],[-77.0014,38.8215],[-77,38.8219],[-76.9991,38.8227],[-76.9985,38.8232],[-76.9927,38.8282],[-76.9795,38.8378],[-76.9537,38.8585],[-76.9499,38.8612],[-76.9497,38.8613],[-76.9338,38.8738],[-76.9337,38.8738],[-76.9299,38.8768],[-76.924,38.8814],[-76.924,38.8815],[-76.921,38.8838],[-76.9108,38.8917],[-76.9094,38.8928],[-76.9105,38.8937],[-76.911,38.8941],[-76.9129,38.8956],[-76.9134,38.896],[-76.9199,38.9012],[-76.9235,38.904],[-76.9235,38.9041],[-76.9276,38.9073],[-76.9313,38.9103],[-76.9316,38.9106],[-76.9317,38.9106],[-76.9351,38.9133],[-77.0026,38.9655],[-77.0078,38.9697],[-77.0086,38.9703],[-77.0156,38.9759],[-77.0337,38.9897],[-77.0363,38.9917],[-77.041,38.9951],[-77.0424,38.9941],[-77.0465,38.991],[-77.0517,38.9871],[-77.0522,38.9867],[-77.0529,38.9861],[-77.0543,38.9851],[-77.069,38.9739],[-77.0822,38.9636],[-77.0914,38.9566],[-77.0915,38.9565],[-77.0981,38.9511],[-77.1005,38.9491],[-77.1007,38.9489],[-77.1045,38.9464],[-77.1125,38.9401],[-77.1198,38.9343],[-77.1466,38.9642],[-77.1975,38.9668],[-77.2215,38.9713],[-77.2446,38.9825],[-77.2447,38.9827],[-77.2476,38.99],[-77.2483,38.9923],[-77.253,38.9957],[-77.2483,38.9923],[-77.2476,38.99],[-77.2447,38.9827],[-77.2446,38.9825]]],[[[-78.0642,38.9254],[-78.0646,38.9271],[-78.0416,38.9381],[-78.0172,38.9661],[-78.0175,38.9692],[-77.9905,38.9944],[-77.9907,38.9955],[-77.9412,39.0235],[-77.8933,39.0554],[-77.8776,39.078],[-77.8628,39.081],[-77.8438,39.1197],[-77.8222,39.1426],[-77.8227,39.1443],[-77.8044,39.178],[-77.8045,39.1786],[-77.8044,39.178],[-77.8227,39.1443],[-77.8222,39.1426],[-77.8438,39.1198],[-77.8628,39.081],[-77.8776,39.078],[-77.8933,39.0554],[-77.9412,39.0235],[-77.9907,38.9955],[-77.9905,38.9944],[-78.0175,38.9692],[-78.0172,38.9661],[-78.0416,38.9381],[-78.0646,38.9271],[-78.0642,38.9254]]]]}}]}